seed,model,kernel,pca_components,C,gamma,inner_fold,n_inner_train,n_inner_validation,inner_accuracy,inner_precision,inner_recall,inner_f1,inner_roc_auc
42,Linear SVM — PCA 2,linear,2,0.01,none,1,364,91,0.9010989010989011,0.9629629629629629,0.7647058823529411,0.8524590163934426,0.9798761609907121
42,Linear SVM — PCA 2,linear,2,0.1,none,1,364,91,0.9340659340659341,0.9375,0.8823529411764706,0.9090909090909091,0.979360165118679
42,Linear SVM — PCA 2,linear,2,1.0,none,1,364,91,0.9010989010989011,0.9310344827586207,0.7941176470588235,0.8571428571428571,0.9798761609907121
42,Linear SVM — PCA 2,linear,2,10.0,none,1,364,91,0.9120879120879121,0.9642857142857143,0.7941176470588235,0.8709677419354839,0.9798761609907121
42,Linear SVM — PCA 2,linear,2,100.0,none,1,364,91,0.9120879120879121,0.9642857142857143,0.7941176470588235,0.8709677419354839,0.9798761609907121
42,Linear SVM — PCA 2,linear,2,0.01,none,2,364,91,0.9560439560439561,0.96875,0.9117647058823529,0.9393939393939394,0.9922600619195047
42,Linear SVM — PCA 2,linear,2,0.1,none,2,364,91,0.967032967032967,0.918918918918919,1.0,0.9577464788732394,0.9938080495356038
42,Linear SVM — PCA 2,linear,2,1.0,none,2,364,91,0.9560439560439561,0.8947368421052632,1.0,0.9444444444444444,0.9989680082559339
42,Linear SVM — PCA 2,linear,2,10.0,none,2,364,91,0.9560439560439561,0.8947368421052632,1.0,0.9444444444444444,0.9989680082559339
42,Linear SVM — PCA 2,linear,2,100.0,none,2,364,91,0.9560439560439561,0.8947368421052632,1.0,0.9444444444444444,0.9989680082559339
42,Linear SVM — PCA 2,linear,2,0.01,none,3,364,91,0.9120879120879121,0.90625,0.8529411764705882,0.8787878787878788,0.9834881320949431
42,Linear SVM — PCA 2,linear,2,0.1,none,3,364,91,0.945054945054945,0.9142857142857143,0.9411764705882353,0.927536231884058,0.9840041279669762
42,Linear SVM — PCA 2,linear,2,1.0,none,3,364,91,0.945054945054945,0.9142857142857143,0.9411764705882353,0.927536231884058,0.9845201238390093
42,Linear SVM — PCA 2,linear,2,10.0,none,3,364,91,0.945054945054945,0.9142857142857143,0.9411764705882353,0.927536231884058,0.9845201238390093
42,Linear SVM — PCA 2,linear,2,100.0,none,3,364,91,0.945054945054945,0.9142857142857143,0.9411764705882353,0.927536231884058,0.9845201238390093
42,Linear SVM — PCA 2,linear,2,0.01,none,4,364,91,0.967032967032967,1.0,0.9117647058823529,0.9538461538461539,0.9922600619195048
42,Linear SVM — PCA 2,linear,2,0.1,none,4,364,91,0.978021978021978,1.0,0.9411764705882353,0.9696969696969697,0.9922600619195048
42,Linear SVM — PCA 2,linear,2,1.0,none,4,364,91,0.978021978021978,1.0,0.9411764705882353,0.9696969696969697,0.9917440660474717
42,Linear SVM — PCA 2,linear,2,10.0,none,4,364,91,0.978021978021978,1.0,0.9411764705882353,0.9696969696969697,0.9917440660474717
42,Linear SVM — PCA 2,linear,2,100.0,none,4,364,91,0.978021978021978,1.0,0.9411764705882353,0.9696969696969697,0.9917440660474717
42,Linear SVM — PCA 2,linear,2,0.01,none,5,364,91,0.945054945054945,0.9393939393939394,0.9117647058823529,0.9253731343283582,0.9932920536635707
42,Linear SVM — PCA 2,linear,2,0.1,none,5,364,91,0.9560439560439561,0.9411764705882353,0.9411764705882353,0.9411764705882353,0.9932920536635707
42,Linear SVM — PCA 2,linear,2,1.0,none,5,364,91,0.9560439560439561,0.9411764705882353,0.9411764705882353,0.9411764705882353,0.9932920536635707
42,Linear SVM — PCA 2,linear,2,10.0,none,5,364,91,0.9560439560439561,0.9411764705882353,0.9411764705882353,0.9411764705882353,0.9932920536635707
42,Linear SVM — PCA 2,linear,2,100.0,none,5,364,91,0.9560439560439561,0.9411764705882353,0.9411764705882353,0.9411764705882353,0.9932920536635707
42,RBF SVM — PCA 2,rbf,2,0.01,scale,1,364,91,0.7692307692307693,1.0,0.38235294117647056,0.5531914893617021,0.9613003095975231
42,RBF SVM — PCA 2,rbf,2,0.01,auto,1,364,91,0.6263736263736264,0.0,0.0,0.0,0.9540763673890609
42,RBF SVM — PCA 2,rbf,2,0.01,0.01,1,364,91,0.6263736263736264,0.0,0.0,0.0,0.9654282765737875
42,RBF SVM — PCA 2,rbf,2,0.01,0.1,1,364,91,0.6593406593406593,1.0,0.08823529411764706,0.16216216216216217,0.9613003095975232
42,RBF SVM — PCA 2,rbf,2,0.01,1.0,1,364,91,0.6263736263736264,0.0,0.0,0.0,0.9504643962848297
42,RBF SVM — PCA 2,rbf,2,0.1,scale,1,364,91,0.9010989010989011,0.9032258064516129,0.8235294117647058,0.8615384615384616,0.9680082559339526
42,RBF SVM — PCA 2,rbf,2,0.1,auto,1,364,91,0.9230769230769231,0.8857142857142857,0.9117647058823529,0.8985507246376812,0.9576883384932923
42,RBF SVM — PCA 2,rbf,2,0.1,0.01,1,364,91,0.8791208791208791,0.896551724137931,0.7647058823529411,0.8253968253968254,0.9700722394220846
42,RBF SVM — PCA 2,rbf,2,0.1,0.1,1,364,91,0.9010989010989011,0.9032258064516129,0.8235294117647058,0.8615384615384616,0.9638802889576883
42,RBF SVM — PCA 2,rbf,2,0.1,1.0,1,364,91,0.9230769230769231,0.9090909090909091,0.8823529411764706,0.8955223880597015,0.9530443756449949
42,RBF SVM — PCA 2,rbf,2,1.0,scale,1,364,91,0.8901098901098901,0.9,0.7941176470588235,0.84375,0.9695562435500515
42,RBF SVM — PCA 2,rbf,2,1.0,auto,1,364,91,0.9120879120879121,0.90625,0.8529411764705882,0.8787878787878788,0.9329205366357068
42,RBF SVM — PCA 2,rbf,2,1.0,0.01,1,364,91,0.8901098901098901,0.9,0.7941176470588235,0.84375,0.9762641898864809
42,RBF SVM — PCA 2,rbf,2,1.0,0.1,1,364,91,0.8901098901098901,0.9,0.7941176470588235,0.84375,0.9643962848297215
42,RBF SVM — PCA 2,rbf,2,1.0,1.0,1,364,91,0.9120879120879121,0.90625,0.8529411764705882,0.8787878787878788,0.9293085655314758
42,RBF SVM — PCA 2,rbf,2,10.0,scale,1,364,91,0.9010989010989011,0.9032258064516129,0.8235294117647058,0.8615384615384616,0.9654282765737875
42,RBF SVM — PCA 2,rbf,2,10.0,auto,1,364,91,0.9010989010989011,0.8787878787878788,0.8529411764705882,0.8656716417910447,0.9396284829721362
42,RBF SVM — PCA 2,rbf,2,10.0,0.01,1,364,91,0.8901098901098901,0.9,0.7941176470588235,0.84375,0.9747162022703818
42,RBF SVM — PCA 2,rbf,2,10.0,0.1,1,364,91,0.9230769230769231,0.9090909090909091,0.8823529411764706,0.8955223880597015,0.958720330237358
42,RBF SVM — PCA 2,rbf,2,10.0,1.0,1,364,91,0.8901098901098901,0.875,0.8235294117647058,0.8484848484848485,0.9241486068111454
42,RBF SVM — PCA 2,rbf,2,100.0,scale,1,364,91,0.9340659340659341,0.9375,0.8823529411764706,0.9090909090909091,0.9695562435500517
42,RBF SVM — PCA 2,rbf,2,100.0,auto,1,364,91,0.9120879120879121,0.8823529411764706,0.8823529411764706,0.8823529411764706,0.9272445820433438
42,RBF SVM — PCA 2,rbf,2,100.0,0.01,1,364,91,0.8901098901098901,0.9,0.7941176470588235,0.84375,0.9731682146542827
42,RBF SVM — PCA 2,rbf,2,100.0,0.1,1,364,91,0.9120879120879121,0.90625,0.8529411764705882,0.8787878787878788,0.9566563467492261
42,RBF SVM — PCA 2,rbf,2,100.0,1.0,1,364,91,0.9010989010989011,0.8787878787878788,0.8529411764705882,0.8656716417910447,0.9143446852425181
42,RBF SVM — PCA 2,rbf,2,0.01,scale,2,364,91,0.7472527472527473,1.0,0.3235294117647059,0.4888888888888889,0.9912280701754386
42,RBF SVM — PCA 2,rbf,2,0.01,auto,2,364,91,0.6263736263736264,0.0,0.0,0.0,0.9948400412796699
42,RBF SVM — PCA 2,rbf,2,0.01,0.01,2,364,91,0.6263736263736264,0.0,0.0,0.0,0.9871001031991744
42,RBF SVM — PCA 2,rbf,2,0.01,0.1,2,364,91,0.6263736263736264,0.0,0.0,0.0,0.9922600619195047
42,RBF SVM — PCA 2,rbf,2,0.01,1.0,2,364,91,0.6263736263736264,0.0,0.0,0.0,0.9912280701754387
42,RBF SVM — PCA 2,rbf,2,0.1,scale,2,364,91,0.9560439560439561,0.9411764705882353,0.9411764705882353,0.9411764705882353,0.9927760577915377
42,RBF SVM — PCA 2,rbf,2,0.1,auto,2,364,91,0.9560439560439561,0.8947368421052632,1.0,0.9444444444444444,0.9948400412796697
42,RBF SVM — PCA 2,rbf,2,0.1,0.01,2,364,91,0.9340659340659341,0.9666666666666667,0.8529411764705882,0.90625,0.9907120743034056
42,RBF SVM — PCA 2,rbf,2,0.1,0.1,2,364,91,0.945054945054945,0.9142857142857143,0.9411764705882353,0.927536231884058,0.9943240454076367
42,RBF SVM — PCA 2,rbf,2,0.1,1.0,2,364,91,0.9560439560439561,0.8947368421052632,1.0,0.9444444444444444,0.9912280701754387
42,RBF SVM — PCA 2,rbf,2,1.0,scale,2,364,91,0.9230769230769231,0.8648648648648649,0.9411764705882353,0.9014084507042254,0.9922600619195046
42,RBF SVM — PCA 2,rbf,2,1.0,auto,2,364,91,0.9560439560439561,0.8947368421052632,1.0,0.9444444444444444,0.9979360165118679
42,RBF SVM — PCA 2,rbf,2,1.0,0.01,2,364,91,0.9560439560439561,0.9411764705882353,0.9411764705882353,0.9411764705882353,0.9953560371517027
42,RBF SVM — PCA 2,rbf,2,1.0,0.1,2,364,91,0.9230769230769231,0.8648648648648649,0.9411764705882353,0.9014084507042254,0.9927760577915377
42,RBF SVM — PCA 2,rbf,2,1.0,1.0,2,364,91,0.945054945054945,0.8918918918918919,0.9705882352941176,0.9295774647887324,0.9963880288957688
42,RBF SVM — PCA 2,rbf,2,10.0,scale,2,364,91,0.9340659340659341,0.8888888888888888,0.9411764705882353,0.9142857142857143,0.9927760577915377
42,RBF SVM — PCA 2,rbf,2,10.0,auto,2,364,91,0.9340659340659341,0.8888888888888888,0.9411764705882353,0.9142857142857143,0.9726522187822497
42,RBF SVM — PCA 2,rbf,2,10.0,0.01,2,364,91,0.9230769230769231,0.8648648648648649,0.9411764705882353,0.9014084507042254,0.9943240454076366
42,RBF SVM — PCA 2,rbf,2,10.0,0.1,2,364,91,0.9340659340659341,0.868421052631579,0.9705882352941176,0.9166666666666666,0.9938080495356036
42,RBF SVM — PCA 2,rbf,2,10.0,1.0,2,364,91,0.945054945054945,0.9142857142857143,0.9411764705882353,0.927536231884058,0.9643962848297214
42,RBF SVM — PCA 2,rbf,2,100.0,scale,2,364,91,0.945054945054945,0.8717948717948718,1.0,0.9315068493150684,0.9963880288957688
42,RBF SVM — PCA 2,rbf,2,100.0,auto,2,364,91,0.9230769230769231,0.8857142857142857,0.9117647058823529,0.8985507246376812,0.9272445820433437
42,RBF SVM — PCA 2,rbf,2,100.0,0.01,2,364,91,0.9230769230769231,0.8648648648648649,0.9411764705882353,0.9014084507042254,0.9922600619195047
42,RBF SVM — PCA 2,rbf,2,100.0,0.1,2,364,91,0.945054945054945,0.8717948717948718,1.0,0.9315068493150684,0.9989680082559339
42,RBF SVM — PCA 2,rbf,2,100.0,1.0,2,364,91,0.9340659340659341,0.8888888888888888,0.9411764705882353,0.9142857142857143,0.9540763673890609
42,RBF SVM — PCA 2,rbf,2,0.01,scale,3,364,91,0.7692307692307693,1.0,0.38235294117647056,0.5531914893617021,0.9716202270381836
42,RBF SVM — PCA 2,rbf,2,0.01,auto,3,364,91,0.6263736263736264,0.0,0.0,0.0,0.9618163054695562
42,RBF SVM — PCA 2,rbf,2,0.01,0.01,3,364,91,0.6263736263736264,0.0,0.0,0.0,0.9747162022703818
42,RBF SVM — PCA 2,rbf,2,0.01,0.1,3,364,91,0.6483516483516484,1.0,0.058823529411764705,0.1111111111111111,0.9685242518059856
42,RBF SVM — PCA 2,rbf,2,0.01,1.0,3,364,91,0.6263736263736264,0.0,0.0,0.0,0.9607843137254901
42,RBF SVM — PCA 2,rbf,2,0.1,scale,3,364,91,0.8901098901098901,0.875,0.8235294117647058,0.8484848484848485,0.9767801857585139
42,RBF SVM — PCA 2,rbf,2,0.1,auto,3,364,91,0.9010989010989011,0.8378378378378378,0.9117647058823529,0.8732394366197183,0.9643962848297214
42,RBF SVM — PCA 2,rbf,2,0.1,0.01,3,364,91,0.9120879120879121,0.9642857142857143,0.7941176470588235,0.8709677419354839,0.978328173374613
42,RBF SVM — PCA 2,rbf,2,0.1,0.1,3,364,91,0.9010989010989011,0.8571428571428571,0.8823529411764706,0.8695652173913043,0.9747162022703818
42,RBF SVM — PCA 2,rbf,2,0.1,1.0,3,364,91,0.9120879120879121,0.8611111111111112,0.9117647058823529,0.8857142857142857,0.9597523219814241
42,RBF SVM — PCA 2,rbf,2,1.0,scale,3,364,91,0.8901098901098901,0.875,0.8235294117647058,0.8484848484848485,0.9803921568627452
42,RBF SVM — PCA 2,rbf,2,1.0,auto,3,364,91,0.9340659340659341,0.8888888888888888,0.9411764705882353,0.9142857142857143,0.9396284829721362
42,RBF SVM — PCA 2,rbf,2,1.0,0.01,3,364,91,0.9230769230769231,0.9090909090909091,0.8823529411764706,0.8955223880597015,0.9819401444788443
42,RBF SVM — PCA 2,rbf,2,1.0,0.1,3,364,91,0.9120879120879121,0.8823529411764706,0.8823529411764706,0.8823529411764706,0.9747162022703819
42,RBF SVM — PCA 2,rbf,2,1.0,1.0,3,364,91,0.9340659340659341,0.8888888888888888,0.9411764705882353,0.9142857142857143,0.9380804953560371
42,RBF SVM — PCA 2,rbf,2,10.0,scale,3,364,91,0.9230769230769231,0.8857142857142857,0.9117647058823529,0.8985507246376812,0.9762641898864809
42,RBF SVM — PCA 2,rbf,2,10.0,auto,3,364,91,0.9340659340659341,0.8888888888888888,0.9411764705882353,0.9142857142857143,0.9313725490196079
42,RBF SVM — PCA 2,rbf,2,10.0,0.01,3,364,91,0.945054945054945,0.9142857142857143,0.9411764705882353,0.927536231884058,0.9840041279669762
42,RBF SVM — PCA 2,rbf,2,10.0,0.1,3,364,91,0.9340659340659341,0.8888888888888888,0.9411764705882353,0.9142857142857143,0.9602683178534571
42,RBF SVM — PCA 2,rbf,2,10.0,1.0,3,364,91,0.9340659340659341,0.8888888888888888,0.9411764705882353,0.9142857142857143,0.9416924664602683
42,RBF SVM — PCA 2,rbf,2,100.0,scale,3,364,91,0.9230769230769231,0.8857142857142857,0.9117647058823529,0.8985507246376812,0.9674922600619196
42,RBF SVM — PCA 2,rbf,2,100.0,auto,3,364,91,0.9340659340659341,0.8888888888888888,0.9411764705882353,0.9142857142857143,0.9277605779153767
42,RBF SVM — PCA 2,rbf,2,100.0,0.01,3,364,91,0.9340659340659341,0.8888888888888888,0.9411764705882353,0.9142857142857143,0.9824561403508771
42,RBF SVM — PCA 2,rbf,2,100.0,0.1,3,364,91,0.9340659340659341,0.8888888888888888,0.9411764705882353,0.9142857142857143,0.9530443756449949
42,RBF SVM — PCA 2,rbf,2,100.0,1.0,3,364,91,0.9340659340659341,0.8888888888888888,0.9411764705882353,0.9142857142857143,0.9019607843137255
42,RBF SVM — PCA 2,rbf,2,0.01,scale,4,364,91,0.7582417582417582,1.0,0.35294117647058826,0.5217391304347826,0.9819401444788441
42,RBF SVM — PCA 2,rbf,2,0.01,auto,4,364,91,0.6263736263736264,0.0,0.0,0.0,0.9726522187822497
42,RBF SVM — PCA 2,rbf,2,0.01,0.01,4,364,91,0.6263736263736264,0.0,0.0,0.0,0.9896800825593395
42,RBF SVM — PCA 2,rbf,2,0.01,0.1,4,364,91,0.6263736263736264,0.0,0.0,0.0,0.980908152734778
42,RBF SVM — PCA 2,rbf,2,0.01,1.0,4,364,91,0.6263736263736264,0.0,0.0,0.0,0.9834881320949432
42,RBF SVM — PCA 2,rbf,2,0.1,scale,4,364,91,0.978021978021978,1.0,0.9411764705882353,0.9696969696969697,0.9871001031991744
42,RBF SVM — PCA 2,rbf,2,0.1,auto,4,364,91,0.967032967032967,0.9428571428571428,0.9705882352941176,0.9565217391304348,0.9726522187822497
42,RBF SVM — PCA 2,rbf,2,0.1,0.01,4,364,91,0.9560439560439561,1.0,0.8823529411764706,0.9375,0.9912280701754386
42,RBF SVM — PCA 2,rbf,2,0.1,0.1,4,364,91,0.989010989010989,1.0,0.9705882352941176,0.9850746268656716,0.9819401444788441
42,RBF SVM — PCA 2,rbf,2,0.1,1.0,4,364,91,0.978021978021978,0.9705882352941176,0.9705882352941176,0.9705882352941176,0.97781217750258
42,RBF SVM — PCA 2,rbf,2,1.0,scale,4,364,91,0.978021978021978,1.0,0.9411764705882353,0.9696969696969697,0.9834881320949432
42,RBF SVM — PCA 2,rbf,2,1.0,auto,4,364,91,0.989010989010989,1.0,0.9705882352941176,0.9850746268656716,0.9726522187822497
42,RBF SVM — PCA 2,rbf,2,1.0,0.01,4,364,91,0.989010989010989,1.0,0.9705882352941176,0.9850746268656716,0.9912280701754386
42,RBF SVM — PCA 2,rbf,2,1.0,0.1,4,364,91,0.989010989010989,1.0,0.9705882352941176,0.9850746268656716,0.977296181630547
42,RBF SVM — PCA 2,rbf,2,1.0,1.0,4,364,91,0.978021978021978,0.9705882352941176,0.9705882352941176,0.9705882352941176,0.9855521155830753
42,RBF SVM — PCA 2,rbf,2,10.0,scale,4,364,91,0.989010989010989,1.0,0.9705882352941176,0.9850746268656716,0.9840041279669762
42,RBF SVM — PCA 2,rbf,2,10.0,auto,4,364,91,0.978021978021978,1.0,0.9411764705882353,0.9696969696969697,0.9618163054695562
42,RBF SVM — PCA 2,rbf,2,10.0,0.01,4,364,91,0.978021978021978,1.0,0.9411764705882353,0.9696969696969697,0.9917440660474717
42,RBF SVM — PCA 2,rbf,2,10.0,0.1,4,364,91,0.989010989010989,1.0,0.9705882352941176,0.9850746268656716,0.97781217750258
42,RBF SVM — PCA 2,rbf,2,10.0,1.0,4,364,91,0.967032967032967,0.9696969696969697,0.9411764705882353,0.9552238805970149,0.9607843137254902
42,RBF SVM — PCA 2,rbf,2,100.0,scale,4,364,91,0.967032967032967,1.0,0.9117647058823529,0.9538461538461539,0.9840041279669762
42,RBF SVM — PCA 2,rbf,2,100.0,auto,4,364,91,0.978021978021978,1.0,0.9411764705882353,0.9696969696969697,0.9793601651186791
42,RBF SVM — PCA 2,rbf,2,100.0,0.01,4,364,91,0.978021978021978,1.0,0.9411764705882353,0.9696969696969697,0.9896800825593396
42,RBF SVM — PCA 2,rbf,2,100.0,0.1,4,364,91,0.967032967032967,1.0,0.9117647058823529,0.9538461538461539,0.9819401444788443
42,RBF SVM — PCA 2,rbf,2,100.0,1.0,4,364,91,0.967032967032967,0.9696969696969697,0.9411764705882353,0.9552238805970149,0.9871001031991744
42,RBF SVM — PCA 2,rbf,2,0.01,scale,5,364,91,0.7472527472527473,1.0,0.3235294117647059,0.4888888888888889,0.9814241486068112
42,RBF SVM — PCA 2,rbf,2,0.01,auto,5,364,91,0.6263736263736264,0.0,0.0,0.0,0.9798761609907121
42,RBF SVM — PCA 2,rbf,2,0.01,0.01,5,364,91,0.6263736263736264,0.0,0.0,0.0,0.9871001031991744
42,RBF SVM — PCA 2,rbf,2,0.01,0.1,5,364,91,0.6483516483516484,1.0,0.058823529411764705,0.1111111111111111,0.9814241486068112
42,RBF SVM — PCA 2,rbf,2,0.01,1.0,5,364,91,0.6263736263736264,0.0,0.0,0.0,0.9762641898864809
42,RBF SVM — PCA 2,rbf,2,0.1,scale,5,364,91,0.945054945054945,0.9393939393939394,0.9117647058823529,0.9253731343283582,0.9881320949432405
42,RBF SVM — PCA 2,rbf,2,0.1,auto,5,364,91,0.9120879120879121,0.8611111111111112,0.9117647058823529,0.8857142857142857,0.9793601651186791
42,RBF SVM — PCA 2,rbf,2,0.1,0.01,5,364,91,0.945054945054945,0.9393939393939394,0.9117647058823529,0.9253731343283582,0.9886480908152735
42,RBF SVM — PCA 2,rbf,2,0.1,0.1,5,364,91,0.945054945054945,0.9393939393939394,0.9117647058823529,0.9253731343283582,0.9865841073271414
42,RBF SVM — PCA 2,rbf,2,0.1,1.0,5,364,91,0.9340659340659341,0.9117647058823529,0.9117647058823529,0.9117647058823529,0.9762641898864809
42,RBF SVM — PCA 2,rbf,2,1.0,scale,5,364,91,0.9340659340659341,0.9375,0.8823529411764706,0.9090909090909091,0.9891640866873065
42,RBF SVM — PCA 2,rbf,2,1.0,auto,5,364,91,0.945054945054945,0.9393939393939394,0.9117647058823529,0.9253731343283582,0.9855521155830754
42,RBF SVM — PCA 2,rbf,2,1.0,0.01,5,364,91,0.9340659340659341,0.9375,0.8823529411764706,0.9090909090909091,0.9891640866873066
42,RBF SVM — PCA 2,rbf,2,1.0,0.1,5,364,91,0.9560439560439561,0.9411764705882353,0.9411764705882353,0.9411764705882353,0.9850361197110423
42,RBF SVM — PCA 2,rbf,2,1.0,1.0,5,364,91,0.945054945054945,0.9142857142857143,0.9411764705882353,0.927536231884058,0.9602683178534572
42,RBF SVM — PCA 2,rbf,2,10.0,scale,5,364,91,0.945054945054945,0.9393939393939394,0.9117647058823529,0.9253731343283582,0.9840041279669762
42,RBF SVM — PCA 2,rbf,2,10.0,auto,5,364,91,0.9560439560439561,0.9411764705882353,0.9411764705882353,0.9411764705882353,0.9401444788441693
42,RBF SVM — PCA 2,rbf,2,10.0,0.01,5,364,91,0.9560439560439561,0.9411764705882353,0.9411764705882353,0.9411764705882353,0.9907120743034057
42,RBF SVM — PCA 2,rbf,2,10.0,0.1,5,364,91,0.9560439560439561,0.9411764705882353,0.9411764705882353,0.9411764705882353,0.97781217750258
42,RBF SVM — PCA 2,rbf,2,10.0,1.0,5,364,91,0.945054945054945,0.9142857142857143,0.9411764705882353,0.927536231884058,0.9370485036119711
42,RBF SVM — PCA 2,rbf,2,100.0,scale,5,364,91,0.945054945054945,0.9393939393939394,0.9117647058823529,0.9253731343283582,0.9824561403508771
42,RBF SVM — PCA 2,rbf,2,100.0,auto,5,364,91,0.9560439560439561,0.9411764705882353,0.9411764705882353,0.9411764705882353,0.9272445820433436
42,RBF SVM — PCA 2,rbf,2,100.0,0.01,5,364,91,0.9560439560439561,0.9411764705882353,0.9411764705882353,0.9411764705882353,0.9917440660474717
42,RBF SVM — PCA 2,rbf,2,100.0,0.1,5,364,91,0.945054945054945,0.9393939393939394,0.9117647058823529,0.9253731343283582,0.9690402476780187
42,RBF SVM — PCA 2,rbf,2,100.0,1.0,5,364,91,0.9230769230769231,0.9090909090909091,0.8823529411764706,0.8955223880597015,0.9298245614035087
42,Linear SVM — PCA 4,linear,4,0.01,none,1,364,91,0.9560439560439561,1.0,0.8823529411764706,0.9375,0.9793601651186791
42,Linear SVM — PCA 4,linear,4,0.1,none,1,364,91,0.967032967032967,1.0,0.9117647058823529,0.9538461538461539,0.9814241486068112
42,Linear SVM — PCA 4,linear,4,1.0,none,1,364,91,0.989010989010989,1.0,0.9705882352941176,0.9850746268656716,0.9834881320949432
42,Linear SVM — PCA 4,linear,4,10.0,none,1,364,91,0.967032967032967,0.9696969696969697,0.9411764705882353,0.9552238805970149,0.9829721362229101
42,Linear SVM — PCA 4,linear,4,100.0,none,1,364,91,0.967032967032967,0.9696969696969697,0.9411764705882353,0.9552238805970149,0.9829721362229101
42,Linear SVM — PCA 4,linear,4,0.01,none,2,364,91,0.9560439560439561,0.9411764705882353,0.9411764705882353,0.9411764705882353,0.9901960784313726
42,Linear SVM — PCA 4,linear,4,0.1,none,2,364,91,0.967032967032967,0.9428571428571428,0.9705882352941176,0.9565217391304348,0.9943240454076367
42,Linear SVM — PCA 4,linear,4,1.0,none,2,364,91,0.967032967032967,0.9428571428571428,0.9705882352941176,0.9565217391304348,0.9943240454076367
42,Linear SVM — PCA 4,linear,4,10.0,none,2,364,91,0.967032967032967,0.9428571428571428,0.9705882352941176,0.9565217391304348,0.9958720330237358
42,Linear SVM — PCA 4,linear,4,100.0,none,2,364,91,0.967032967032967,0.9428571428571428,0.9705882352941176,0.9565217391304348,0.9958720330237358
42,Linear SVM — PCA 4,linear,4,0.01,none,3,364,91,0.967032967032967,1.0,0.9117647058823529,0.9538461538461539,0.9917440660474717
42,Linear SVM — PCA 4,linear,4,0.1,none,3,364,91,0.9560439560439561,0.9411764705882353,0.9411764705882353,0.9411764705882353,0.9948400412796697
42,Linear SVM — PCA 4,linear,4,1.0,none,3,364,91,0.9560439560439561,0.9411764705882353,0.9411764705882353,0.9411764705882353,0.9943240454076367
42,Linear SVM — PCA 4,linear,4,10.0,none,3,364,91,0.9560439560439561,0.9411764705882353,0.9411764705882353,0.9411764705882353,0.9932920536635708
42,Linear SVM — PCA 4,linear,4,100.0,none,3,364,91,0.9560439560439561,0.9411764705882353,0.9411764705882353,0.9411764705882353,0.9932920536635708
42,Linear SVM — PCA 4,linear,4,0.01,none,4,364,91,0.9560439560439561,1.0,0.8823529411764706,0.9375,0.9953560371517027
42,Linear SVM — PCA 4,linear,4,0.1,none,4,364,91,0.9340659340659341,0.9666666666666667,0.8529411764705882,0.90625,0.9953560371517027
42,Linear SVM — PCA 4,linear,4,1.0,none,4,364,91,0.967032967032967,1.0,0.9117647058823529,0.9538461538461539,0.9963880288957687
42,Linear SVM — PCA 4,linear,4,10.0,none,4,364,91,0.967032967032967,1.0,0.9117647058823529,0.9538461538461539,0.9953560371517027
42,Linear SVM — PCA 4,linear,4,100.0,none,4,364,91,0.967032967032967,1.0,0.9117647058823529,0.9538461538461539,0.9953560371517027
42,Linear SVM — PCA 4,linear,4,0.01,none,5,364,91,0.967032967032967,0.9428571428571428,0.9705882352941176,0.9565217391304348,0.9979360165118679
42,Linear SVM — PCA 4,linear,4,0.1,none,5,364,91,0.9560439560439561,0.9166666666666666,0.9705882352941176,0.9428571428571428,0.9963880288957688
42,Linear SVM — PCA 4,linear,4,1.0,none,5,364,91,0.9560439560439561,0.9166666666666666,0.9705882352941176,0.9428571428571428,0.9958720330237358
42,Linear SVM — PCA 4,linear,4,10.0,none,5,364,91,0.9560439560439561,0.9166666666666666,0.9705882352941176,0.9428571428571428,0.9958720330237358
42,Linear SVM — PCA 4,linear,4,100.0,none,5,364,91,0.9560439560439561,0.9166666666666666,0.9705882352941176,0.9428571428571428,0.9958720330237358
42,RBF SVM — PCA 4,rbf,4,0.01,scale,1,364,91,0.6263736263736264,0.0,0.0,0.0,0.9726522187822497
42,RBF SVM — PCA 4,rbf,4,0.01,auto,1,364,91,0.6263736263736264,0.0,0.0,0.0,0.97781217750258
42,RBF SVM — PCA 4,rbf,4,0.01,0.01,1,364,91,0.6263736263736264,0.0,0.0,0.0,0.9711042311661506
42,RBF SVM — PCA 4,rbf,4,0.01,0.1,1,364,91,0.6263736263736264,0.0,0.0,0.0,0.9747162022703818
42,RBF SVM — PCA 4,rbf,4,0.01,1.0,1,364,91,0.6263736263736264,0.0,0.0,0.0,0.9767801857585139
42,RBF SVM — PCA 4,rbf,4,0.1,scale,1,364,91,0.9230769230769231,0.9354838709677419,0.8529411764705882,0.8923076923076924,0.978328173374613
42,RBF SVM — PCA 4,rbf,4,0.1,auto,1,364,91,0.9340659340659341,0.9117647058823529,0.9117647058823529,0.9117647058823529,0.9803921568627452
42,RBF SVM — PCA 4,rbf,4,0.1,0.01,1,364,91,0.9340659340659341,0.9666666666666667,0.8529411764705882,0.90625,0.9731682146542828
42,RBF SVM — PCA 4,rbf,4,0.1,0.1,1,364,91,0.9340659340659341,0.9117647058823529,0.9117647058823529,0.9117647058823529,0.9767801857585139
42,RBF SVM — PCA 4,rbf,4,0.1,1.0,1,364,91,0.6263736263736264,0.0,0.0,0.0,0.9767801857585139
42,RBF SVM — PCA 4,rbf,4,1.0,scale,1,364,91,0.945054945054945,0.967741935483871,0.8823529411764706,0.9230769230769231,0.9834881320949433
42,RBF SVM — PCA 4,rbf,4,1.0,auto,1,364,91,0.9340659340659341,0.9375,0.8823529411764706,0.9090909090909091,0.976264189886481
42,RBF SVM — PCA 4,rbf,4,1.0,0.01,1,364,91,0.9560439560439561,0.96875,0.9117647058823529,0.9393939393939394,0.9834881320949432
42,RBF SVM — PCA 4,rbf,4,1.0,0.1,1,364,91,0.9560439560439561,0.96875,0.9117647058823529,0.9393939393939394,0.97781217750258
42,RBF SVM — PCA 4,rbf,4,1.0,1.0,1,364,91,0.9230769230769231,0.8857142857142857,0.9117647058823529,0.8985507246376812,0.9757481940144479
42,RBF SVM — PCA 4,rbf,4,10.0,scale,1,364,91,0.967032967032967,1.0,0.9117647058823529,0.9538461538461539,0.9814241486068112
42,RBF SVM — PCA 4,rbf,4,10.0,auto,1,364,91,0.9340659340659341,0.9375,0.8823529411764706,0.9090909090909091,0.9587203302373581
42,RBF SVM — PCA 4,rbf,4,10.0,0.01,1,364,91,0.978021978021978,1.0,0.9411764705882353,0.9696969696969697,0.9860681114551084
42,RBF SVM — PCA 4,rbf,4,10.0,0.1,1,364,91,0.9230769230769231,0.9354838709677419,0.8529411764705882,0.8923076923076924,0.979360165118679
42,RBF SVM — PCA 4,rbf,4,10.0,1.0,1,364,91,0.9120879120879121,0.8611111111111112,0.9117647058823529,0.8857142857142857,0.9711042311661506
42,RBF SVM — PCA 4,rbf,4,100.0,scale,1,364,91,0.9340659340659341,0.9375,0.8823529411764706,0.9090909090909091,0.9716202270381837
42,RBF SVM — PCA 4,rbf,4,100.0,auto,1,364,91,0.8791208791208791,0.8484848484848485,0.8235294117647058,0.835820895522388,0.9303405572755418
42,RBF SVM — PCA 4,rbf,4,100.0,0.01,1,364,91,0.978021978021978,1.0,0.9411764705882353,0.9696969696969697,0.9834881320949432
42,RBF SVM — PCA 4,rbf,4,100.0,0.1,1,364,91,0.9010989010989011,0.9032258064516129,0.8235294117647058,0.8615384615384616,0.9618163054695562
42,RBF SVM — PCA 4,rbf,4,100.0,1.0,1,364,91,0.9120879120879121,0.8611111111111112,0.9117647058823529,0.8857142857142857,0.9711042311661506
42,RBF SVM — PCA 4,rbf,4,0.01,scale,2,364,91,0.6263736263736264,0.0,0.0,0.0,0.9927760577915377
42,RBF SVM — PCA 4,rbf,4,0.01,auto,2,364,91,0.6263736263736264,0.0,0.0,0.0,0.9896800825593396
42,RBF SVM — PCA 4,rbf,4,0.01,0.01,2,364,91,0.6263736263736264,0.0,0.0,0.0,0.9871001031991744
42,RBF SVM — PCA 4,rbf,4,0.01,0.1,2,364,91,0.6263736263736264,0.0,0.0,0.0,0.9922600619195047
42,RBF SVM — PCA 4,rbf,4,0.01,1.0,2,364,91,0.6263736263736264,0.0,0.0,0.0,0.9855521155830754
42,RBF SVM — PCA 4,rbf,4,0.1,scale,2,364,91,0.945054945054945,0.9393939393939394,0.9117647058823529,0.9253731343283582,0.9932920536635708
42,RBF SVM — PCA 4,rbf,4,0.1,auto,2,364,91,0.967032967032967,0.918918918918919,1.0,0.9577464788732394,0.9901960784313726
42,RBF SVM — PCA 4,rbf,4,0.1,0.01,2,364,91,0.9230769230769231,0.9354838709677419,0.8529411764705882,0.8923076923076924,0.9907120743034057
42,RBF SVM — PCA 4,rbf,4,0.1,0.1,2,364,91,0.9560439560439561,0.9166666666666666,0.9705882352941176,0.9428571428571428,0.9943240454076367
42,RBF SVM — PCA 4,rbf,4,0.1,1.0,2,364,91,0.6263736263736264,0.0,0.0,0.0,0.9855521155830754
42,RBF SVM — PCA 4,rbf,4,1.0,scale,2,364,91,0.9560439560439561,0.9166666666666666,0.9705882352941176,0.9428571428571428,0.9948400412796699
42,RBF SVM — PCA 4,rbf,4,1.0,auto,2,364,91,0.967032967032967,0.918918918918919,1.0,0.9577464788732394,0.9865841073271414
42,RBF SVM — PCA 4,rbf,4,1.0,0.01,2,364,91,0.9560439560439561,0.9411764705882353,0.9411764705882353,0.9411764705882353,0.9943240454076367
42,RBF SVM — PCA 4,rbf,4,1.0,0.1,2,364,91,0.9560439560439561,0.8947368421052632,1.0,0.9444444444444444,0.9912280701754387
42,RBF SVM — PCA 4,rbf,4,1.0,1.0,2,364,91,0.945054945054945,0.8717948717948718,1.0,0.9315068493150684,0.9871001031991744
42,RBF SVM — PCA 4,rbf,4,10.0,scale,2,364,91,0.945054945054945,0.8918918918918919,0.9705882352941176,0.9295774647887324,0.9943240454076367
42,RBF SVM — PCA 4,rbf,4,10.0,auto,2,364,91,0.9230769230769231,0.8292682926829268,1.0,0.9066666666666666,0.9664602683178535
42,RBF SVM — PCA 4,rbf,4,10.0,0.01,2,364,91,0.9560439560439561,0.9166666666666666,0.9705882352941176,0.9428571428571428,0.9948400412796697
42,RBF SVM — PCA 4,rbf,4,10.0,0.1,2,364,91,0.9340659340659341,0.868421052631579,0.9705882352941176,0.9166666666666666,0.9819401444788441
42,RBF SVM — PCA 4,rbf,4,10.0,1.0,2,364,91,0.9230769230769231,0.8292682926829268,1.0,0.9066666666666666,0.9700722394220846
42,RBF SVM — PCA 4,rbf,4,100.0,scale,2,364,91,0.945054945054945,0.8918918918918919,0.9705882352941176,0.9295774647887324,0.9850361197110423
42,RBF SVM — PCA 4,rbf,4,100.0,auto,2,364,91,0.8791208791208791,0.7674418604651163,0.9705882352941176,0.8571428571428571,0.9592363261093911
42,RBF SVM — PCA 4,rbf,4,100.0,0.01,2,364,91,0.967032967032967,0.918918918918919,1.0,0.9577464788732394,0.9979360165118679
42,RBF SVM — PCA 4,rbf,4,100.0,0.1,2,364,91,0.9230769230769231,0.8461538461538461,0.9705882352941176,0.9041095890410958,0.9721362229102168
42,RBF SVM — PCA 4,rbf,4,100.0,1.0,2,364,91,0.9230769230769231,0.8292682926829268,1.0,0.9066666666666666,0.9700722394220846
42,RBF SVM — PCA 4,rbf,4,0.01,scale,3,364,91,0.6263736263736264,0.0,0.0,0.0,0.9793601651186791
42,RBF SVM — PCA 4,rbf,4,0.01,auto,3,364,91,0.6263736263736264,0.0,0.0,0.0,0.9731682146542828
42,RBF SVM — PCA 4,rbf,4,0.01,0.01,3,364,91,0.6263736263736264,0.0,0.0,0.0,0.9793601651186791
42,RBF SVM — PCA 4,rbf,4,0.01,0.1,3,364,91,0.6263736263736264,0.0,0.0,0.0,0.9788441692466461
42,RBF SVM — PCA 4,rbf,4,0.01,1.0,3,364,91,0.6263736263736264,0.0,0.0,0.0,0.9659442724458205
42,RBF SVM — PCA 4,rbf,4,0.1,scale,3,364,91,0.9230769230769231,0.9354838709677419,0.8529411764705882,0.8923076923076924,0.9845201238390093
42,RBF SVM — PCA 4,rbf,4,0.1,auto,3,364,91,0.9230769230769231,0.9090909090909091,0.8823529411764706,0.8955223880597015,0.9721362229102166
42,RBF SVM — PCA 4,rbf,4,0.1,0.01,3,364,91,0.9120879120879121,0.9333333333333333,0.8235294117647058,0.875,0.9840041279669762
42,RBF SVM — PCA 4,rbf,4,0.1,0.1,3,364,91,0.9230769230769231,0.8857142857142857,0.9117647058823529,0.8985507246376812,0.9845201238390093
42,RBF SVM — PCA 4,rbf,4,0.1,1.0,3,364,91,0.6263736263736264,0.0,0.0,0.0,0.9659442724458205
42,RBF SVM — PCA 4,rbf,4,1.0,scale,3,364,91,0.9230769230769231,0.8857142857142857,0.9117647058823529,0.8985507246376812,0.9891640866873064
42,RBF SVM — PCA 4,rbf,4,1.0,auto,3,364,91,0.9230769230769231,0.9090909090909091,0.8823529411764706,0.8955223880597015,0.9798761609907121
42,RBF SVM — PCA 4,rbf,4,1.0,0.01,3,364,91,0.945054945054945,0.9393939393939394,0.9117647058823529,0.9253731343283582,0.9901960784313726
42,RBF SVM — PCA 4,rbf,4,1.0,0.1,3,364,91,0.9230769230769231,0.8857142857142857,0.9117647058823529,0.8985507246376812,0.9881320949432404
42,RBF SVM — PCA 4,rbf,4,1.0,1.0,3,364,91,0.9120879120879121,0.8421052631578947,0.9411764705882353,0.8888888888888888,0.9643962848297214
42,RBF SVM — PCA 4,rbf,4,10.0,scale,3,364,91,0.9230769230769231,0.9090909090909091,0.8823529411764706,0.8955223880597015,0.9891640866873065
42,RBF SVM — PCA 4,rbf,4,10.0,auto,3,364,91,0.9340659340659341,0.9117647058823529,0.9117647058823529,0.9117647058823529,0.9623323013415892
42,RBF SVM — PCA 4,rbf,4,10.0,0.01,3,364,91,0.945054945054945,0.9142857142857143,0.9411764705882353,0.927536231884058,0.9917440660474717
42,RBF SVM — PCA 4,rbf,4,10.0,0.1,3,364,91,0.945054945054945,0.9142857142857143,0.9411764705882353,0.927536231884058,0.9736842105263158
42,RBF SVM — PCA 4,rbf,4,10.0,1.0,3,364,91,0.9120879120879121,0.825,0.9705882352941176,0.8918918918918919,0.9618163054695563
42,RBF SVM — PCA 4,rbf,4,100.0,scale,3,364,91,0.945054945054945,0.9142857142857143,0.9411764705882353,0.927536231884058,0.9819401444788441
42,RBF SVM — PCA 4,rbf,4,100.0,auto,3,364,91,0.9340659340659341,0.9117647058823529,0.9117647058823529,0.9117647058823529,0.9406604747162023
42,RBF SVM — PCA 4,rbf,4,100.0,0.01,3,364,91,0.945054945054945,0.8918918918918919,0.9705882352941176,0.9295774647887324,0.9881320949432404
42,RBF SVM — PCA 4,rbf,4,100.0,0.1,3,364,91,0.9230769230769231,0.8857142857142857,0.9117647058823529,0.8985507246376812,0.957688338493292
42,RBF SVM — PCA 4,rbf,4,100.0,1.0,3,364,91,0.9120879120879121,0.825,0.9705882352941176,0.8918918918918919,0.9618163054695563
42,RBF SVM — PCA 4,rbf,4,0.01,scale,4,364,91,0.6263736263736264,0.0,0.0,0.0,0.9850361197110422
42,RBF SVM — PCA 4,rbf,4,0.01,auto,4,364,91,0.6263736263736264,0.0,0.0,0.0,0.9814241486068112
42,RBF SVM — PCA 4,rbf,4,0.01,0.01,4,364,91,0.6263736263736264,0.0,0.0,0.0,0.9927760577915377
42,RBF SVM — PCA 4,rbf,4,0.01,0.1,4,364,91,0.6263736263736264,0.0,0.0,0.0,0.9834881320949433
42,RBF SVM — PCA 4,rbf,4,0.01,1.0,4,364,91,0.6263736263736264,0.0,0.0,0.0,0.9762641898864809
42,RBF SVM — PCA 4,rbf,4,0.1,scale,4,364,91,0.945054945054945,0.967741935483871,0.8823529411764706,0.9230769230769231,0.9881320949432404
42,RBF SVM — PCA 4,rbf,4,0.1,auto,4,364,91,0.9340659340659341,0.9375,0.8823529411764706,0.9090909090909091,0.9814241486068112
42,RBF SVM — PCA 4,rbf,4,0.1,0.01,4,364,91,0.9560439560439561,1.0,0.8823529411764706,0.9375,0.9927760577915377
42,RBF SVM — PCA 4,rbf,4,0.1,0.1,4,364,91,0.9340659340659341,0.9375,0.8823529411764706,0.9090909090909091,0.9850361197110423
42,RBF SVM — PCA 4,rbf,4,0.1,1.0,4,364,91,0.6263736263736264,0.0,0.0,0.0,0.9762641898864809
42,RBF SVM — PCA 4,rbf,4,1.0,scale,4,364,91,0.945054945054945,0.967741935483871,0.8823529411764706,0.9230769230769231,0.9943240454076367
42,RBF SVM — PCA 4,rbf,4,1.0,auto,4,364,91,0.945054945054945,0.967741935483871,0.8823529411764706,0.9230769230769231,0.9798761609907121
42,RBF SVM — PCA 4,rbf,4,1.0,0.01,4,364,91,0.945054945054945,0.967741935483871,0.8823529411764706,0.9230769230769231,0.9938080495356038
42,RBF SVM — PCA 4,rbf,4,1.0,0.1,4,364,91,0.945054945054945,0.967741935483871,0.8823529411764706,0.9230769230769231,0.9886480908152735
42,RBF SVM — PCA 4,rbf,4,1.0,1.0,4,364,91,0.945054945054945,0.9393939393939394,0.9117647058823529,0.9253731343283582,0.9809081527347783
42,RBF SVM — PCA 4,rbf,4,10.0,scale,4,364,91,0.967032967032967,1.0,0.9117647058823529,0.9538461538461539,0.9938080495356038
42,RBF SVM — PCA 4,rbf,4,10.0,auto,4,364,91,0.967032967032967,0.9696969696969697,0.9411764705882353,0.9552238805970149,0.9643962848297214
42,RBF SVM — PCA 4,rbf,4,10.0,0.01,4,364,91,0.945054945054945,0.967741935483871,0.8823529411764706,0.9230769230769231,0.9943240454076367
42,RBF SVM — PCA 4,rbf,4,10.0,0.1,4,364,91,0.9340659340659341,0.9666666666666667,0.8529411764705882,0.90625,0.9896800825593395
42,RBF SVM — PCA 4,rbf,4,10.0,1.0,4,364,91,0.945054945054945,0.9393939393939394,0.9117647058823529,0.9253731343283582,0.978328173374613
42,RBF SVM — PCA 4,rbf,4,100.0,scale,4,364,91,0.945054945054945,0.967741935483871,0.8823529411764706,0.9230769230769231,0.9901960784313725
42,RBF SVM — PCA 4,rbf,4,100.0,auto,4,364,91,0.967032967032967,0.9696969696969697,0.9411764705882353,0.9552238805970149,0.9618163054695562
42,RBF SVM — PCA 4,rbf,4,100.0,0.01,4,364,91,0.9560439560439561,1.0,0.8823529411764706,0.9375,0.9948400412796699
42,RBF SVM — PCA 4,rbf,4,100.0,0.1,4,364,91,0.9560439560439561,0.96875,0.9117647058823529,0.9393939393939394,0.9654282765737874
42,RBF SVM — PCA 4,rbf,4,100.0,1.0,4,364,91,0.945054945054945,0.9393939393939394,0.9117647058823529,0.9253731343283582,0.978328173374613
42,RBF SVM — PCA 4,rbf,4,0.01,scale,5,364,91,0.6263736263736264,0.0,0.0,0.0,0.9891640866873066
42,RBF SVM — PCA 4,rbf,4,0.01,auto,5,364,91,0.6263736263736264,0.0,0.0,0.0,0.9927760577915377
42,RBF SVM — PCA 4,rbf,4,0.01,0.01,5,364,91,0.6263736263736264,0.0,0.0,0.0,0.9896800825593396
42,RBF SVM — PCA 4,rbf,4,0.01,0.1,5,364,91,0.6263736263736264,0.0,0.0,0.0,0.9907120743034056
42,RBF SVM — PCA 4,rbf,4,0.01,1.0,5,364,91,0.6263736263736264,0.0,0.0,0.0,0.9824561403508772
42,RBF SVM — PCA 4,rbf,4,0.1,scale,5,364,91,0.9560439560439561,0.9411764705882353,0.9411764705882353,0.9411764705882353,0.9958720330237357
42,RBF SVM — PCA 4,rbf,4,0.1,auto,5,364,91,0.945054945054945,0.8918918918918919,0.9705882352941176,0.9295774647887324,0.9927760577915377
42,RBF SVM — PCA 4,rbf,4,0.1,0.01,5,364,91,0.9560439560439561,0.96875,0.9117647058823529,0.9393939393939394,0.9938080495356038
42,RBF SVM — PCA 4,rbf,4,0.1,0.1,5,364,91,0.9560439560439561,0.9166666666666666,0.9705882352941176,0.9428571428571428,0.9953560371517028
42,RBF SVM — PCA 4,rbf,4,0.1,1.0,5,364,91,0.6263736263736264,0.0,0.0,0.0,0.9824561403508772
42,RBF SVM — PCA 4,rbf,4,1.0,scale,5,364,91,0.978021978021978,0.9444444444444444,1.0,0.9714285714285714,0.9994840041279669
42,RBF SVM — PCA 4,rbf,4,1.0,auto,5,364,91,0.945054945054945,0.8717948717948718,1.0,0.9315068493150684,0.9958720330237357
42,RBF SVM — PCA 4,rbf,4,1.0,0.01,5,364,91,0.967032967032967,0.9428571428571428,0.9705882352941176,0.9565217391304348,0.9974200206398348
42,RBF SVM — PCA 4,rbf,4,1.0,0.1,5,364,91,0.978021978021978,0.9444444444444444,1.0,0.9714285714285714,0.9984520123839009
42,RBF SVM — PCA 4,rbf,4,1.0,1.0,5,364,91,0.8791208791208791,0.7674418604651163,0.9705882352941176,0.8571428571428571,0.9803921568627451
42,RBF SVM — PCA 4,rbf,4,10.0,scale,5,364,91,0.967032967032967,0.918918918918919,1.0,0.9577464788732394,0.9979360165118679
42,RBF SVM — PCA 4,rbf,4,10.0,auto,5,364,91,0.945054945054945,0.8918918918918919,0.9705882352941176,0.9295774647887324,0.9819401444788441
42,RBF SVM — PCA 4,rbf,4,10.0,0.01,5,364,91,0.978021978021978,0.9444444444444444,1.0,0.9714285714285714,0.9989680082559339
42,RBF SVM — PCA 4,rbf,4,10.0,0.1,5,364,91,0.967032967032967,0.918918918918919,1.0,0.9577464788732394,0.9943240454076367
42,RBF SVM — PCA 4,rbf,4,10.0,1.0,5,364,91,0.8791208791208791,0.7674418604651163,0.9705882352941176,0.8571428571428571,0.9814241486068112
42,RBF SVM — PCA 4,rbf,4,100.0,scale,5,364,91,0.978021978021978,0.9444444444444444,1.0,0.9714285714285714,0.9969040247678018
42,RBF SVM — PCA 4,rbf,4,100.0,auto,5,364,91,0.9230769230769231,0.8648648648648649,0.9411764705882353,0.9014084507042254,0.9788441692466461
42,RBF SVM — PCA 4,rbf,4,100.0,0.01,5,364,91,0.978021978021978,0.9444444444444444,1.0,0.9714285714285714,0.9979360165118679
42,RBF SVM — PCA 4,rbf,4,100.0,0.1,5,364,91,0.945054945054945,0.8918918918918919,0.9705882352941176,0.9295774647887324,0.9824561403508771
42,RBF SVM — PCA 4,rbf,4,100.0,1.0,5,364,91,0.8791208791208791,0.7674418604651163,0.9705882352941176,0.8571428571428571,0.9814241486068112
123,Linear SVM — PCA 2,linear,2,0.01,none,1,364,91,0.9340659340659341,0.9375,0.8823529411764706,0.9090909090909091,0.9948400412796697
123,Linear SVM — PCA 2,linear,2,0.1,none,1,364,91,0.9340659340659341,0.9375,0.8823529411764706,0.9090909090909091,0.9948400412796697
123,Linear SVM — PCA 2,linear,2,1.0,none,1,364,91,0.967032967032967,0.9428571428571428,0.9705882352941176,0.9565217391304348,0.9948400412796697
123,Linear SVM — PCA 2,linear,2,10.0,none,1,364,91,0.967032967032967,0.9428571428571428,0.9705882352941176,0.9565217391304348,0.9948400412796697
123,Linear SVM — PCA 2,linear,2,100.0,none,1,364,91,0.967032967032967,0.9428571428571428,0.9705882352941176,0.9565217391304348,0.9948400412796697
123,Linear SVM — PCA 2,linear,2,0.01,none,2,364,91,0.9560439560439561,0.9411764705882353,0.9411764705882353,0.9411764705882353,0.9917440660474717
123,Linear SVM — PCA 2,linear,2,0.1,none,2,364,91,0.967032967032967,0.9428571428571428,0.9705882352941176,0.9565217391304348,0.9922600619195047
123,Linear SVM — PCA 2,linear,2,1.0,none,2,364,91,0.967032967032967,0.9428571428571428,0.9705882352941176,0.9565217391304348,0.9917440660474717
123,Linear SVM — PCA 2,linear,2,10.0,none,2,364,91,0.9560439560439561,0.9166666666666666,0.9705882352941176,0.9428571428571428,0.9917440660474717
123,Linear SVM — PCA 2,linear,2,100.0,none,2,364,91,0.9560439560439561,0.9166666666666666,0.9705882352941176,0.9428571428571428,0.9917440660474717
123,Linear SVM — PCA 2,linear,2,0.01,none,3,364,91,0.945054945054945,1.0,0.8529411764705882,0.9206349206349206,0.9932920536635707
123,Linear SVM — PCA 2,linear,2,0.1,none,3,364,91,0.967032967032967,0.9696969696969697,0.9411764705882353,0.9552238805970149,0.9932920536635707
123,Linear SVM — PCA 2,linear,2,1.0,none,3,364,91,0.9560439560439561,0.9166666666666666,0.9705882352941176,0.9428571428571428,0.9958720330237357
123,Linear SVM — PCA 2,linear,2,10.0,none,3,364,91,0.9560439560439561,0.9166666666666666,0.9705882352941176,0.9428571428571428,0.9963880288957687
123,Linear SVM — PCA 2,linear,2,100.0,none,3,364,91,0.9560439560439561,0.9166666666666666,0.9705882352941176,0.9428571428571428,0.9963880288957687
123,Linear SVM — PCA 2,linear,2,0.01,none,4,364,91,0.8901098901098901,0.9285714285714286,0.7647058823529411,0.8387096774193549,0.9618163054695563
123,Linear SVM — PCA 2,linear,2,0.1,none,4,364,91,0.8901098901098901,0.875,0.8235294117647058,0.8484848484848485,0.9643962848297214
123,Linear SVM — PCA 2,linear,2,1.0,none,4,364,91,0.8901098901098901,0.875,0.8235294117647058,0.8484848484848485,0.9638802889576883
123,Linear SVM — PCA 2,linear,2,10.0,none,4,364,91,0.8901098901098901,0.875,0.8235294117647058,0.8484848484848485,0.9649122807017544
123,Linear SVM — PCA 2,linear,2,100.0,none,4,364,91,0.8901098901098901,0.875,0.8235294117647058,0.8484848484848485,0.9649122807017544
123,Linear SVM — PCA 2,linear,2,0.01,none,5,364,91,0.967032967032967,1.0,0.9117647058823529,0.9538461538461539,0.9896800825593396
123,Linear SVM — PCA 2,linear,2,0.1,none,5,364,91,0.967032967032967,0.9696969696969697,0.9411764705882353,0.9552238805970149,0.9907120743034056
123,Linear SVM — PCA 2,linear,2,1.0,none,5,364,91,0.967032967032967,0.9696969696969697,0.9411764705882353,0.9552238805970149,0.9907120743034056
123,Linear SVM — PCA 2,linear,2,10.0,none,5,364,91,0.967032967032967,0.9696969696969697,0.9411764705882353,0.9552238805970149,0.9907120743034056
123,Linear SVM — PCA 2,linear,2,100.0,none,5,364,91,0.967032967032967,0.9696969696969697,0.9411764705882353,0.9552238805970149,0.9907120743034056
123,RBF SVM — PCA 2,rbf,2,0.01,scale,1,364,91,0.7472527472527473,1.0,0.3235294117647059,0.4888888888888889,0.9876160990712074
123,RBF SVM — PCA 2,rbf,2,0.01,auto,1,364,91,0.6263736263736264,0.0,0.0,0.0,0.9803921568627452
123,RBF SVM — PCA 2,rbf,2,0.01,0.01,1,364,91,0.6263736263736264,0.0,0.0,0.0,0.9886480908152735
123,RBF SVM — PCA 2,rbf,2,0.01,0.1,1,364,91,0.6263736263736264,0.0,0.0,0.0,0.9871001031991744
123,RBF SVM — PCA 2,rbf,2,0.01,1.0,1,364,91,0.6263736263736264,0.0,0.0,0.0,0.9772961816305469
123,RBF SVM — PCA 2,rbf,2,0.1,scale,1,364,91,0.9340659340659341,0.9375,0.8823529411764706,0.9090909090909091,0.9917440660474717
123,RBF SVM — PCA 2,rbf,2,0.1,auto,1,364,91,0.9230769230769231,0.8857142857142857,0.9117647058823529,0.8985507246376812,0.9819401444788443
123,RBF SVM — PCA 2,rbf,2,0.1,0.01,1,364,91,0.9230769230769231,0.9655172413793104,0.8235294117647058,0.8888888888888888,0.9917440660474717
123,RBF SVM — PCA 2,rbf,2,0.1,0.1,1,364,91,0.9340659340659341,0.9375,0.8823529411764706,0.9090909090909091,0.9922600619195047
123,RBF SVM — PCA 2,rbf,2,0.1,1.0,1,364,91,0.9340659340659341,0.9117647058823529,0.9117647058823529,0.9117647058823529,0.9772961816305469
123,RBF SVM — PCA 2,rbf,2,1.0,scale,1,364,91,0.9340659340659341,0.9375,0.8823529411764706,0.9090909090909091,0.9938080495356038
123,RBF SVM — PCA 2,rbf,2,1.0,auto,1,364,91,0.967032967032967,0.9428571428571428,0.9705882352941176,0.9565217391304348,0.9891640866873065
123,RBF SVM — PCA 2,rbf,2,1.0,0.01,1,364,91,0.9340659340659341,0.9375,0.8823529411764706,0.9090909090909091,0.9938080495356038
123,RBF SVM — PCA 2,rbf,2,1.0,0.1,1,364,91,0.945054945054945,0.9393939393939394,0.9117647058823529,0.9253731343283582,0.9927760577915377
123,RBF SVM — PCA 2,rbf,2,1.0,1.0,1,364,91,0.9560439560439561,0.9166666666666666,0.9705882352941176,0.9428571428571428,0.9871001031991744
123,RBF SVM — PCA 2,rbf,2,10.0,scale,1,364,91,0.945054945054945,0.9393939393939394,0.9117647058823529,0.9253731343283582,0.9943240454076367
123,RBF SVM — PCA 2,rbf,2,10.0,auto,1,364,91,0.967032967032967,0.9428571428571428,0.9705882352941176,0.9565217391304348,0.9705882352941176
123,RBF SVM — PCA 2,rbf,2,10.0,0.01,1,364,91,0.9340659340659341,0.9375,0.8823529411764706,0.9090909090909091,0.9943240454076367
123,RBF SVM — PCA 2,rbf,2,10.0,0.1,1,364,91,0.967032967032967,0.9428571428571428,0.9705882352941176,0.9565217391304348,0.9927760577915378
123,RBF SVM — PCA 2,rbf,2,10.0,1.0,1,364,91,0.9230769230769231,0.9090909090909091,0.8823529411764706,0.8955223880597015,0.9747162022703818
123,RBF SVM — PCA 2,rbf,2,100.0,scale,1,364,91,0.967032967032967,0.9428571428571428,0.9705882352941176,0.9565217391304348,0.9912280701754387
123,RBF SVM — PCA 2,rbf,2,100.0,auto,1,364,91,0.9120879120879121,0.8823529411764706,0.8823529411764706,0.8823529411764706,0.957172342621259
123,RBF SVM — PCA 2,rbf,2,100.0,0.01,1,364,91,0.9340659340659341,0.9375,0.8823529411764706,0.9090909090909091,0.9943240454076367
123,RBF SVM — PCA 2,rbf,2,100.0,0.1,1,364,91,0.967032967032967,0.9428571428571428,0.9705882352941176,0.9565217391304348,0.9927760577915378
123,RBF SVM — PCA 2,rbf,2,100.0,1.0,1,364,91,0.9230769230769231,0.8648648648648649,0.9411764705882353,0.9014084507042254,0.9530443756449948
123,RBF SVM — PCA 2,rbf,2,0.01,scale,2,364,91,0.7252747252747253,1.0,0.2647058823529412,0.4186046511627907,0.9917440660474717
123,RBF SVM — PCA 2,rbf,2,0.01,auto,2,364,91,0.6263736263736264,0.0,0.0,0.0,0.9803921568627451
123,RBF SVM — PCA 2,rbf,2,0.01,0.01,2,364,91,0.6263736263736264,0.0,0.0,0.0,0.9917440660474717
123,RBF SVM — PCA 2,rbf,2,0.01,0.1,2,364,91,0.6263736263736264,0.0,0.0,0.0,0.9896800825593395
123,RBF SVM — PCA 2,rbf,2,0.01,1.0,2,364,91,0.6263736263736264,0.0,0.0,0.0,0.976264189886481
123,RBF SVM — PCA 2,rbf,2,0.1,scale,2,364,91,0.9560439560439561,0.96875,0.9117647058823529,0.9393939393939394,0.9927760577915377
123,RBF SVM — PCA 2,rbf,2,0.1,auto,2,364,91,0.945054945054945,0.9142857142857143,0.9411764705882353,0.927536231884058,0.9798761609907121
123,RBF SVM — PCA 2,rbf,2,0.1,0.01,2,364,91,0.945054945054945,0.967741935483871,0.8823529411764706,0.9230769230769231,0.9927760577915377
123,RBF SVM — PCA 2,rbf,2,0.1,0.1,2,364,91,0.945054945054945,0.9393939393939394,0.9117647058823529,0.9253731343283582,0.9881320949432405
123,RBF SVM — PCA 2,rbf,2,0.1,1.0,2,364,91,0.9010989010989011,0.9310344827586207,0.7941176470588235,0.8571428571428571,0.9757481940144479
123,RBF SVM — PCA 2,rbf,2,1.0,scale,2,364,91,0.9560439560439561,0.9411764705882353,0.9411764705882353,0.9411764705882353,0.9886480908152735
123,RBF SVM — PCA 2,rbf,2,1.0,auto,2,364,91,0.9560439560439561,0.9166666666666666,0.9705882352941176,0.9428571428571428,0.9514963880288958
123,RBF SVM — PCA 2,rbf,2,1.0,0.01,2,364,91,0.9560439560439561,0.9411764705882353,0.9411764705882353,0.9411764705882353,0.9917440660474717
123,RBF SVM — PCA 2,rbf,2,1.0,0.1,2,364,91,0.967032967032967,0.9428571428571428,0.9705882352941176,0.9565217391304348,0.9824561403508772
123,RBF SVM — PCA 2,rbf,2,1.0,1.0,2,364,91,0.9560439560439561,0.9166666666666666,0.9705882352941176,0.9428571428571428,0.9607843137254902
123,RBF SVM — PCA 2,rbf,2,10.0,scale,2,364,91,0.967032967032967,0.9428571428571428,0.9705882352941176,0.9565217391304348,0.9747162022703818
123,RBF SVM — PCA 2,rbf,2,10.0,auto,2,364,91,0.967032967032967,0.9428571428571428,0.9705882352941176,0.9565217391304348,0.9411764705882353
123,RBF SVM — PCA 2,rbf,2,10.0,0.01,2,364,91,0.967032967032967,0.9428571428571428,0.9705882352941176,0.9565217391304348,0.9891640866873065
123,RBF SVM — PCA 2,rbf,2,10.0,0.1,2,364,91,0.967032967032967,0.9428571428571428,0.9705882352941176,0.9565217391304348,0.956656346749226
123,RBF SVM — PCA 2,rbf,2,10.0,1.0,2,364,91,0.967032967032967,0.9428571428571428,0.9705882352941176,0.9565217391304348,0.9422084623323014
123,RBF SVM — PCA 2,rbf,2,100.0,scale,2,364,91,0.967032967032967,0.9428571428571428,0.9705882352941176,0.9565217391304348,0.9618163054695563
123,RBF SVM — PCA 2,rbf,2,100.0,auto,2,364,91,0.9560439560439561,0.9411764705882353,0.9411764705882353,0.9411764705882353,0.9391124871001032
123,RBF SVM — PCA 2,rbf,2,100.0,0.01,2,364,91,0.967032967032967,0.9428571428571428,0.9705882352941176,0.9565217391304348,0.9871001031991744
123,RBF SVM — PCA 2,rbf,2,100.0,0.1,2,364,91,0.967032967032967,0.9428571428571428,0.9705882352941176,0.9565217391304348,0.9587203302373581
123,RBF SVM — PCA 2,rbf,2,100.0,1.0,2,364,91,0.9560439560439561,0.9411764705882353,0.9411764705882353,0.9411764705882353,0.9189886480908154
123,RBF SVM — PCA 2,rbf,2,0.01,scale,3,364,91,0.6923076923076923,1.0,0.17647058823529413,0.3,0.9814241486068112
123,RBF SVM — PCA 2,rbf,2,0.01,auto,3,364,91,0.6263736263736264,0.0,0.0,0.0,0.9855521155830753
123,RBF SVM — PCA 2,rbf,2,0.01,0.01,3,364,91,0.6263736263736264,0.0,0.0,0.0,0.9834881320949433
123,RBF SVM — PCA 2,rbf,2,0.01,0.1,3,364,91,0.6373626373626373,1.0,0.029411764705882353,0.05714285714285714,0.9829721362229102
123,RBF SVM — PCA 2,rbf,2,0.01,1.0,3,364,91,0.6263736263736264,0.0,0.0,0.0,0.9881320949432404
123,RBF SVM — PCA 2,rbf,2,0.1,scale,3,364,91,0.9010989010989011,0.9310344827586207,0.7941176470588235,0.8571428571428571,0.9896800825593395
123,RBF SVM — PCA 2,rbf,2,0.1,auto,3,364,91,0.945054945054945,0.9393939393939394,0.9117647058823529,0.9253731343283582,0.9855521155830753
123,RBF SVM — PCA 2,rbf,2,0.1,0.01,3,364,91,0.9120879120879121,1.0,0.7647058823529411,0.8666666666666667,0.9881320949432404
123,RBF SVM — PCA 2,rbf,2,0.1,0.1,3,364,91,0.9230769230769231,0.9354838709677419,0.8529411764705882,0.8923076923076924,0.9886480908152735
123,RBF SVM — PCA 2,rbf,2,0.1,1.0,3,364,91,0.9230769230769231,1.0,0.7941176470588235,0.8852459016393442,0.9886480908152735
123,RBF SVM — PCA 2,rbf,2,1.0,scale,3,364,91,0.9230769230769231,0.9354838709677419,0.8529411764705882,0.8923076923076924,0.9901960784313726
123,RBF SVM — PCA 2,rbf,2,1.0,auto,3,364,91,0.945054945054945,0.9142857142857143,0.9411764705882353,0.927536231884058,0.9932920536635707
123,RBF SVM — PCA 2,rbf,2,1.0,0.01,3,364,91,0.945054945054945,0.967741935483871,0.8823529411764706,0.9230769230769231,0.9912280701754386
123,RBF SVM — PCA 2,rbf,2,1.0,0.1,3,364,91,0.9120879120879121,0.9333333333333333,0.8235294117647058,0.875,0.9891640866873065
123,RBF SVM — PCA 2,rbf,2,1.0,1.0,3,364,91,0.9560439560439561,0.9411764705882353,0.9411764705882353,0.9411764705882353,0.9876160990712075
123,RBF SVM — PCA 2,rbf,2,10.0,scale,3,364,91,0.9230769230769231,0.9655172413793104,0.8235294117647058,0.8888888888888888,0.9901960784313726
123,RBF SVM — PCA 2,rbf,2,10.0,auto,3,364,91,0.9340659340659341,0.9375,0.8823529411764706,0.9090909090909091,0.9695562435500515
123,RBF SVM — PCA 2,rbf,2,10.0,0.01,3,364,91,0.9340659340659341,0.9666666666666667,0.8529411764705882,0.90625,0.9932920536635707
123,RBF SVM — PCA 2,rbf,2,10.0,0.1,3,364,91,0.945054945054945,0.967741935483871,0.8823529411764706,0.9230769230769231,0.9912280701754386
123,RBF SVM — PCA 2,rbf,2,10.0,1.0,3,364,91,0.9340659340659341,0.9375,0.8823529411764706,0.9090909090909091,0.9256965944272445
123,RBF SVM — PCA 2,rbf,2,100.0,scale,3,364,91,0.9560439560439561,0.96875,0.9117647058823529,0.9393939393939394,0.9922600619195046
123,RBF SVM — PCA 2,rbf,2,100.0,auto,3,364,91,0.9230769230769231,0.9354838709677419,0.8529411764705882,0.8923076923076924,0.8782249742002064
123,RBF SVM — PCA 2,rbf,2,100.0,0.01,3,364,91,0.967032967032967,0.9696969696969697,0.9411764705882353,0.9552238805970149,0.9943240454076367
123,RBF SVM — PCA 2,rbf,2,100.0,0.1,3,364,91,0.9340659340659341,0.9375,0.8823529411764706,0.9090909090909091,0.9871001031991744
123,RBF SVM — PCA 2,rbf,2,100.0,1.0,3,364,91,0.9230769230769231,0.9354838709677419,0.8529411764705882,0.8923076923076924,0.9164086687306501
123,RBF SVM — PCA 2,rbf,2,0.01,scale,4,364,91,0.7472527472527473,1.0,0.3235294117647059,0.4888888888888889,0.9422084623323014
123,RBF SVM — PCA 2,rbf,2,0.01,auto,4,364,91,0.6263736263736264,0.0,0.0,0.0,0.9324045407636739
123,RBF SVM — PCA 2,rbf,2,0.01,0.01,4,364,91,0.6263736263736264,0.0,0.0,0.0,0.9489164086687306
123,RBF SVM — PCA 2,rbf,2,0.01,0.1,4,364,91,0.6263736263736264,0.0,0.0,0.0,0.9401444788441692
123,RBF SVM — PCA 2,rbf,2,0.01,1.0,4,364,91,0.6263736263736264,0.0,0.0,0.0,0.9236326109391124
123,RBF SVM — PCA 2,rbf,2,0.1,scale,4,364,91,0.8901098901098901,0.9,0.7941176470588235,0.84375,0.9525283797729618
123,RBF SVM — PCA 2,rbf,2,0.1,auto,4,364,91,0.8461538461538461,0.7777777777777778,0.8235294117647058,0.8,0.9313725490196078
123,RBF SVM — PCA 2,rbf,2,0.1,0.01,4,364,91,0.8901098901098901,0.9285714285714286,0.7647058823529411,0.8387096774193549,0.957172342621259
123,RBF SVM — PCA 2,rbf,2,0.1,0.1,4,364,91,0.8791208791208791,0.8709677419354839,0.7941176470588235,0.8307692307692308,0.9499484004127967
123,RBF SVM — PCA 2,rbf,2,0.1,1.0,4,364,91,0.8791208791208791,0.8484848484848485,0.8235294117647058,0.835820895522388,0.9256965944272446
123,RBF SVM — PCA 2,rbf,2,1.0,scale,4,364,91,0.8901098901098901,0.9,0.7941176470588235,0.84375,0.9530443756449948
123,RBF SVM — PCA 2,rbf,2,1.0,auto,4,364,91,0.8791208791208791,0.8709677419354839,0.7941176470588235,0.8307692307692308,0.9215686274509803
123,RBF SVM — PCA 2,rbf,2,1.0,0.01,4,364,91,0.8681318681318682,0.8666666666666667,0.7647058823529411,0.8125,0.9633642930856553
123,RBF SVM — PCA 2,rbf,2,1.0,0.1,4,364,91,0.8791208791208791,0.8709677419354839,0.7941176470588235,0.8307692307692308,0.9463364293085655
123,RBF SVM — PCA 2,rbf,2,1.0,1.0,4,364,91,0.8901098901098901,0.875,0.8235294117647058,0.8484848484848485,0.9380804953560371
123,RBF SVM — PCA 2,rbf,2,10.0,scale,4,364,91,0.8791208791208791,0.8709677419354839,0.7941176470588235,0.8307692307692308,0.9422084623323014
123,RBF SVM — PCA 2,rbf,2,10.0,auto,4,364,91,0.8681318681318682,0.8928571428571429,0.7352941176470589,0.8064516129032258,0.9251805985552115
123,RBF SVM — PCA 2,rbf,2,10.0,0.01,4,364,91,0.8791208791208791,0.8484848484848485,0.8235294117647058,0.835820895522388,0.9638802889576883
123,RBF SVM — PCA 2,rbf,2,10.0,0.1,4,364,91,0.8791208791208791,0.8709677419354839,0.7941176470588235,0.8307692307692308,0.9287925696594427
123,RBF SVM — PCA 2,rbf,2,10.0,1.0,4,364,91,0.8681318681318682,0.8928571428571429,0.7352941176470589,0.8064516129032258,0.9478844169246645
123,RBF SVM — PCA 2,rbf,2,100.0,scale,4,364,91,0.8681318681318682,0.8666666666666667,0.7647058823529411,0.8125,0.8957688338493291
123,RBF SVM — PCA 2,rbf,2,100.0,auto,4,364,91,0.8681318681318682,0.8928571428571429,0.7352941176470589,0.8064516129032258,0.9200206398348812
123,RBF SVM — PCA 2,rbf,2,100.0,0.01,4,364,91,0.8901098901098901,0.875,0.8235294117647058,0.8484848484848485,0.9592363261093911
123,RBF SVM — PCA 2,rbf,2,100.0,0.1,4,364,91,0.8571428571428571,0.8620689655172413,0.7352941176470589,0.7936507936507936,0.9035087719298245
123,RBF SVM — PCA 2,rbf,2,100.0,1.0,4,364,91,0.8681318681318682,0.8928571428571429,0.7352941176470589,0.8064516129032258,0.891124871001032
123,RBF SVM — PCA 2,rbf,2,0.01,scale,5,364,91,0.7802197802197802,1.0,0.4117647058823529,0.5833333333333334,0.978328173374613
123,RBF SVM — PCA 2,rbf,2,0.01,auto,5,364,91,0.6263736263736264,0.0,0.0,0.0,0.9654282765737874
123,RBF SVM — PCA 2,rbf,2,0.01,0.01,5,364,91,0.6263736263736264,0.0,0.0,0.0,0.9845201238390093
123,RBF SVM — PCA 2,rbf,2,0.01,0.1,5,364,91,0.6263736263736264,0.0,0.0,0.0,0.9731682146542827
123,RBF SVM — PCA 2,rbf,2,0.01,1.0,5,364,91,0.6263736263736264,0.0,0.0,0.0,0.9793601651186791
123,RBF SVM — PCA 2,rbf,2,0.1,scale,5,364,91,0.9560439560439561,1.0,0.8823529411764706,0.9375,0.9834881320949432
123,RBF SVM — PCA 2,rbf,2,0.1,auto,5,364,91,0.945054945054945,0.9142857142857143,0.9411764705882353,0.927536231884058,0.9649122807017545
123,RBF SVM — PCA 2,rbf,2,0.1,0.01,5,364,91,0.9560439560439561,1.0,0.8823529411764706,0.9375,0.9865841073271414
123,RBF SVM — PCA 2,rbf,2,0.1,0.1,5,364,91,0.9560439560439561,1.0,0.8823529411764706,0.9375,0.9757481940144479
123,RBF SVM — PCA 2,rbf,2,0.1,1.0,5,364,91,0.967032967032967,1.0,0.9117647058823529,0.9538461538461539,0.9803921568627451
123,RBF SVM — PCA 2,rbf,2,1.0,scale,5,364,91,0.9560439560439561,1.0,0.8823529411764706,0.9375,0.9793601651186791
123,RBF SVM — PCA 2,rbf,2,1.0,auto,5,364,91,0.967032967032967,0.9696969696969697,0.9411764705882353,0.9552238805970149,0.9685242518059856
123,RBF SVM — PCA 2,rbf,2,1.0,0.01,5,364,91,0.967032967032967,1.0,0.9117647058823529,0.9538461538461539,0.9881320949432404
123,RBF SVM — PCA 2,rbf,2,1.0,0.1,5,364,91,0.967032967032967,1.0,0.9117647058823529,0.9538461538461539,0.975748194014448
123,RBF SVM — PCA 2,rbf,2,1.0,1.0,5,364,91,0.9560439560439561,0.9411764705882353,0.9411764705882353,0.9411764705882353,0.9674922600619195
123,RBF SVM — PCA 2,rbf,2,10.0,scale,5,364,91,0.978021978021978,1.0,0.9411764705882353,0.9696969696969697,0.976780185758514
123,RBF SVM — PCA 2,rbf,2,10.0,auto,5,364,91,0.9560439560439561,0.9411764705882353,0.9411764705882353,0.9411764705882353,0.9484004127966976
123,RBF SVM — PCA 2,rbf,2,10.0,0.01,5,364,91,0.978021978021978,1.0,0.9411764705882353,0.9696969696969697,0.9886480908152735
123,RBF SVM — PCA 2,rbf,2,10.0,0.1,5,364,91,0.978021978021978,1.0,0.9411764705882353,0.9696969696969697,0.9618163054695562
123,RBF SVM — PCA 2,rbf,2,10.0,1.0,5,364,91,0.9560439560439561,0.9411764705882353,0.9411764705882353,0.9411764705882353,0.9416924664602683
123,RBF SVM — PCA 2,rbf,2,100.0,scale,5,364,91,0.967032967032967,0.9696969696969697,0.9411764705882353,0.9552238805970149,0.9607843137254901
123,RBF SVM — PCA 2,rbf,2,100.0,auto,5,364,91,0.9560439560439561,0.9411764705882353,0.9411764705882353,0.9411764705882353,0.9458204334365324
123,RBF SVM — PCA 2,rbf,2,100.0,0.01,5,364,91,0.967032967032967,1.0,0.9117647058823529,0.9538461538461539,0.9881320949432404
123,RBF SVM — PCA 2,rbf,2,100.0,0.1,5,364,91,0.978021978021978,1.0,0.9411764705882353,0.9696969696969697,0.9649122807017544
123,RBF SVM — PCA 2,rbf,2,100.0,1.0,5,364,91,0.9560439560439561,0.9411764705882353,0.9411764705882353,0.9411764705882353,0.9494324045407637
123,Linear SVM — PCA 4,linear,4,0.01,none,1,364,91,0.967032967032967,1.0,0.9117647058823529,0.9538461538461539,0.9989680082559339
123,Linear SVM — PCA 4,linear,4,0.1,none,1,364,91,0.989010989010989,1.0,0.9705882352941176,0.9850746268656716,1.0
123,Linear SVM — PCA 4,linear,4,1.0,none,1,364,91,0.989010989010989,1.0,0.9705882352941176,0.9850746268656716,1.0
123,Linear SVM — PCA 4,linear,4,10.0,none,1,364,91,0.989010989010989,1.0,0.9705882352941176,0.9850746268656716,1.0
123,Linear SVM — PCA 4,linear,4,100.0,none,1,364,91,0.989010989010989,1.0,0.9705882352941176,0.9850746268656716,1.0
123,Linear SVM — PCA 4,linear,4,0.01,none,2,364,91,0.967032967032967,1.0,0.9117647058823529,0.9538461538461539,0.9963880288957688
123,Linear SVM — PCA 4,linear,4,0.1,none,2,364,91,0.967032967032967,0.9696969696969697,0.9411764705882353,0.9552238805970149,0.9969040247678019
123,Linear SVM — PCA 4,linear,4,1.0,none,2,364,91,0.967032967032967,0.9696969696969697,0.9411764705882353,0.9552238805970149,0.9974200206398349
123,Linear SVM — PCA 4,linear,4,10.0,none,2,364,91,0.978021978021978,0.9705882352941176,0.9705882352941176,0.9705882352941176,0.9969040247678019
123,Linear SVM — PCA 4,linear,4,100.0,none,2,364,91,0.978021978021978,0.9705882352941176,0.9705882352941176,0.9705882352941176,0.9969040247678019
123,Linear SVM — PCA 4,linear,4,0.01,none,3,364,91,0.978021978021978,0.9705882352941176,0.9705882352941176,0.9705882352941176,0.9932920536635707
123,Linear SVM — PCA 4,linear,4,0.1,none,3,364,91,0.967032967032967,0.9428571428571428,0.9705882352941176,0.9565217391304348,0.9932920536635707
123,Linear SVM — PCA 4,linear,4,1.0,none,3,364,91,0.9560439560439561,0.9166666666666666,0.9705882352941176,0.9428571428571428,0.9953560371517027
123,Linear SVM — PCA 4,linear,4,10.0,none,3,364,91,0.9560439560439561,0.9166666666666666,0.9705882352941176,0.9428571428571428,0.9958720330237358
123,Linear SVM — PCA 4,linear,4,100.0,none,3,364,91,0.967032967032967,0.9428571428571428,0.9705882352941176,0.9565217391304348,0.9953560371517027
123,Linear SVM — PCA 4,linear,4,0.01,none,4,364,91,0.9120879120879121,0.9642857142857143,0.7941176470588235,0.8709677419354839,0.9747162022703819
123,Linear SVM — PCA 4,linear,4,0.1,none,4,364,91,0.9120879120879121,0.9333333333333333,0.8235294117647058,0.875,0.9752321981424148
123,Linear SVM — PCA 4,linear,4,1.0,none,4,364,91,0.9340659340659341,0.9375,0.8823529411764706,0.9090909090909091,0.9726522187822497
123,Linear SVM — PCA 4,linear,4,10.0,none,4,364,91,0.9120879120879121,0.9333333333333333,0.8235294117647058,0.875,0.9742002063983488
123,Linear SVM — PCA 4,linear,4,100.0,none,4,364,91,0.9120879120879121,0.9333333333333333,0.8235294117647058,0.875,0.9742002063983488
123,Linear SVM — PCA 4,linear,4,0.01,none,5,364,91,0.9560439560439561,1.0,0.8823529411764706,0.9375,0.9958720330237358
123,Linear SVM — PCA 4,linear,4,0.1,none,5,364,91,0.9560439560439561,1.0,0.8823529411764706,0.9375,0.9958720330237358
123,Linear SVM — PCA 4,linear,4,1.0,none,5,364,91,0.9560439560439561,1.0,0.8823529411764706,0.9375,0.9958720330237358
123,Linear SVM — PCA 4,linear,4,10.0,none,5,364,91,0.967032967032967,1.0,0.9117647058823529,0.9538461538461539,0.9958720330237358
123,Linear SVM — PCA 4,linear,4,100.0,none,5,364,91,0.967032967032967,1.0,0.9117647058823529,0.9538461538461539,0.9958720330237358
123,RBF SVM — PCA 4,rbf,4,0.01,scale,1,364,91,0.6263736263736264,0.0,0.0,0.0,0.9876160990712074
123,RBF SVM — PCA 4,rbf,4,0.01,auto,1,364,91,0.6263736263736264,0.0,0.0,0.0,0.9855521155830753
123,RBF SVM — PCA 4,rbf,4,0.01,0.01,1,364,91,0.6263736263736264,0.0,0.0,0.0,0.9907120743034055
123,RBF SVM — PCA 4,rbf,4,0.01,0.1,1,364,91,0.6263736263736264,0.0,0.0,0.0,0.9860681114551083
123,RBF SVM — PCA 4,rbf,4,0.01,1.0,1,364,91,0.6263736263736264,0.0,0.0,0.0,0.9721362229102167
123,RBF SVM — PCA 4,rbf,4,0.1,scale,1,364,91,0.945054945054945,0.967741935483871,0.8823529411764706,0.9230769230769231,0.9948400412796697
123,RBF SVM — PCA 4,rbf,4,0.1,auto,1,364,91,0.9560439560439561,1.0,0.8823529411764706,0.9375,0.9860681114551084
123,RBF SVM — PCA 4,rbf,4,0.1,0.01,1,364,91,0.9340659340659341,1.0,0.8235294117647058,0.9032258064516129,0.9938080495356038
123,RBF SVM — PCA 4,rbf,4,0.1,0.1,1,364,91,0.945054945054945,0.967741935483871,0.8823529411764706,0.9230769230769231,0.9938080495356036
123,RBF SVM — PCA 4,rbf,4,0.1,1.0,1,364,91,0.6263736263736264,0.0,0.0,0.0,0.9721362229102167
123,RBF SVM — PCA 4,rbf,4,1.0,scale,1,364,91,0.989010989010989,1.0,0.9705882352941176,0.9850746268656716,0.9989680082559339
123,RBF SVM — PCA 4,rbf,4,1.0,auto,1,364,91,0.978021978021978,1.0,0.9411764705882353,0.9696969696969697,0.9932920536635707
123,RBF SVM — PCA 4,rbf,4,1.0,0.01,1,364,91,0.967032967032967,1.0,0.9117647058823529,0.9538461538461539,0.9989680082559339
123,RBF SVM — PCA 4,rbf,4,1.0,0.1,1,364,91,0.978021978021978,1.0,0.9411764705882353,0.9696969696969697,0.9974200206398349
123,RBF SVM — PCA 4,rbf,4,1.0,1.0,1,364,91,0.9230769230769231,0.8648648648648649,0.9411764705882353,0.9014084507042254,0.9721362229102167
123,RBF SVM — PCA 4,rbf,4,10.0,scale,1,364,91,0.978021978021978,1.0,0.9411764705882353,0.9696969696969697,0.9984520123839009
123,RBF SVM — PCA 4,rbf,4,10.0,auto,1,364,91,0.9340659340659341,0.8888888888888888,0.9411764705882353,0.9142857142857143,0.97781217750258
123,RBF SVM — PCA 4,rbf,4,10.0,0.01,1,364,91,0.989010989010989,1.0,0.9705882352941176,0.9850746268656716,1.0
123,RBF SVM — PCA 4,rbf,4,10.0,0.1,1,364,91,0.967032967032967,0.9696969696969697,0.9411764705882353,0.9552238805970149,0.9953560371517027
123,RBF SVM — PCA 4,rbf,4,10.0,1.0,1,364,91,0.9120879120879121,0.8421052631578947,0.9411764705882353,0.8888888888888888,0.9618163054695563
123,RBF SVM — PCA 4,rbf,4,100.0,scale,1,364,91,0.945054945054945,0.9142857142857143,0.9411764705882353,0.927536231884058,0.9938080495356036
123,RBF SVM — PCA 4,rbf,4,100.0,auto,1,364,91,0.9230769230769231,0.8857142857142857,0.9117647058823529,0.8985507246376812,0.93343653250774
123,RBF SVM — PCA 4,rbf,4,100.0,0.01,1,364,91,0.978021978021978,1.0,0.9411764705882353,0.9696969696969697,0.9994840041279669
123,RBF SVM — PCA 4,rbf,4,100.0,0.1,1,364,91,0.945054945054945,0.9142857142857143,0.9411764705882353,0.927536231884058,0.9819401444788443
123,RBF SVM — PCA 4,rbf,4,100.0,1.0,1,364,91,0.9120879120879121,0.8421052631578947,0.9411764705882353,0.8888888888888888,0.9592363261093911
123,RBF SVM — PCA 4,rbf,4,0.01,scale,2,364,91,0.6263736263736264,0.0,0.0,0.0,0.9927760577915377
123,RBF SVM — PCA 4,rbf,4,0.01,auto,2,364,91,0.6263736263736264,0.0,0.0,0.0,0.9948400412796697
123,RBF SVM — PCA 4,rbf,4,0.01,0.01,2,364,91,0.6263736263736264,0.0,0.0,0.0,0.9938080495356038
123,RBF SVM — PCA 4,rbf,4,0.01,0.1,2,364,91,0.6263736263736264,0.0,0.0,0.0,0.9927760577915377
123,RBF SVM — PCA 4,rbf,4,0.01,1.0,2,364,91,0.6263736263736264,0.0,0.0,0.0,0.9597523219814242
123,RBF SVM — PCA 4,rbf,4,0.1,scale,2,364,91,0.9560439560439561,1.0,0.8823529411764706,0.9375,0.9943240454076367
123,RBF SVM — PCA 4,rbf,4,0.1,auto,2,364,91,0.9010989010989011,1.0,0.7352941176470589,0.847457627118644,0.9948400412796697
123,RBF SVM — PCA 4,rbf,4,0.1,0.01,2,364,91,0.9560439560439561,1.0,0.8823529411764706,0.9375,0.9963880288957689
123,RBF SVM — PCA 4,rbf,4,0.1,0.1,2,364,91,0.9560439560439561,0.96875,0.9117647058823529,0.9393939393939394,0.9943240454076367
123,RBF SVM — PCA 4,rbf,4,0.1,1.0,2,364,91,0.6263736263736264,0.0,0.0,0.0,0.9602683178534572
123,RBF SVM — PCA 4,rbf,4,1.0,scale,2,364,91,0.9560439560439561,0.9411764705882353,0.9411764705882353,0.9411764705882353,0.9958720330237357
123,RBF SVM — PCA 4,rbf,4,1.0,auto,2,364,91,0.945054945054945,0.8918918918918919,0.9705882352941176,0.9295774647887324,0.9871001031991744
123,RBF SVM — PCA 4,rbf,4,1.0,0.01,2,364,91,0.978021978021978,1.0,0.9411764705882353,0.9696969696969697,0.9974200206398349
123,RBF SVM — PCA 4,rbf,4,1.0,0.1,2,364,91,0.9560439560439561,0.9411764705882353,0.9411764705882353,0.9411764705882353,0.9943240454076367
123,RBF SVM — PCA 4,rbf,4,1.0,1.0,2,364,91,0.8461538461538461,0.8846153846153846,0.6764705882352942,0.7666666666666667,0.9535603715170279
123,RBF SVM — PCA 4,rbf,4,10.0,scale,2,364,91,0.978021978021978,0.9705882352941176,0.9705882352941176,0.9705882352941176,0.9922600619195046
123,RBF SVM — PCA 4,rbf,4,10.0,auto,2,364,91,0.9120879120879121,0.8421052631578947,0.9411764705882353,0.8888888888888888,0.9499484004127966
123,RBF SVM — PCA 4,rbf,4,10.0,0.01,2,364,91,0.9560439560439561,0.9411764705882353,0.9411764705882353,0.9411764705882353,0.9953560371517027
123,RBF SVM — PCA 4,rbf,4,10.0,0.1,2,364,91,0.9340659340659341,0.868421052631579,0.9705882352941176,0.9166666666666666,0.976780185758514
123,RBF SVM — PCA 4,rbf,4,10.0,1.0,2,364,91,0.8681318681318682,0.8666666666666667,0.7647058823529411,0.8125,0.9494324045407637
123,RBF SVM — PCA 4,rbf,4,100.0,scale,2,364,91,0.945054945054945,0.8918918918918919,0.9705882352941176,0.9295774647887324,0.9788441692466461
123,RBF SVM — PCA 4,rbf,4,100.0,auto,2,364,91,0.8901098901098901,0.8,0.9411764705882353,0.8648648648648649,0.9416924664602684
123,RBF SVM — PCA 4,rbf,4,100.0,0.01,2,364,91,0.9560439560439561,0.9411764705882353,0.9411764705882353,0.9411764705882353,0.9932920536635707
123,RBF SVM — PCA 4,rbf,4,100.0,0.1,2,364,91,0.9340659340659341,0.8888888888888888,0.9411764705882353,0.9142857142857143,0.9380804953560371
123,RBF SVM — PCA 4,rbf,4,100.0,1.0,2,364,91,0.8901098901098901,0.8333333333333334,0.8823529411764706,0.8571428571428571,0.9494324045407637
123,RBF SVM — PCA 4,rbf,4,0.01,scale,3,364,91,0.6263736263736264,0.0,0.0,0.0,0.9896800825593395
123,RBF SVM — PCA 4,rbf,4,0.01,auto,3,364,91,0.6263736263736264,0.0,0.0,0.0,0.9881320949432405
123,RBF SVM — PCA 4,rbf,4,0.01,0.01,3,364,91,0.6263736263736264,0.0,0.0,0.0,0.9881320949432404
123,RBF SVM — PCA 4,rbf,4,0.01,0.1,3,364,91,0.6263736263736264,0.0,0.0,0.0,0.9922600619195047
123,RBF SVM — PCA 4,rbf,4,0.01,1.0,3,364,91,0.6263736263736264,0.0,0.0,0.0,0.9587203302373581
123,RBF SVM — PCA 4,rbf,4,0.1,scale,3,364,91,0.945054945054945,0.967741935483871,0.8823529411764706,0.9230769230769231,0.9927760577915378
123,RBF SVM — PCA 4,rbf,4,0.1,auto,3,364,91,0.8901098901098901,0.9285714285714286,0.7647058823529411,0.8387096774193549,0.9876160990712075
123,RBF SVM — PCA 4,rbf,4,0.1,0.01,3,364,91,0.9230769230769231,1.0,0.7941176470588235,0.8852459016393442,0.9901960784313726
123,RBF SVM — PCA 4,rbf,4,0.1,0.1,3,364,91,0.9560439560439561,0.9166666666666666,0.9705882352941176,0.9428571428571428,0.9943240454076367
123,RBF SVM — PCA 4,rbf,4,0.1,1.0,3,364,91,0.6263736263736264,0.0,0.0,0.0,0.9587203302373581
123,RBF SVM — PCA 4,rbf,4,1.0,scale,3,364,91,0.967032967032967,0.9428571428571428,0.9705882352941176,0.9565217391304348,0.9989680082559339
123,RBF SVM — PCA 4,rbf,4,1.0,auto,3,364,91,0.945054945054945,0.8918918918918919,0.9705882352941176,0.9295774647887324,0.9850361197110422
123,RBF SVM — PCA 4,rbf,4,1.0,0.01,3,364,91,0.978021978021978,0.9705882352941176,0.9705882352941176,0.9705882352941176,0.9974200206398349
123,RBF SVM — PCA 4,rbf,4,1.0,0.1,3,364,91,0.967032967032967,0.9428571428571428,0.9705882352941176,0.9565217391304348,0.9963880288957687
123,RBF SVM — PCA 4,rbf,4,1.0,1.0,3,364,91,0.8901098901098901,0.8,0.9411764705882353,0.8648648648648649,0.9473684210526316
123,RBF SVM — PCA 4,rbf,4,10.0,scale,3,364,91,0.9560439560439561,0.9166666666666666,0.9705882352941176,0.9428571428571428,0.9979360165118679
123,RBF SVM — PCA 4,rbf,4,10.0,auto,3,364,91,0.8681318681318682,0.7894736842105263,0.8823529411764706,0.8333333333333334,0.9520123839009288
123,RBF SVM — PCA 4,rbf,4,10.0,0.01,3,364,91,0.967032967032967,0.9428571428571428,0.9705882352941176,0.9565217391304348,0.998452012383901
123,RBF SVM — PCA 4,rbf,4,10.0,0.1,3,364,91,0.945054945054945,0.8918918918918919,0.9705882352941176,0.9295774647887324,0.9762641898864809
123,RBF SVM — PCA 4,rbf,4,10.0,1.0,3,364,91,0.8461538461538461,0.7380952380952381,0.9117647058823529,0.8157894736842105,0.8942208462332302
123,RBF SVM — PCA 4,rbf,4,100.0,scale,3,364,91,0.9340659340659341,0.8888888888888888,0.9411764705882353,0.9142857142857143,0.9643962848297214
123,RBF SVM — PCA 4,rbf,4,100.0,auto,3,364,91,0.8571428571428571,0.7560975609756098,0.9117647058823529,0.8266666666666667,0.8957688338493293
123,RBF SVM — PCA 4,rbf,4,100.0,0.01,3,364,91,0.945054945054945,0.8717948717948718,1.0,0.9315068493150684,1.0
123,RBF SVM — PCA 4,rbf,4,100.0,0.1,3,364,91,0.8791208791208791,0.8108108108108109,0.8823529411764706,0.8450704225352113,0.9365325077399381
123,RBF SVM — PCA 4,rbf,4,100.0,1.0,3,364,91,0.8461538461538461,0.7380952380952381,0.9117647058823529,0.8157894736842105,0.8916408668730651
123,RBF SVM — PCA 4,rbf,4,0.01,scale,4,364,91,0.6263736263736264,0.0,0.0,0.0,0.9530443756449949
123,RBF SVM — PCA 4,rbf,4,0.01,auto,4,364,91,0.6263736263736264,0.0,0.0,0.0,0.9504643962848297
123,RBF SVM — PCA 4,rbf,4,0.01,0.01,4,364,91,0.6263736263736264,0.0,0.0,0.0,0.9540763673890609
123,RBF SVM — PCA 4,rbf,4,0.01,0.1,4,364,91,0.6263736263736264,0.0,0.0,0.0,0.9514963880288958
123,RBF SVM — PCA 4,rbf,4,0.01,1.0,4,364,91,0.6263736263736264,0.0,0.0,0.0,0.9272445820433437
123,RBF SVM — PCA 4,rbf,4,0.1,scale,4,364,91,0.9120879120879121,0.9333333333333333,0.8235294117647058,0.875,0.9602683178534572
123,RBF SVM — PCA 4,rbf,4,0.1,auto,4,364,91,0.8241758241758241,0.9090909090909091,0.5882352941176471,0.7142857142857143,0.9504643962848297
123,RBF SVM — PCA 4,rbf,4,0.1,0.01,4,364,91,0.9120879120879121,1.0,0.7647058823529411,0.8666666666666667,0.9643962848297214
123,RBF SVM — PCA 4,rbf,4,0.1,0.1,4,364,91,0.9010989010989011,0.9032258064516129,0.8235294117647058,0.8615384615384616,0.9597523219814241
123,RBF SVM — PCA 4,rbf,4,0.1,1.0,4,364,91,0.6263736263736264,0.0,0.0,0.0,0.9277605779153767
123,RBF SVM — PCA 4,rbf,4,1.0,scale,4,364,91,0.9010989010989011,0.9032258064516129,0.8235294117647058,0.8615384615384616,0.9680082559339525
123,RBF SVM — PCA 4,rbf,4,1.0,auto,4,364,91,0.9010989010989011,0.8787878787878788,0.8529411764705882,0.8656716417910447,0.9422084623323014
123,RBF SVM — PCA 4,rbf,4,1.0,0.01,4,364,91,0.9010989010989011,0.9310344827586207,0.7941176470588235,0.8571428571428571,0.9757481940144479
123,RBF SVM — PCA 4,rbf,4,1.0,0.1,4,364,91,0.9010989010989011,0.9032258064516129,0.8235294117647058,0.8615384615384616,0.9535603715170279
123,RBF SVM — PCA 4,rbf,4,1.0,1.0,4,364,91,0.8351648351648352,0.7567567567567568,0.8235294117647058,0.7887323943661971,0.9130546955624355
123,RBF SVM — PCA 4,rbf,4,10.0,scale,4,364,91,0.9120879120879121,0.90625,0.8529411764705882,0.8787878787878788,0.9669762641898865
123,RBF SVM — PCA 4,rbf,4,10.0,auto,4,364,91,0.8791208791208791,0.8108108108108109,0.8823529411764706,0.8450704225352113,0.9220846233230133
123,RBF SVM — PCA 4,rbf,4,10.0,0.01,4,364,91,0.9230769230769231,0.9354838709677419,0.8529411764705882,0.8923076923076924,0.9742002063983488
123,RBF SVM — PCA 4,rbf,4,10.0,0.1,4,364,91,0.9120879120879121,0.90625,0.8529411764705882,0.8787878787878788,0.954592363261094
123,RBF SVM — PCA 4,rbf,4,10.0,1.0,4,364,91,0.8351648351648352,0.7435897435897436,0.8529411764705882,0.7945205479452054,0.8918988648090815
123,RBF SVM — PCA 4,rbf,4,100.0,scale,4,364,91,0.9010989010989011,0.9032258064516129,0.8235294117647058,0.8615384615384616,0.9623323013415893
123,RBF SVM — PCA 4,rbf,4,100.0,auto,4,364,91,0.8461538461538461,0.7777777777777778,0.8235294117647058,0.8,0.8787409700722394
123,RBF SVM — PCA 4,rbf,4,100.0,0.01,4,364,91,0.9010989010989011,0.9310344827586207,0.7941176470588235,0.8571428571428571,0.9747162022703819
123,RBF SVM — PCA 4,rbf,4,100.0,0.1,4,364,91,0.8791208791208791,0.8285714285714286,0.8529411764705882,0.8405797101449275,0.9365325077399379
123,RBF SVM — PCA 4,rbf,4,100.0,1.0,4,364,91,0.8351648351648352,0.7435897435897436,0.8529411764705882,0.7945205479452054,0.8918988648090815
123,RBF SVM — PCA 4,rbf,4,0.01,scale,5,364,91,0.6263736263736264,0.0,0.0,0.0,0.9845201238390092
123,RBF SVM — PCA 4,rbf,4,0.01,auto,5,364,91,0.6263736263736264,0.0,0.0,0.0,0.9716202270381836
123,RBF SVM — PCA 4,rbf,4,0.01,0.01,5,364,91,0.6263736263736264,0.0,0.0,0.0,0.9881320949432404
123,RBF SVM — PCA 4,rbf,4,0.01,0.1,5,364,91,0.6263736263736264,0.0,0.0,0.0,0.9798761609907121
123,RBF SVM — PCA 4,rbf,4,0.01,1.0,5,364,91,0.6263736263736264,0.0,0.0,0.0,0.9499484004127967
123,RBF SVM — PCA 4,rbf,4,0.1,scale,5,364,91,0.9560439560439561,1.0,0.8823529411764706,0.9375,0.9876160990712075
123,RBF SVM — PCA 4,rbf,4,0.1,auto,5,364,91,0.945054945054945,1.0,0.8529411764705882,0.9206349206349206,0.9721362229102167
123,RBF SVM — PCA 4,rbf,4,0.1,0.01,5,364,91,0.9560439560439561,1.0,0.8823529411764706,0.9375,0.9922600619195048
123,RBF SVM — PCA 4,rbf,4,0.1,0.1,5,364,91,0.9560439560439561,1.0,0.8823529411764706,0.9375,0.9824561403508771
123,RBF SVM — PCA 4,rbf,4,0.1,1.0,5,364,91,0.6263736263736264,0.0,0.0,0.0,0.9489164086687306
123,RBF SVM — PCA 4,rbf,4,1.0,scale,5,364,91,0.9560439560439561,1.0,0.8823529411764706,0.9375,0.9932920536635707
123,RBF SVM — PCA 4,rbf,4,1.0,auto,5,364,91,0.945054945054945,0.9393939393939394,0.9117647058823529,0.9253731343283582,0.9571723426212589
123,RBF SVM — PCA 4,rbf,4,1.0,0.01,5,364,91,0.9560439560439561,1.0,0.8823529411764706,0.9375,0.9953560371517027
123,RBF SVM — PCA 4,rbf,4,1.0,0.1,5,364,91,0.967032967032967,1.0,0.9117647058823529,0.9538461538461539,0.9752321981424149
123,RBF SVM — PCA 4,rbf,4,1.0,1.0,5,364,91,0.9120879120879121,0.9642857142857143,0.7941176470588235,0.8709677419354839,0.9442724458204335
123,RBF SVM — PCA 4,rbf,4,10.0,scale,5,364,91,0.967032967032967,1.0,0.9117647058823529,0.9538461538461539,0.9912280701754386
123,RBF SVM — PCA 4,rbf,4,10.0,auto,5,364,91,0.9560439560439561,0.96875,0.9117647058823529,0.9393939393939394,0.957172342621259
123,RBF SVM — PCA 4,rbf,4,10.0,0.01,5,364,91,0.9560439560439561,1.0,0.8823529411764706,0.9375,0.9953560371517028
123,RBF SVM — PCA 4,rbf,4,10.0,0.1,5,364,91,0.9560439560439561,1.0,0.8823529411764706,0.9375,0.9623323013415893
123,RBF SVM — PCA 4,rbf,4,10.0,1.0,5,364,91,0.9340659340659341,1.0,0.8235294117647058,0.9032258064516129,0.9494324045407637
123,RBF SVM — PCA 4,rbf,4,100.0,scale,5,364,91,0.9560439560439561,1.0,0.8823529411764706,0.9375,0.9700722394220846
123,RBF SVM — PCA 4,rbf,4,100.0,auto,5,364,91,0.9560439560439561,0.96875,0.9117647058823529,0.9393939393939394,0.955108359133127
123,RBF SVM — PCA 4,rbf,4,100.0,0.01,5,364,91,0.967032967032967,1.0,0.9117647058823529,0.9538461538461539,0.9943240454076367
123,RBF SVM — PCA 4,rbf,4,100.0,0.1,5,364,91,0.945054945054945,0.9393939393939394,0.9117647058823529,0.9253731343283582,0.958204334365325
123,RBF SVM — PCA 4,rbf,4,100.0,1.0,5,364,91,0.9340659340659341,1.0,0.8235294117647058,0.9032258064516129,0.9494324045407637
456,Linear SVM — PCA 2,linear,2,0.01,none,1,364,91,0.9560439560439561,0.96875,0.9117647058823529,0.9393939393939394,0.9963880288957689
456,Linear SVM — PCA 2,linear,2,0.1,none,1,364,91,0.967032967032967,0.9428571428571428,0.9705882352941176,0.9565217391304348,0.9953560371517028
456,Linear SVM — PCA 2,linear,2,1.0,none,1,364,91,0.9560439560439561,0.9166666666666666,0.9705882352941176,0.9428571428571428,0.9943240454076367
456,Linear SVM — PCA 2,linear,2,10.0,none,1,364,91,0.9560439560439561,0.9166666666666666,0.9705882352941176,0.9428571428571428,0.9943240454076367
456,Linear SVM — PCA 2,linear,2,100.0,none,1,364,91,0.9560439560439561,0.9166666666666666,0.9705882352941176,0.9428571428571428,0.9943240454076367
456,Linear SVM — PCA 2,linear,2,0.01,none,2,364,91,0.945054945054945,1.0,0.8529411764705882,0.9206349206349206,0.9922600619195048
456,Linear SVM — PCA 2,linear,2,0.1,none,2,364,91,0.9560439560439561,1.0,0.8823529411764706,0.9375,0.9927760577915377
456,Linear SVM — PCA 2,linear,2,1.0,none,2,364,91,0.9560439560439561,1.0,0.8823529411764706,0.9375,0.9932920536635707
456,Linear SVM — PCA 2,linear,2,10.0,none,2,364,91,0.9560439560439561,1.0,0.8823529411764706,0.9375,0.9932920536635707
456,Linear SVM — PCA 2,linear,2,100.0,none,2,364,91,0.9560439560439561,1.0,0.8823529411764706,0.9375,0.9932920536635707
456,Linear SVM — PCA 2,linear,2,0.01,none,3,364,91,0.9340659340659341,0.9666666666666667,0.8529411764705882,0.90625,0.980908152734778
456,Linear SVM — PCA 2,linear,2,0.1,none,3,364,91,0.9230769230769231,0.9354838709677419,0.8529411764705882,0.8923076923076924,0.980908152734778
456,Linear SVM — PCA 2,linear,2,1.0,none,3,364,91,0.9340659340659341,0.9666666666666667,0.8529411764705882,0.90625,0.981940144478844
456,Linear SVM — PCA 2,linear,2,10.0,none,3,364,91,0.945054945054945,0.967741935483871,0.8823529411764706,0.9230769230769231,0.9824561403508771
456,Linear SVM — PCA 2,linear,2,100.0,none,3,364,91,0.945054945054945,0.967741935483871,0.8823529411764706,0.9230769230769231,0.9824561403508771
456,Linear SVM — PCA 2,linear,2,0.01,none,4,364,91,0.8901098901098901,0.9285714285714286,0.7647058823529411,0.8387096774193549,0.9798761609907121
456,Linear SVM — PCA 2,linear,2,0.1,none,4,364,91,0.8901098901098901,0.9,0.7941176470588235,0.84375,0.9814241486068112
456,Linear SVM — PCA 2,linear,2,1.0,none,4,364,91,0.9120879120879121,0.90625,0.8529411764705882,0.8787878787878788,0.980908152734778
456,Linear SVM — PCA 2,linear,2,10.0,none,4,364,91,0.9010989010989011,0.9032258064516129,0.8235294117647058,0.8615384615384616,0.980908152734778
456,Linear SVM — PCA 2,linear,2,100.0,none,4,364,91,0.9010989010989011,0.9032258064516129,0.8235294117647058,0.8615384615384616,0.980908152734778
456,Linear SVM — PCA 2,linear,2,0.01,none,5,364,91,0.9560439560439561,0.9166666666666666,0.9705882352941176,0.9428571428571428,0.9953560371517028
456,Linear SVM — PCA 2,linear,2,0.1,none,5,364,91,0.9560439560439561,0.9166666666666666,0.9705882352941176,0.9428571428571428,0.9943240454076367
456,Linear SVM — PCA 2,linear,2,1.0,none,5,364,91,0.967032967032967,0.918918918918919,1.0,0.9577464788732394,0.9963880288957689
456,Linear SVM — PCA 2,linear,2,10.0,none,5,364,91,0.967032967032967,0.918918918918919,1.0,0.9577464788732394,0.9963880288957689
456,Linear SVM — PCA 2,linear,2,100.0,none,5,364,91,0.967032967032967,0.918918918918919,1.0,0.9577464788732394,0.9963880288957689
456,RBF SVM — PCA 2,rbf,2,0.01,scale,1,364,91,0.7252747252747253,1.0,0.2647058823529412,0.4186046511627907,0.9881320949432404
456,RBF SVM — PCA 2,rbf,2,0.01,auto,1,364,91,0.6263736263736264,0.0,0.0,0.0,0.9850361197110422
456,RBF SVM — PCA 2,rbf,2,0.01,0.01,1,364,91,0.6263736263736264,0.0,0.0,0.0,0.9922600619195047
456,RBF SVM — PCA 2,rbf,2,0.01,0.1,1,364,91,0.6263736263736264,0.0,0.0,0.0,0.9881320949432404
456,RBF SVM — PCA 2,rbf,2,0.01,1.0,1,364,91,0.6263736263736264,0.0,0.0,0.0,0.9881320949432404
456,RBF SVM — PCA 2,rbf,2,0.1,scale,1,364,91,0.9560439560439561,0.96875,0.9117647058823529,0.9393939393939394,0.9943240454076367
456,RBF SVM — PCA 2,rbf,2,0.1,auto,1,364,91,0.8901098901098901,0.7727272727272727,1.0,0.8717948717948718,0.9871001031991744
456,RBF SVM — PCA 2,rbf,2,0.1,0.01,1,364,91,0.945054945054945,0.967741935483871,0.8823529411764706,0.9230769230769231,0.9963880288957688
456,RBF SVM — PCA 2,rbf,2,0.1,0.1,1,364,91,0.978021978021978,0.9705882352941176,0.9705882352941176,0.9705882352941176,0.9932920536635708
456,RBF SVM — PCA 2,rbf,2,0.1,1.0,1,364,91,0.945054945054945,0.8918918918918919,0.9705882352941176,0.9295774647887324,0.9881320949432404
456,RBF SVM — PCA 2,rbf,2,1.0,scale,1,364,91,0.9560439560439561,0.9411764705882353,0.9411764705882353,0.9411764705882353,0.9958720330237358
456,RBF SVM — PCA 2,rbf,2,1.0,auto,1,364,91,0.9560439560439561,0.8947368421052632,1.0,0.9444444444444444,0.9907120743034057
456,RBF SVM — PCA 2,rbf,2,1.0,0.01,1,364,91,0.967032967032967,0.9696969696969697,0.9411764705882353,0.9552238805970149,0.9969040247678018
456,RBF SVM — PCA 2,rbf,2,1.0,0.1,1,364,91,0.967032967032967,0.9428571428571428,0.9705882352941176,0.9565217391304348,0.9953560371517027
456,RBF SVM — PCA 2,rbf,2,1.0,1.0,1,364,91,0.9340659340659341,0.85,1.0,0.918918918918919,0.9891640866873065
456,RBF SVM — PCA 2,rbf,2,10.0,scale,1,364,91,0.9560439560439561,0.9166666666666666,0.9705882352941176,0.9428571428571428,0.9943240454076367
456,RBF SVM — PCA 2,rbf,2,10.0,auto,1,364,91,0.9560439560439561,0.8947368421052632,1.0,0.9444444444444444,0.977296181630547
456,RBF SVM — PCA 2,rbf,2,10.0,0.01,1,364,91,0.9560439560439561,0.9411764705882353,0.9411764705882353,0.9411764705882353,0.9958720330237358
456,RBF SVM — PCA 2,rbf,2,10.0,0.1,1,364,91,0.967032967032967,0.9428571428571428,0.9705882352941176,0.9565217391304348,0.9912280701754386
456,RBF SVM — PCA 2,rbf,2,10.0,1.0,1,364,91,0.9230769230769231,0.8461538461538461,0.9705882352941176,0.9041095890410958,0.9901960784313726
456,RBF SVM — PCA 2,rbf,2,100.0,scale,1,364,91,0.9560439560439561,0.9411764705882353,0.9411764705882353,0.9411764705882353,0.9912280701754386
456,RBF SVM — PCA 2,rbf,2,100.0,auto,1,364,91,0.945054945054945,0.8918918918918919,0.9705882352941176,0.9295774647887324,0.9736842105263157
456,RBF SVM — PCA 2,rbf,2,100.0,0.01,1,364,91,0.967032967032967,0.918918918918919,1.0,0.9577464788732394,0.9948400412796699
456,RBF SVM — PCA 2,rbf,2,100.0,0.1,1,364,91,0.967032967032967,0.9428571428571428,0.9705882352941176,0.9565217391304348,0.9922600619195047
456,RBF SVM — PCA 2,rbf,2,100.0,1.0,1,364,91,0.9230769230769231,0.8461538461538461,0.9705882352941176,0.9041095890410958,0.9834881320949433
456,RBF SVM — PCA 2,rbf,2,0.01,scale,2,364,91,0.7472527472527473,1.0,0.3235294117647059,0.4888888888888889,0.9829721362229102
456,RBF SVM — PCA 2,rbf,2,0.01,auto,2,364,91,0.6263736263736264,0.0,0.0,0.0,0.9829721362229102
456,RBF SVM — PCA 2,rbf,2,0.01,0.01,2,364,91,0.6263736263736264,0.0,0.0,0.0,0.9845201238390093
456,RBF SVM — PCA 2,rbf,2,0.01,0.1,2,364,91,0.6263736263736264,0.0,0.0,0.0,0.9855521155830754
456,RBF SVM — PCA 2,rbf,2,0.01,1.0,2,364,91,0.6263736263736264,0.0,0.0,0.0,0.9824561403508772
456,RBF SVM — PCA 2,rbf,2,0.1,scale,2,364,91,0.9340659340659341,0.9666666666666667,0.8529411764705882,0.90625,0.9881320949432405
456,RBF SVM — PCA 2,rbf,2,0.1,auto,2,364,91,0.945054945054945,0.967741935483871,0.8823529411764706,0.9230769230769231,0.9824561403508771
456,RBF SVM — PCA 2,rbf,2,0.1,0.01,2,364,91,0.9230769230769231,0.9655172413793104,0.8235294117647058,0.8888888888888888,0.9871001031991744
456,RBF SVM — PCA 2,rbf,2,0.1,0.1,2,364,91,0.945054945054945,0.967741935483871,0.8823529411764706,0.9230769230769231,0.9860681114551084
456,RBF SVM — PCA 2,rbf,2,0.1,1.0,2,364,91,0.945054945054945,0.967741935483871,0.8823529411764706,0.9230769230769231,0.9824561403508772
456,RBF SVM — PCA 2,rbf,2,1.0,scale,2,364,91,0.945054945054945,0.967741935483871,0.8823529411764706,0.9230769230769231,0.9917440660474717
456,RBF SVM — PCA 2,rbf,2,1.0,auto,2,364,91,0.967032967032967,0.9696969696969697,0.9411764705882353,0.9552238805970149,0.9690402476780186
456,RBF SVM — PCA 2,rbf,2,1.0,0.01,2,364,91,0.945054945054945,0.967741935483871,0.8823529411764706,0.9230769230769231,0.9927760577915377
456,RBF SVM — PCA 2,rbf,2,1.0,0.1,2,364,91,0.9340659340659341,0.9666666666666667,0.8529411764705882,0.90625,0.9886480908152735
456,RBF SVM — PCA 2,rbf,2,1.0,1.0,2,364,91,0.967032967032967,0.9696969696969697,0.9411764705882353,0.9552238805970149,0.9669762641898866
456,RBF SVM — PCA 2,rbf,2,10.0,scale,2,364,91,0.945054945054945,0.967741935483871,0.8823529411764706,0.9230769230769231,0.9891640866873064
456,RBF SVM — PCA 2,rbf,2,10.0,auto,2,364,91,0.9560439560439561,0.96875,0.9117647058823529,0.9393939393939394,0.9499484004127967
456,RBF SVM — PCA 2,rbf,2,10.0,0.01,2,364,91,0.945054945054945,0.967741935483871,0.8823529411764706,0.9230769230769231,0.9932920536635707
456,RBF SVM — PCA 2,rbf,2,10.0,0.1,2,364,91,0.9560439560439561,0.96875,0.9117647058823529,0.9393939393939394,0.9798761609907121
456,RBF SVM — PCA 2,rbf,2,10.0,1.0,2,364,91,0.945054945054945,0.967741935483871,0.8823529411764706,0.9230769230769231,0.9509803921568627
456,RBF SVM — PCA 2,rbf,2,100.0,scale,2,364,91,0.967032967032967,1.0,0.9117647058823529,0.9538461538461539,0.9767801857585139
456,RBF SVM — PCA 2,rbf,2,100.0,auto,2,364,91,0.945054945054945,0.967741935483871,0.8823529411764706,0.9230769230769231,0.9680082559339526
456,RBF SVM — PCA 2,rbf,2,100.0,0.01,2,364,91,0.9560439560439561,1.0,0.8823529411764706,0.9375,0.9932920536635707
456,RBF SVM — PCA 2,rbf,2,100.0,0.1,2,364,91,0.967032967032967,0.9696969696969697,0.9411764705882353,0.9552238805970149,0.9731682146542828
456,RBF SVM — PCA 2,rbf,2,100.0,1.0,2,364,91,0.945054945054945,0.967741935483871,0.8823529411764706,0.9230769230769231,0.9298245614035088
456,RBF SVM — PCA 2,rbf,2,0.01,scale,3,364,91,0.7252747252747253,1.0,0.2647058823529412,0.4186046511627907,0.9705882352941175
456,RBF SVM — PCA 2,rbf,2,0.01,auto,3,364,91,0.6263736263736264,0.0,0.0,0.0,0.9618163054695562
456,RBF SVM — PCA 2,rbf,2,0.01,0.01,3,364,91,0.6263736263736264,0.0,0.0,0.0,0.9767801857585139
456,RBF SVM — PCA 2,rbf,2,0.01,0.1,3,364,91,0.6263736263736264,0.0,0.0,0.0,0.9680082559339526
456,RBF SVM — PCA 2,rbf,2,0.01,1.0,3,364,91,0.6263736263736264,0.0,0.0,0.0,0.9654282765737874
456,RBF SVM — PCA 2,rbf,2,0.1,scale,3,364,91,0.9230769230769231,0.9354838709677419,0.8529411764705882,0.8923076923076924,0.9711042311661506
456,RBF SVM — PCA 2,rbf,2,0.1,auto,3,364,91,0.9120879120879121,0.90625,0.8529411764705882,0.8787878787878788,0.9649122807017544
456,RBF SVM — PCA 2,rbf,2,0.1,0.01,3,364,91,0.9340659340659341,1.0,0.8235294117647058,0.9032258064516129,0.9788441692466461
456,RBF SVM — PCA 2,rbf,2,0.1,0.1,3,364,91,0.9230769230769231,0.9354838709677419,0.8529411764705882,0.8923076923076924,0.9674922600619195
456,RBF SVM — PCA 2,rbf,2,0.1,1.0,3,364,91,0.9230769230769231,0.9354838709677419,0.8529411764705882,0.8923076923076924,0.9649122807017544
456,RBF SVM — PCA 2,rbf,2,1.0,scale,3,364,91,0.9230769230769231,0.9354838709677419,0.8529411764705882,0.8923076923076924,0.9700722394220846
456,RBF SVM — PCA 2,rbf,2,1.0,auto,3,364,91,0.9340659340659341,0.9375,0.8823529411764706,0.9090909090909091,0.9380804953560371
456,RBF SVM — PCA 2,rbf,2,1.0,0.01,3,364,91,0.9230769230769231,0.9354838709677419,0.8529411764705882,0.8923076923076924,0.9798761609907121
456,RBF SVM — PCA 2,rbf,2,1.0,0.1,3,364,91,0.9230769230769231,0.9354838709677419,0.8529411764705882,0.8923076923076924,0.9659442724458205
456,RBF SVM — PCA 2,rbf,2,1.0,1.0,3,364,91,0.945054945054945,0.9393939393939394,0.9117647058823529,0.9253731343283582,0.9778121775025801
456,RBF SVM — PCA 2,rbf,2,10.0,scale,3,364,91,0.9230769230769231,0.9354838709677419,0.8529411764705882,0.8923076923076924,0.9633642930856553
456,RBF SVM — PCA 2,rbf,2,10.0,auto,3,364,91,0.945054945054945,0.967741935483871,0.8823529411764706,0.9230769230769231,0.9179566563467493
456,RBF SVM — PCA 2,rbf,2,10.0,0.01,3,364,91,0.9230769230769231,0.9354838709677419,0.8529411764705882,0.8923076923076924,0.9798761609907121
456,RBF SVM — PCA 2,rbf,2,10.0,0.1,3,364,91,0.9340659340659341,0.9375,0.8823529411764706,0.9090909090909091,0.9571723426212592
456,RBF SVM — PCA 2,rbf,2,10.0,1.0,3,364,91,0.9340659340659341,0.9375,0.8823529411764706,0.9090909090909091,0.9045407636738907
456,RBF SVM — PCA 2,rbf,2,100.0,scale,3,364,91,0.945054945054945,0.9393939393939394,0.9117647058823529,0.9253731343283582,0.9618163054695562
456,RBF SVM — PCA 2,rbf,2,100.0,auto,3,364,91,0.9340659340659341,0.9375,0.8823529411764706,0.9090909090909091,0.9050567595459237
456,RBF SVM — PCA 2,rbf,2,100.0,0.01,3,364,91,0.9340659340659341,0.9666666666666667,0.8529411764705882,0.90625,0.980908152734778
456,RBF SVM — PCA 2,rbf,2,100.0,0.1,3,364,91,0.945054945054945,0.9393939393939394,0.9117647058823529,0.9253731343283582,0.9473684210526316
456,RBF SVM — PCA 2,rbf,2,100.0,1.0,3,364,91,0.9230769230769231,0.9655172413793104,0.8235294117647058,0.8888888888888888,0.9091847265221878
456,RBF SVM — PCA 2,rbf,2,0.01,scale,4,364,91,0.7252747252747253,1.0,0.2647058823529412,0.4186046511627907,0.9685242518059856
456,RBF SVM — PCA 2,rbf,2,0.01,auto,4,364,91,0.6263736263736264,0.0,0.0,0.0,0.9509803921568627
456,RBF SVM — PCA 2,rbf,2,0.01,0.01,4,364,91,0.6263736263736264,0.0,0.0,0.0,0.9690402476780186
456,RBF SVM — PCA 2,rbf,2,0.01,0.1,4,364,91,0.6593406593406593,1.0,0.08823529411764706,0.16216216216216217,0.9664602683178534
456,RBF SVM — PCA 2,rbf,2,0.01,1.0,4,364,91,0.6263736263736264,0.0,0.0,0.0,0.9411764705882354
456,RBF SVM — PCA 2,rbf,2,0.1,scale,4,364,91,0.9120879120879121,0.9333333333333333,0.8235294117647058,0.875,0.9721362229102166
456,RBF SVM — PCA 2,rbf,2,0.1,auto,4,364,91,0.8901098901098901,0.8529411764705882,0.8529411764705882,0.8529411764705882,0.9540763673890609
456,RBF SVM — PCA 2,rbf,2,0.1,0.01,4,364,91,0.9010989010989011,0.9310344827586207,0.7941176470588235,0.8571428571428571,0.9726522187822497
456,RBF SVM — PCA 2,rbf,2,0.1,0.1,4,364,91,0.9120879120879121,0.90625,0.8529411764705882,0.8787878787878788,0.9721362229102166
456,RBF SVM — PCA 2,rbf,2,0.1,1.0,4,364,91,0.8791208791208791,0.8285714285714286,0.8529411764705882,0.8405797101449275,0.9422084623323014
456,RBF SVM — PCA 2,rbf,2,1.0,scale,4,364,91,0.9010989010989011,0.8787878787878788,0.8529411764705882,0.8656716417910447,0.9747162022703818
456,RBF SVM — PCA 2,rbf,2,1.0,auto,4,364,91,0.8901098901098901,0.8333333333333334,0.8823529411764706,0.8571428571428571,0.9246646026831786
456,RBF SVM — PCA 2,rbf,2,1.0,0.01,4,364,91,0.9340659340659341,0.9375,0.8823529411764706,0.9090909090909091,0.9803921568627452
456,RBF SVM — PCA 2,rbf,2,1.0,0.1,4,364,91,0.9010989010989011,0.8787878787878788,0.8529411764705882,0.8656716417910447,0.9721362229102167
456,RBF SVM — PCA 2,rbf,2,1.0,1.0,4,364,91,0.8791208791208791,0.8484848484848485,0.8235294117647058,0.835820895522388,0.91124871001032
456,RBF SVM — PCA 2,rbf,2,10.0,scale,4,364,91,0.9120879120879121,0.8823529411764706,0.8823529411764706,0.8823529411764706,0.9778121775025801
456,RBF SVM — PCA 2,rbf,2,10.0,auto,4,364,91,0.8681318681318682,0.84375,0.7941176470588235,0.8181818181818182,0.8906088751289989
456,RBF SVM — PCA 2,rbf,2,10.0,0.01,4,364,91,0.9340659340659341,0.9375,0.8823529411764706,0.9090909090909091,0.9809081527347782
456,RBF SVM — PCA 2,rbf,2,10.0,0.1,4,364,91,0.9120879120879121,0.8823529411764706,0.8823529411764706,0.8823529411764706,0.9453044375644994
456,RBF SVM — PCA 2,rbf,2,10.0,1.0,4,364,91,0.8681318681318682,0.84375,0.7941176470588235,0.8181818181818182,0.9071207430340558
456,RBF SVM — PCA 2,rbf,2,100.0,scale,4,364,91,0.9120879120879121,0.8823529411764706,0.8823529411764706,0.8823529411764706,0.9535603715170279
456,RBF SVM — PCA 2,rbf,2,100.0,auto,4,364,91,0.8681318681318682,0.8666666666666667,0.7647058823529411,0.8125,0.8916408668730651
456,RBF SVM — PCA 2,rbf,2,100.0,0.01,4,364,91,0.9230769230769231,0.9090909090909091,0.8823529411764706,0.8955223880597015,0.9809081527347782
456,RBF SVM — PCA 2,rbf,2,100.0,0.1,4,364,91,0.8901098901098901,0.8529411764705882,0.8529411764705882,0.8529411764705882,0.9453044375644994
456,RBF SVM — PCA 2,rbf,2,100.0,1.0,4,364,91,0.8681318681318682,0.8666666666666667,0.7647058823529411,0.8125,0.873581011351909
456,RBF SVM — PCA 2,rbf,2,0.01,scale,5,364,91,0.7582417582417582,1.0,0.35294117647058826,0.5217391304347826,0.9927760577915377
456,RBF SVM — PCA 2,rbf,2,0.01,auto,5,364,91,0.6263736263736264,0.0,0.0,0.0,0.9927760577915378
456,RBF SVM — PCA 2,rbf,2,0.01,0.01,5,364,91,0.6263736263736264,0.0,0.0,0.0,0.9886480908152735
456,RBF SVM — PCA 2,rbf,2,0.01,0.1,5,364,91,0.6263736263736264,0.0,0.0,0.0,0.9943240454076367
456,RBF SVM — PCA 2,rbf,2,0.01,1.0,5,364,91,0.6263736263736264,0.0,0.0,0.0,0.9932920536635708
456,RBF SVM — PCA 2,rbf,2,0.1,scale,5,364,91,0.9560439560439561,0.9166666666666666,0.9705882352941176,0.9428571428571428,0.9948400412796699
456,RBF SVM — PCA 2,rbf,2,0.1,auto,5,364,91,0.9560439560439561,0.9166666666666666,0.9705882352941176,0.9428571428571428,0.9927760577915378
456,RBF SVM — PCA 2,rbf,2,0.1,0.01,5,364,91,0.9560439560439561,0.9166666666666666,0.9705882352941176,0.9428571428571428,0.9948400412796699
456,RBF SVM — PCA 2,rbf,2,0.1,0.1,5,364,91,0.9560439560439561,0.9166666666666666,0.9705882352941176,0.9428571428571428,0.9948400412796699
456,RBF SVM — PCA 2,rbf,2,0.1,1.0,5,364,91,0.9340659340659341,0.9375,0.8823529411764706,0.9090909090909091,0.9932920536635708
456,RBF SVM — PCA 2,rbf,2,1.0,scale,5,364,91,0.9560439560439561,0.9166666666666666,0.9705882352941176,0.9428571428571428,0.9948400412796699
456,RBF SVM — PCA 2,rbf,2,1.0,auto,5,364,91,0.9560439560439561,0.9166666666666666,0.9705882352941176,0.9428571428571428,0.9829721362229102
456,RBF SVM — PCA 2,rbf,2,1.0,0.01,5,364,91,0.9560439560439561,0.9166666666666666,0.9705882352941176,0.9428571428571428,0.9958720330237358
456,RBF SVM — PCA 2,rbf,2,1.0,0.1,5,364,91,0.9560439560439561,0.9166666666666666,0.9705882352941176,0.9428571428571428,0.9896800825593396
456,RBF SVM — PCA 2,rbf,2,1.0,1.0,5,364,91,0.967032967032967,0.918918918918919,1.0,0.9577464788732394,0.9943240454076367
456,RBF SVM — PCA 2,rbf,2,10.0,scale,5,364,91,0.978021978021978,0.9444444444444444,1.0,0.9714285714285714,0.9953560371517027
456,RBF SVM — PCA 2,rbf,2,10.0,auto,5,364,91,0.9560439560439561,0.8947368421052632,1.0,0.9444444444444444,0.9824561403508772
456,RBF SVM — PCA 2,rbf,2,10.0,0.01,5,364,91,0.967032967032967,0.9428571428571428,0.9705882352941176,0.9565217391304348,0.9958720330237358
456,RBF SVM — PCA 2,rbf,2,10.0,0.1,5,364,91,0.967032967032967,0.918918918918919,1.0,0.9577464788732394,0.976264189886481
456,RBF SVM — PCA 2,rbf,2,10.0,1.0,5,364,91,0.9560439560439561,0.8947368421052632,1.0,0.9444444444444444,0.9963880288957689
456,RBF SVM — PCA 2,rbf,2,100.0,scale,5,364,91,0.967032967032967,0.9428571428571428,0.9705882352941176,0.9565217391304348,0.9896800825593395
456,RBF SVM — PCA 2,rbf,2,100.0,auto,5,364,91,0.967032967032967,0.918918918918919,1.0,0.9577464788732394,0.9974200206398349
456,RBF SVM — PCA 2,rbf,2,100.0,0.01,5,364,91,0.9560439560439561,0.9411764705882353,0.9411764705882353,0.9411764705882353,0.9943240454076367
456,RBF SVM — PCA 2,rbf,2,100.0,0.1,5,364,91,0.967032967032967,0.918918918918919,1.0,0.9577464788732394,0.9809081527347782
456,RBF SVM — PCA 2,rbf,2,100.0,1.0,5,364,91,0.945054945054945,0.8918918918918919,0.9705882352941176,0.9295774647887324,0.9958720330237358
456,Linear SVM — PCA 4,linear,4,0.01,none,1,364,91,0.978021978021978,0.9705882352941176,0.9705882352941176,0.9705882352941176,0.9989680082559339
456,Linear SVM — PCA 4,linear,4,0.1,none,1,364,91,0.978021978021978,0.9705882352941176,0.9705882352941176,0.9705882352941176,0.9989680082559339
456,Linear SVM — PCA 4,linear,4,1.0,none,1,364,91,0.978021978021978,0.9705882352941176,0.9705882352941176,0.9705882352941176,0.9984520123839009
456,Linear SVM — PCA 4,linear,4,10.0,none,1,364,91,0.989010989010989,0.9714285714285714,1.0,0.9855072463768116,0.9984520123839009
456,Linear SVM — PCA 4,linear,4,100.0,none,1,364,91,0.989010989010989,0.9714285714285714,1.0,0.9855072463768116,0.9984520123839009
456,Linear SVM — PCA 4,linear,4,0.01,none,2,364,91,0.978021978021978,1.0,0.9411764705882353,0.9696969696969697,0.9974200206398348
456,Linear SVM — PCA 4,linear,4,0.1,none,2,364,91,0.978021978021978,1.0,0.9411764705882353,0.9696969696969697,0.9974200206398348
456,Linear SVM — PCA 4,linear,4,1.0,none,2,364,91,0.978021978021978,1.0,0.9411764705882353,0.9696969696969697,0.9974200206398348
456,Linear SVM — PCA 4,linear,4,10.0,none,2,364,91,0.978021978021978,1.0,0.9411764705882353,0.9696969696969697,0.9974200206398348
456,Linear SVM — PCA 4,linear,4,100.0,none,2,364,91,0.978021978021978,1.0,0.9411764705882353,0.9696969696969697,0.9974200206398348
456,Linear SVM — PCA 4,linear,4,0.01,none,3,364,91,0.9340659340659341,0.9666666666666667,0.8529411764705882,0.90625,0.9798761609907121
456,Linear SVM — PCA 4,linear,4,0.1,none,3,364,91,0.9340659340659341,0.9666666666666667,0.8529411764705882,0.90625,0.9819401444788443
456,Linear SVM — PCA 4,linear,4,1.0,none,3,364,91,0.9340659340659341,0.9666666666666667,0.8529411764705882,0.90625,0.9814241486068113
456,Linear SVM — PCA 4,linear,4,10.0,none,3,364,91,0.9340659340659341,0.9666666666666667,0.8529411764705882,0.90625,0.9819401444788443
456,Linear SVM — PCA 4,linear,4,100.0,none,3,364,91,0.9340659340659341,0.9666666666666667,0.8529411764705882,0.90625,0.9819401444788443
456,Linear SVM — PCA 4,linear,4,0.01,none,4,364,91,0.967032967032967,1.0,0.9117647058823529,0.9538461538461539,0.9922600619195046
456,Linear SVM — PCA 4,linear,4,0.1,none,4,364,91,0.9560439560439561,0.9411764705882353,0.9411764705882353,0.9411764705882353,0.9912280701754386
456,Linear SVM — PCA 4,linear,4,1.0,none,4,364,91,0.967032967032967,0.9428571428571428,0.9705882352941176,0.9565217391304348,0.9907120743034055
456,Linear SVM — PCA 4,linear,4,10.0,none,4,364,91,0.967032967032967,0.9428571428571428,0.9705882352941176,0.9565217391304348,0.9907120743034056
456,Linear SVM — PCA 4,linear,4,100.0,none,4,364,91,0.967032967032967,0.9428571428571428,0.9705882352941176,0.9565217391304348,0.9907120743034056
456,Linear SVM — PCA 4,linear,4,0.01,none,5,364,91,0.9560439560439561,0.96875,0.9117647058823529,0.9393939393939394,0.9963880288957689
456,Linear SVM — PCA 4,linear,4,0.1,none,5,364,91,0.978021978021978,0.9705882352941176,0.9705882352941176,0.9705882352941176,0.9979360165118678
456,Linear SVM — PCA 4,linear,4,1.0,none,5,364,91,0.978021978021978,0.9705882352941176,0.9705882352941176,0.9705882352941176,0.9979360165118678
456,Linear SVM — PCA 4,linear,4,10.0,none,5,364,91,0.978021978021978,0.9705882352941176,0.9705882352941176,0.9705882352941176,0.9979360165118678
456,Linear SVM — PCA 4,linear,4,100.0,none,5,364,91,0.978021978021978,0.9705882352941176,0.9705882352941176,0.9705882352941176,0.9979360165118678
456,RBF SVM — PCA 4,rbf,4,0.01,scale,1,364,91,0.6263736263736264,0.0,0.0,0.0,0.9886480908152734
456,RBF SVM — PCA 4,rbf,4,0.01,auto,1,364,91,0.6263736263736264,0.0,0.0,0.0,0.9834881320949432
456,RBF SVM — PCA 4,rbf,4,0.01,0.01,1,364,91,0.6263736263736264,0.0,0.0,0.0,0.9932920536635707
456,RBF SVM — PCA 4,rbf,4,0.01,0.1,1,364,91,0.6263736263736264,0.0,0.0,0.0,0.9860681114551084
456,RBF SVM — PCA 4,rbf,4,0.01,1.0,1,364,91,0.6263736263736264,0.0,0.0,0.0,0.977296181630547
456,RBF SVM — PCA 4,rbf,4,0.1,scale,1,364,91,0.967032967032967,1.0,0.9117647058823529,0.9538461538461539,0.9932920536635708
456,RBF SVM — PCA 4,rbf,4,0.1,auto,1,364,91,0.945054945054945,0.9393939393939394,0.9117647058823529,0.9253731343283582,0.9850361197110424
456,RBF SVM — PCA 4,rbf,4,0.1,0.01,1,364,91,0.9560439560439561,1.0,0.8823529411764706,0.9375,0.9963880288957689
456,RBF SVM — PCA 4,rbf,4,0.1,0.1,1,364,91,0.945054945054945,0.8918918918918919,0.9705882352941176,0.9295774647887324,0.9922600619195046
456,RBF SVM — PCA 4,rbf,4,0.1,1.0,1,364,91,0.6263736263736264,0.0,0.0,0.0,0.977296181630547
456,RBF SVM — PCA 4,rbf,4,1.0,scale,1,364,91,0.978021978021978,0.9705882352941176,0.9705882352941176,0.9705882352941176,0.9974200206398349
456,RBF SVM — PCA 4,rbf,4,1.0,auto,1,364,91,0.9230769230769231,0.8292682926829268,1.0,0.9066666666666666,0.9901960784313726
456,RBF SVM — PCA 4,rbf,4,1.0,0.01,1,364,91,0.978021978021978,0.9705882352941176,0.9705882352941176,0.9705882352941176,0.9984520123839009
456,RBF SVM — PCA 4,rbf,4,1.0,0.1,1,364,91,0.967032967032967,0.9428571428571428,0.9705882352941176,0.9565217391304348,0.9969040247678019
456,RBF SVM — PCA 4,rbf,4,1.0,1.0,1,364,91,0.8461538461538461,0.7272727272727273,0.9411764705882353,0.8205128205128205,0.9721362229102167
456,RBF SVM — PCA 4,rbf,4,10.0,scale,1,364,91,0.967032967032967,0.918918918918919,1.0,0.9577464788732394,0.9932920536635708
456,RBF SVM — PCA 4,rbf,4,10.0,auto,1,364,91,0.945054945054945,0.9142857142857143,0.9411764705882353,0.927536231884058,0.956656346749226
456,RBF SVM — PCA 4,rbf,4,10.0,0.01,1,364,91,0.978021978021978,0.9705882352941176,0.9705882352941176,0.9705882352941176,0.9979360165118679
456,RBF SVM — PCA 4,rbf,4,10.0,0.1,1,364,91,0.967032967032967,0.918918918918919,1.0,0.9577464788732394,0.9829721362229102
456,RBF SVM — PCA 4,rbf,4,10.0,1.0,1,364,91,0.8461538461538461,0.7272727272727273,0.9411764705882353,0.8205128205128205,0.9659442724458205
456,RBF SVM — PCA 4,rbf,4,100.0,scale,1,364,91,0.9560439560439561,0.8947368421052632,1.0,0.9444444444444444,0.9865841073271414
456,RBF SVM — PCA 4,rbf,4,100.0,auto,1,364,91,0.9230769230769231,0.8857142857142857,0.9117647058823529,0.8985507246376812,0.953560371517028
456,RBF SVM — PCA 4,rbf,4,100.0,0.01,1,364,91,0.9560439560439561,0.8947368421052632,1.0,0.9444444444444444,0.9963880288957688
456,RBF SVM — PCA 4,rbf,4,100.0,0.1,1,364,91,0.9340659340659341,0.8888888888888888,0.9411764705882353,0.9142857142857143,0.9633642930856552
456,RBF SVM — PCA 4,rbf,4,100.0,1.0,1,364,91,0.8461538461538461,0.7272727272727273,0.9411764705882353,0.8205128205128205,0.9654282765737875
456,RBF SVM — PCA 4,rbf,4,0.01,scale,2,364,91,0.6263736263736264,0.0,0.0,0.0,0.9891640866873066
456,RBF SVM — PCA 4,rbf,4,0.01,auto,2,364,91,0.6263736263736264,0.0,0.0,0.0,0.9901960784313726
456,RBF SVM — PCA 4,rbf,4,0.01,0.01,2,364,91,0.6263736263736264,0.0,0.0,0.0,0.9876160990712075
456,RBF SVM — PCA 4,rbf,4,0.01,0.1,2,364,91,0.6263736263736264,0.0,0.0,0.0,0.9865841073271413
456,RBF SVM — PCA 4,rbf,4,0.01,1.0,2,364,91,0.6263736263736264,0.0,0.0,0.0,0.9881320949432404
456,RBF SVM — PCA 4,rbf,4,0.1,scale,2,364,91,0.9340659340659341,0.9666666666666667,0.8529411764705882,0.90625,0.9927760577915377
456,RBF SVM — PCA 4,rbf,4,0.1,auto,2,364,91,0.967032967032967,1.0,0.9117647058823529,0.9538461538461539,0.9912280701754386
456,RBF SVM — PCA 4,rbf,4,0.1,0.01,2,364,91,0.945054945054945,1.0,0.8529411764705882,0.9206349206349206,0.9938080495356036
456,RBF SVM — PCA 4,rbf,4,0.1,0.1,2,364,91,0.9560439560439561,0.96875,0.9117647058823529,0.9393939393939394,0.9922600619195047
456,RBF SVM — PCA 4,rbf,4,0.1,1.0,2,364,91,0.6263736263736264,0.0,0.0,0.0,0.9881320949432404
456,RBF SVM — PCA 4,rbf,4,1.0,scale,2,364,91,0.978021978021978,1.0,0.9411764705882353,0.9696969696969697,0.998452012383901
456,RBF SVM — PCA 4,rbf,4,1.0,auto,2,364,91,0.967032967032967,0.9696969696969697,0.9411764705882353,0.9552238805970149,0.9963880288957687
456,RBF SVM — PCA 4,rbf,4,1.0,0.01,2,364,91,0.978021978021978,1.0,0.9411764705882353,0.9696969696969697,0.9974200206398348
456,RBF SVM — PCA 4,rbf,4,1.0,0.1,2,364,91,0.978021978021978,0.9705882352941176,0.9705882352941176,0.9705882352941176,0.9989680082559339
456,RBF SVM — PCA 4,rbf,4,1.0,1.0,2,364,91,0.945054945054945,0.9142857142857143,0.9411764705882353,0.927536231884058,0.9829721362229102
456,RBF SVM — PCA 4,rbf,4,10.0,scale,2,364,91,0.989010989010989,1.0,0.9705882352941176,0.9850746268656716,0.9989680082559339
456,RBF SVM — PCA 4,rbf,4,10.0,auto,2,364,91,0.9010989010989011,0.8571428571428571,0.8823529411764706,0.8695652173913043,0.9607843137254902
456,RBF SVM — PCA 4,rbf,4,10.0,0.01,2,364,91,0.978021978021978,1.0,0.9411764705882353,0.9696969696969697,0.998452012383901
456,RBF SVM — PCA 4,rbf,4,10.0,0.1,2,364,91,0.967032967032967,0.9428571428571428,0.9705882352941176,0.9565217391304348,0.9969040247678018
456,RBF SVM — PCA 4,rbf,4,10.0,1.0,2,364,91,0.9120879120879121,0.8421052631578947,0.9411764705882353,0.8888888888888888,0.9643962848297214
456,RBF SVM — PCA 4,rbf,4,100.0,scale,2,364,91,0.9560439560439561,0.9166666666666666,0.9705882352941176,0.9428571428571428,0.9958720330237358
456,RBF SVM — PCA 4,rbf,4,100.0,auto,2,364,91,0.9010989010989011,0.8571428571428571,0.8823529411764706,0.8695652173913043,0.9494324045407636
456,RBF SVM — PCA 4,rbf,4,100.0,0.01,2,364,91,0.989010989010989,1.0,0.9705882352941176,0.9850746268656716,0.998452012383901
456,RBF SVM — PCA 4,rbf,4,100.0,0.1,2,364,91,0.9120879120879121,0.8823529411764706,0.8823529411764706,0.8823529411764706,0.9695562435500515
456,RBF SVM — PCA 4,rbf,4,100.0,1.0,2,364,91,0.9120879120879121,0.8421052631578947,0.9411764705882353,0.8888888888888888,0.9664602683178535
456,RBF SVM — PCA 4,rbf,4,0.01,scale,3,364,91,0.6263736263736264,0.0,0.0,0.0,0.9752321981424149
456,RBF SVM — PCA 4,rbf,4,0.01,auto,3,364,91,0.6263736263736264,0.0,0.0,0.0,0.9721362229102167
456,RBF SVM — PCA 4,rbf,4,0.01,0.01,3,364,91,0.6263736263736264,0.0,0.0,0.0,0.9778121775025801
456,RBF SVM — PCA 4,rbf,4,0.01,0.1,3,364,91,0.6263736263736264,0.0,0.0,0.0,0.9742002063983489
456,RBF SVM — PCA 4,rbf,4,0.01,1.0,3,364,91,0.6263736263736264,0.0,0.0,0.0,0.9535603715170278
456,RBF SVM — PCA 4,rbf,4,0.1,scale,3,364,91,0.9340659340659341,0.9666666666666667,0.8529411764705882,0.90625,0.9757481940144478
456,RBF SVM — PCA 4,rbf,4,0.1,auto,3,364,91,0.9230769230769231,0.9655172413793104,0.8235294117647058,0.8888888888888888,0.9747162022703819
456,RBF SVM — PCA 4,rbf,4,0.1,0.01,3,364,91,0.9340659340659341,0.9666666666666667,0.8529411764705882,0.90625,0.978328173374613
456,RBF SVM — PCA 4,rbf,4,0.1,0.1,3,364,91,0.945054945054945,0.967741935483871,0.8823529411764706,0.9230769230769231,0.9757481940144479
456,RBF SVM — PCA 4,rbf,4,0.1,1.0,3,364,91,0.6263736263736264,0.0,0.0,0.0,0.9530443756449948
456,RBF SVM — PCA 4,rbf,4,1.0,scale,3,364,91,0.945054945054945,0.967741935483871,0.8823529411764706,0.9230769230769231,0.9757481940144479
456,RBF SVM — PCA 4,rbf,4,1.0,auto,3,364,91,0.9560439560439561,0.96875,0.9117647058823529,0.9393939393939394,0.958204334365325
456,RBF SVM — PCA 4,rbf,4,1.0,0.01,3,364,91,0.9340659340659341,0.9666666666666667,0.8529411764705882,0.90625,0.9798761609907121
456,RBF SVM — PCA 4,rbf,4,1.0,0.1,3,364,91,0.945054945054945,0.967741935483871,0.8823529411764706,0.9230769230769231,0.9705882352941175
456,RBF SVM — PCA 4,rbf,4,1.0,1.0,3,364,91,0.9560439560439561,0.96875,0.9117647058823529,0.9393939393939394,0.9489164086687306
456,RBF SVM — PCA 4,rbf,4,10.0,scale,3,364,91,0.9560439560439561,0.96875,0.9117647058823529,0.9393939393939394,0.9731682146542828
456,RBF SVM — PCA 4,rbf,4,10.0,auto,3,364,91,0.9560439560439561,0.96875,0.9117647058823529,0.9393939393939394,0.958204334365325
456,RBF SVM — PCA 4,rbf,4,10.0,0.01,3,364,91,0.9340659340659341,0.9666666666666667,0.8529411764705882,0.90625,0.980908152734778
456,RBF SVM — PCA 4,rbf,4,10.0,0.1,3,364,91,0.9560439560439561,0.96875,0.9117647058823529,0.9393939393939394,0.9602683178534572
456,RBF SVM — PCA 4,rbf,4,10.0,1.0,3,364,91,0.9560439560439561,0.96875,0.9117647058823529,0.9393939393939394,0.9489164086687307
456,RBF SVM — PCA 4,rbf,4,100.0,scale,3,364,91,0.945054945054945,0.9393939393939394,0.9117647058823529,0.9253731343283582,0.9680082559339526
456,RBF SVM — PCA 4,rbf,4,100.0,auto,3,364,91,0.967032967032967,0.9696969696969697,0.9411764705882353,0.9552238805970149,0.9597523219814241
456,RBF SVM — PCA 4,rbf,4,100.0,0.01,3,364,91,0.945054945054945,0.967741935483871,0.8823529411764706,0.9230769230769231,0.9855521155830753
456,RBF SVM — PCA 4,rbf,4,100.0,0.1,3,364,91,0.967032967032967,0.9696969696969697,0.9411764705882353,0.9552238805970149,0.9597523219814241
456,RBF SVM — PCA 4,rbf,4,100.0,1.0,3,364,91,0.9560439560439561,0.96875,0.9117647058823529,0.9393939393939394,0.9489164086687307
456,RBF SVM — PCA 4,rbf,4,0.01,scale,4,364,91,0.6263736263736264,0.0,0.0,0.0,0.9803921568627451
456,RBF SVM — PCA 4,rbf,4,0.01,auto,4,364,91,0.6263736263736264,0.0,0.0,0.0,0.9803921568627452
456,RBF SVM — PCA 4,rbf,4,0.01,0.01,4,364,91,0.6263736263736264,0.0,0.0,0.0,0.9757481940144479
456,RBF SVM — PCA 4,rbf,4,0.01,0.1,4,364,91,0.6263736263736264,0.0,0.0,0.0,0.9778121775025801
456,RBF SVM — PCA 4,rbf,4,0.01,1.0,4,364,91,0.6263736263736264,0.0,0.0,0.0,0.9767801857585139
456,RBF SVM — PCA 4,rbf,4,0.1,scale,4,364,91,0.9230769230769231,0.9354838709677419,0.8529411764705882,0.8923076923076924,0.9845201238390093
456,RBF SVM — PCA 4,rbf,4,0.1,auto,4,364,91,0.945054945054945,0.9393939393939394,0.9117647058823529,0.9253731343283582,0.9798761609907121
456,RBF SVM — PCA 4,rbf,4,0.1,0.01,4,364,91,0.945054945054945,1.0,0.8529411764705882,0.9206349206349206,0.9845201238390092
456,RBF SVM — PCA 4,rbf,4,0.1,0.1,4,364,91,0.9340659340659341,0.9117647058823529,0.9117647058823529,0.9117647058823529,0.9824561403508771
456,RBF SVM — PCA 4,rbf,4,0.1,1.0,4,364,91,0.6263736263736264,0.0,0.0,0.0,0.9767801857585139
456,RBF SVM — PCA 4,rbf,4,1.0,scale,4,364,91,0.945054945054945,0.9393939393939394,0.9117647058823529,0.9253731343283582,0.9922600619195047
456,RBF SVM — PCA 4,rbf,4,1.0,auto,4,364,91,0.945054945054945,0.9142857142857143,0.9411764705882353,0.927536231884058,0.9824561403508772
456,RBF SVM — PCA 4,rbf,4,1.0,0.01,4,364,91,0.967032967032967,1.0,0.9117647058823529,0.9538461538461539,0.9922600619195046
456,RBF SVM — PCA 4,rbf,4,1.0,0.1,4,364,91,0.9560439560439561,0.9411764705882353,0.9411764705882353,0.9411764705882353,0.9871001031991744
456,RBF SVM — PCA 4,rbf,4,1.0,1.0,4,364,91,0.9010989010989011,0.8205128205128205,0.9411764705882353,0.8767123287671232,0.9685242518059856
456,RBF SVM — PCA 4,rbf,4,10.0,scale,4,364,91,0.9560439560439561,0.9411764705882353,0.9411764705882353,0.9411764705882353,0.9912280701754386
456,RBF SVM — PCA 4,rbf,4,10.0,auto,4,364,91,0.9340659340659341,0.8888888888888888,0.9411764705882353,0.9142857142857143,0.9690402476780186
456,RBF SVM — PCA 4,rbf,4,10.0,0.01,4,364,91,0.9560439560439561,0.9411764705882353,0.9411764705882353,0.9411764705882353,0.9927760577915378
456,RBF SVM — PCA 4,rbf,4,10.0,0.1,4,364,91,0.9560439560439561,0.9411764705882353,0.9411764705882353,0.9411764705882353,0.9845201238390093
456,RBF SVM — PCA 4,rbf,4,10.0,1.0,4,364,91,0.9010989010989011,0.8205128205128205,0.9411764705882353,0.8767123287671232,0.9613003095975232
456,RBF SVM — PCA 4,rbf,4,100.0,scale,4,364,91,0.9560439560439561,0.9411764705882353,0.9411764705882353,0.9411764705882353,0.9876160990712073
456,RBF SVM — PCA 4,rbf,4,100.0,auto,4,364,91,0.9120879120879121,0.8611111111111112,0.9117647058823529,0.8857142857142857,0.9427244582043344
456,RBF SVM — PCA 4,rbf,4,100.0,0.01,4,364,91,0.9560439560439561,0.9411764705882353,0.9411764705882353,0.9411764705882353,0.9917440660474717
456,RBF SVM — PCA 4,rbf,4,100.0,0.1,4,364,91,0.8901098901098901,0.8333333333333334,0.8823529411764706,0.8571428571428571,0.9711042311661506
456,RBF SVM — PCA 4,rbf,4,100.0,1.0,4,364,91,0.9010989010989011,0.8205128205128205,0.9411764705882353,0.8767123287671232,0.9613003095975232
456,RBF SVM — PCA 4,rbf,4,0.01,scale,5,364,91,0.6263736263736264,0.0,0.0,0.0,0.9958720330237358
456,RBF SVM — PCA 4,rbf,4,0.01,auto,5,364,91,0.6263736263736264,0.0,0.0,0.0,0.9953560371517028
456,RBF SVM — PCA 4,rbf,4,0.01,0.01,5,364,91,0.6263736263736264,0.0,0.0,0.0,0.9917440660474717
456,RBF SVM — PCA 4,rbf,4,0.01,0.1,5,364,91,0.6263736263736264,0.0,0.0,0.0,0.9958720330237358
456,RBF SVM — PCA 4,rbf,4,0.01,1.0,5,364,91,0.6263736263736264,0.0,0.0,0.0,0.9922600619195047
456,RBF SVM — PCA 4,rbf,4,0.1,scale,5,364,91,0.9560439560439561,0.9166666666666666,0.9705882352941176,0.9428571428571428,0.9953560371517028
456,RBF SVM — PCA 4,rbf,4,0.1,auto,5,364,91,0.9230769230769231,1.0,0.7941176470588235,0.8852459016393442,0.9953560371517028
456,RBF SVM — PCA 4,rbf,4,0.1,0.01,5,364,91,0.978021978021978,0.9705882352941176,0.9705882352941176,0.9705882352941176,0.9963880288957689
456,RBF SVM — PCA 4,rbf,4,0.1,0.1,5,364,91,0.9560439560439561,0.9166666666666666,0.9705882352941176,0.9428571428571428,0.9958720330237358
456,RBF SVM — PCA 4,rbf,4,0.1,1.0,5,364,91,0.6263736263736264,0.0,0.0,0.0,0.9922600619195047
456,RBF SVM — PCA 4,rbf,4,1.0,scale,5,364,91,0.967032967032967,0.918918918918919,1.0,0.9577464788732394,0.9969040247678018
456,RBF SVM — PCA 4,rbf,4,1.0,auto,5,364,91,0.9560439560439561,0.9166666666666666,0.9705882352941176,0.9428571428571428,0.9958720330237358
456,RBF SVM — PCA 4,rbf,4,1.0,0.01,5,364,91,0.978021978021978,0.9705882352941176,0.9705882352941176,0.9705882352941176,0.9979360165118678
456,RBF SVM — PCA 4,rbf,4,1.0,0.1,5,364,91,0.967032967032967,0.9428571428571428,0.9705882352941176,0.9565217391304348,0.9963880288957689
456,RBF SVM — PCA 4,rbf,4,1.0,1.0,5,364,91,0.9120879120879121,0.9642857142857143,0.7941176470588235,0.8709677419354839,0.9922600619195047
456,RBF SVM — PCA 4,rbf,4,10.0,scale,5,364,91,0.978021978021978,0.9444444444444444,1.0,0.9714285714285714,0.9979360165118678
456,RBF SVM — PCA 4,rbf,4,10.0,auto,5,364,91,0.9560439560439561,0.9411764705882353,0.9411764705882353,0.9411764705882353,0.9907120743034056
456,RBF SVM — PCA 4,rbf,4,10.0,0.01,5,364,91,0.989010989010989,0.9714285714285714,1.0,0.9855072463768116,0.9974200206398348
456,RBF SVM — PCA 4,rbf,4,10.0,0.1,5,364,91,0.9560439560439561,0.9411764705882353,0.9411764705882353,0.9411764705882353,0.9963880288957688
456,RBF SVM — PCA 4,rbf,4,10.0,1.0,5,364,91,0.9560439560439561,0.9166666666666666,0.9705882352941176,0.9428571428571428,0.9907120743034057
456,RBF SVM — PCA 4,rbf,4,100.0,scale,5,364,91,0.978021978021978,0.9705882352941176,0.9705882352941176,0.9705882352941176,0.9917440660474716
456,RBF SVM — PCA 4,rbf,4,100.0,auto,5,364,91,0.9560439560439561,0.9166666666666666,0.9705882352941176,0.9428571428571428,0.980908152734778
456,RBF SVM — PCA 4,rbf,4,100.0,0.01,5,364,91,0.989010989010989,0.9714285714285714,1.0,0.9855072463768116,0.9979360165118678
456,RBF SVM — PCA 4,rbf,4,100.0,0.1,5,364,91,0.945054945054945,0.967741935483871,0.8823529411764706,0.9230769230769231,0.9922600619195047
456,RBF SVM — PCA 4,rbf,4,100.0,1.0,5,364,91,0.9560439560439561,0.9166666666666666,0.9705882352941176,0.9428571428571428,0.9907120743034057
789,Linear SVM — PCA 2,linear,2,0.01,none,1,364,91,0.9560439560439561,0.96875,0.9117647058823529,0.9393939393939394,0.9938080495356036
789,Linear SVM — PCA 2,linear,2,0.1,none,1,364,91,0.967032967032967,0.9696969696969697,0.9411764705882353,0.9552238805970149,0.9938080495356036
789,Linear SVM — PCA 2,linear,2,1.0,none,1,364,91,0.967032967032967,0.9696969696969697,0.9411764705882353,0.9552238805970149,0.9963880288957688
789,Linear SVM — PCA 2,linear,2,10.0,none,1,364,91,0.967032967032967,0.9696969696969697,0.9411764705882353,0.9552238805970149,0.9969040247678019
789,Linear SVM — PCA 2,linear,2,100.0,none,1,364,91,0.967032967032967,0.9696969696969697,0.9411764705882353,0.9552238805970149,0.9969040247678019
789,Linear SVM — PCA 2,linear,2,0.01,none,2,364,91,0.9230769230769231,0.9354838709677419,0.8529411764705882,0.8923076923076924,0.9803921568627452
789,Linear SVM — PCA 2,linear,2,0.1,none,2,364,91,0.9560439560439561,0.96875,0.9117647058823529,0.9393939393939394,0.9829721362229101
789,Linear SVM — PCA 2,linear,2,1.0,none,2,364,91,0.945054945054945,0.967741935483871,0.8823529411764706,0.9230769230769231,0.9819401444788441
789,Linear SVM — PCA 2,linear,2,10.0,none,2,364,91,0.945054945054945,0.967741935483871,0.8823529411764706,0.9230769230769231,0.9814241486068112
789,Linear SVM — PCA 2,linear,2,100.0,none,2,364,91,0.945054945054945,0.967741935483871,0.8823529411764706,0.9230769230769231,0.9814241486068112
789,Linear SVM — PCA 2,linear,2,0.01,none,3,364,91,0.9560439560439561,0.96875,0.9117647058823529,0.9393939393939394,0.9840041279669763
789,Linear SVM — PCA 2,linear,2,0.1,none,3,364,91,0.9340659340659341,0.9117647058823529,0.9117647058823529,0.9117647058823529,0.9850361197110423
789,Linear SVM — PCA 2,linear,2,1.0,none,3,364,91,0.9340659340659341,0.9117647058823529,0.9117647058823529,0.9117647058823529,0.9860681114551084
789,Linear SVM — PCA 2,linear,2,10.0,none,3,364,91,0.945054945054945,0.9142857142857143,0.9411764705882353,0.927536231884058,0.9865841073271415
789,Linear SVM — PCA 2,linear,2,100.0,none,3,364,91,0.945054945054945,0.9142857142857143,0.9411764705882353,0.927536231884058,0.9865841073271415
789,Linear SVM — PCA 2,linear,2,0.01,none,4,364,91,0.9560439560439561,1.0,0.8823529411764706,0.9375,0.9969040247678019
789,Linear SVM — PCA 2,linear,2,0.1,none,4,364,91,0.978021978021978,1.0,0.9411764705882353,0.9696969696969697,0.9979360165118679
789,Linear SVM — PCA 2,linear,2,1.0,none,4,364,91,0.967032967032967,0.9696969696969697,0.9411764705882353,0.9552238805970149,0.9984520123839009
789,Linear SVM — PCA 2,linear,2,10.0,none,4,364,91,0.978021978021978,1.0,0.9411764705882353,0.9696969696969697,0.9984520123839009
789,Linear SVM — PCA 2,linear,2,100.0,none,4,364,91,0.978021978021978,1.0,0.9411764705882353,0.9696969696969697,0.9984520123839009
789,Linear SVM — PCA 2,linear,2,0.01,none,5,364,91,0.9340659340659341,0.9666666666666667,0.8529411764705882,0.90625,0.9881320949432404
789,Linear SVM — PCA 2,linear,2,0.1,none,5,364,91,0.945054945054945,0.9142857142857143,0.9411764705882353,0.927536231884058,0.9871001031991744
789,Linear SVM — PCA 2,linear,2,1.0,none,5,364,91,0.945054945054945,0.9142857142857143,0.9411764705882353,0.927536231884058,0.9871001031991744
789,Linear SVM — PCA 2,linear,2,10.0,none,5,364,91,0.945054945054945,0.9393939393939394,0.9117647058823529,0.9253731343283582,0.9871001031991744
789,Linear SVM — PCA 2,linear,2,100.0,none,5,364,91,0.945054945054945,0.9393939393939394,0.9117647058823529,0.9253731343283582,0.9871001031991744
789,RBF SVM — PCA 2,rbf,2,0.01,scale,1,364,91,0.7692307692307693,1.0,0.38235294117647056,0.5531914893617021,0.9871001031991744
789,RBF SVM — PCA 2,rbf,2,0.01,auto,1,364,91,0.6263736263736264,0.0,0.0,0.0,0.9803921568627452
789,RBF SVM — PCA 2,rbf,2,0.01,0.01,1,364,91,0.6263736263736264,0.0,0.0,0.0,0.9845201238390092
789,RBF SVM — PCA 2,rbf,2,0.01,0.1,1,364,91,0.6263736263736264,0.0,0.0,0.0,0.9865841073271414
789,RBF SVM — PCA 2,rbf,2,0.01,1.0,1,364,91,0.6263736263736264,0.0,0.0,0.0,0.9767801857585139
789,RBF SVM — PCA 2,rbf,2,0.1,scale,1,364,91,0.9230769230769231,0.9090909090909091,0.8823529411764706,0.8955223880597015,0.9907120743034055
789,RBF SVM — PCA 2,rbf,2,0.1,auto,1,364,91,0.9120879120879121,0.8611111111111112,0.9117647058823529,0.8857142857142857,0.9803921568627452
789,RBF SVM — PCA 2,rbf,2,0.1,0.01,1,364,91,0.945054945054945,0.967741935483871,0.8823529411764706,0.9230769230769231,0.9901960784313725
789,RBF SVM — PCA 2,rbf,2,0.1,0.1,1,364,91,0.9230769230769231,0.8857142857142857,0.9117647058823529,0.8985507246376812,0.9896800825593396
789,RBF SVM — PCA 2,rbf,2,0.1,1.0,1,364,91,0.9230769230769231,0.9354838709677419,0.8529411764705882,0.8923076923076924,0.9767801857585139
789,RBF SVM — PCA 2,rbf,2,1.0,scale,1,364,91,0.9340659340659341,0.9117647058823529,0.9117647058823529,0.9117647058823529,0.9922600619195046
789,RBF SVM — PCA 2,rbf,2,1.0,auto,1,364,91,0.9340659340659341,0.9117647058823529,0.9117647058823529,0.9117647058823529,0.9628482972136223
789,RBF SVM — PCA 2,rbf,2,1.0,0.01,1,364,91,0.9340659340659341,0.9117647058823529,0.9117647058823529,0.9117647058823529,0.9922600619195046
789,RBF SVM — PCA 2,rbf,2,1.0,0.1,1,364,91,0.9340659340659341,0.9117647058823529,0.9117647058823529,0.9117647058823529,0.9912280701754387
789,RBF SVM — PCA 2,rbf,2,1.0,1.0,1,364,91,0.9230769230769231,0.8857142857142857,0.9117647058823529,0.8985507246376812,0.9514963880288958
789,RBF SVM — PCA 2,rbf,2,10.0,scale,1,364,91,0.9230769230769231,0.8857142857142857,0.9117647058823529,0.8985507246376812,0.9901960784313726
789,RBF SVM — PCA 2,rbf,2,10.0,auto,1,364,91,0.9340659340659341,0.9117647058823529,0.9117647058823529,0.9117647058823529,0.9509803921568627
789,RBF SVM — PCA 2,rbf,2,10.0,0.01,1,364,91,0.945054945054945,0.9393939393939394,0.9117647058823529,0.9253731343283582,0.9932920536635707
789,RBF SVM — PCA 2,rbf,2,10.0,0.1,1,364,91,0.9340659340659341,0.9117647058823529,0.9117647058823529,0.9117647058823529,0.976780185758514
789,RBF SVM — PCA 2,rbf,2,10.0,1.0,1,364,91,0.9230769230769231,0.8857142857142857,0.9117647058823529,0.8985507246376812,0.9231166150670794
789,RBF SVM — PCA 2,rbf,2,100.0,scale,1,364,91,0.9120879120879121,0.9333333333333333,0.8235294117647058,0.875,0.9747162022703818
789,RBF SVM — PCA 2,rbf,2,100.0,auto,1,364,91,0.9340659340659341,0.8888888888888888,0.9411764705882353,0.9142857142857143,0.9277605779153766
789,RBF SVM — PCA 2,rbf,2,100.0,0.01,1,364,91,0.945054945054945,0.9393939393939394,0.9117647058823529,0.9253731343283582,0.9938080495356036
789,RBF SVM — PCA 2,rbf,2,100.0,0.1,1,364,91,0.9120879120879121,0.9333333333333333,0.8235294117647058,0.875,0.9551083591331269
789,RBF SVM — PCA 2,rbf,2,100.0,1.0,1,364,91,0.9230769230769231,0.8857142857142857,0.9117647058823529,0.8985507246376812,0.9416924664602684
789,RBF SVM — PCA 2,rbf,2,0.01,scale,2,364,91,0.7252747252747253,1.0,0.2647058823529412,0.4186046511627907,0.9700722394220846
789,RBF SVM — PCA 2,rbf,2,0.01,auto,2,364,91,0.6263736263736264,0.0,0.0,0.0,0.954592363261094
789,RBF SVM — PCA 2,rbf,2,0.01,0.01,2,364,91,0.6263736263736264,0.0,0.0,0.0,0.977296181630547
789,RBF SVM — PCA 2,rbf,2,0.01,0.1,2,364,91,0.6263736263736264,0.0,0.0,0.0,0.9659442724458205
789,RBF SVM — PCA 2,rbf,2,0.01,1.0,2,364,91,0.6263736263736264,0.0,0.0,0.0,0.9659442724458204
789,RBF SVM — PCA 2,rbf,2,0.1,scale,2,364,91,0.9230769230769231,0.9354838709677419,0.8529411764705882,0.8923076923076924,0.9742002063983488
789,RBF SVM — PCA 2,rbf,2,0.1,auto,2,364,91,0.9340659340659341,0.9375,0.8823529411764706,0.9090909090909091,0.958204334365325
789,RBF SVM — PCA 2,rbf,2,0.1,0.01,2,364,91,0.9340659340659341,1.0,0.8235294117647058,0.9032258064516129,0.9814241486068112
789,RBF SVM — PCA 2,rbf,2,0.1,0.1,2,364,91,0.9340659340659341,0.9375,0.8823529411764706,0.9090909090909091,0.9690402476780186
789,RBF SVM — PCA 2,rbf,2,0.1,1.0,2,364,91,0.8571428571428571,1.0,0.6176470588235294,0.7636363636363637,0.9613003095975232
789,RBF SVM — PCA 2,rbf,2,1.0,scale,2,364,91,0.9340659340659341,0.9375,0.8823529411764706,0.9090909090909091,0.9742002063983489
789,RBF SVM — PCA 2,rbf,2,1.0,auto,2,364,91,0.9230769230769231,0.9354838709677419,0.8529411764705882,0.8923076923076924,0.9391124871001033
789,RBF SVM — PCA 2,rbf,2,1.0,0.01,2,364,91,0.945054945054945,0.967741935483871,0.8823529411764706,0.9230769230769231,0.9814241486068112
789,RBF SVM — PCA 2,rbf,2,1.0,0.1,2,364,91,0.9230769230769231,0.9354838709677419,0.8529411764705882,0.8923076923076924,0.9685242518059856
789,RBF SVM — PCA 2,rbf,2,1.0,1.0,2,364,91,0.9340659340659341,0.9375,0.8823529411764706,0.9090909090909091,0.9422084623323013
789,RBF SVM — PCA 2,rbf,2,10.0,scale,2,364,91,0.9230769230769231,0.9354838709677419,0.8529411764705882,0.8923076923076924,0.9674922600619195
789,RBF SVM — PCA 2,rbf,2,10.0,auto,2,364,91,0.9340659340659341,0.9117647058823529,0.9117647058823529,0.9117647058823529,0.9117647058823529
789,RBF SVM — PCA 2,rbf,2,10.0,0.01,2,364,91,0.9340659340659341,0.9666666666666667,0.8529411764705882,0.90625,0.9809081527347782
789,RBF SVM — PCA 2,rbf,2,10.0,0.1,2,364,91,0.9230769230769231,0.9354838709677419,0.8529411764705882,0.8923076923076924,0.9478844169246646
789,RBF SVM — PCA 2,rbf,2,10.0,1.0,2,364,91,0.945054945054945,0.9393939393939394,0.9117647058823529,0.9253731343283582,0.9169246646026831
789,RBF SVM — PCA 2,rbf,2,100.0,scale,2,364,91,0.9120879120879121,0.9333333333333333,0.8235294117647058,0.875,0.9437564499484005
789,RBF SVM — PCA 2,rbf,2,100.0,auto,2,364,91,0.945054945054945,0.9393939393939394,0.9117647058823529,0.9253731343283582,0.9231166150670795
789,RBF SVM — PCA 2,rbf,2,100.0,0.01,2,364,91,0.9120879120879121,0.9333333333333333,0.8235294117647058,0.875,0.978328173374613
789,RBF SVM — PCA 2,rbf,2,100.0,0.1,2,364,91,0.9230769230769231,0.9354838709677419,0.8529411764705882,0.8923076923076924,0.9520123839009288
789,RBF SVM — PCA 2,rbf,2,100.0,1.0,2,364,91,0.9340659340659341,0.9117647058823529,0.9117647058823529,0.9117647058823529,0.9174406604747163
789,RBF SVM — PCA 2,rbf,2,0.01,scale,3,364,91,0.7362637362637363,1.0,0.29411764705882354,0.45454545454545453,0.9674922600619195
789,RBF SVM — PCA 2,rbf,2,0.01,auto,3,364,91,0.6263736263736264,0.0,0.0,0.0,0.9623323013415892
789,RBF SVM — PCA 2,rbf,2,0.01,0.01,3,364,91,0.6263736263736264,0.0,0.0,0.0,0.9762641898864809
789,RBF SVM — PCA 2,rbf,2,0.01,0.1,3,364,91,0.6373626373626373,1.0,0.029411764705882353,0.05714285714285714,0.9654282765737874
789,RBF SVM — PCA 2,rbf,2,0.01,1.0,3,364,91,0.6263736263736264,0.0,0.0,0.0,0.9654282765737874
789,RBF SVM — PCA 2,rbf,2,0.1,scale,3,364,91,0.9340659340659341,0.9375,0.8823529411764706,0.9090909090909091,0.9742002063983487
789,RBF SVM — PCA 2,rbf,2,0.1,auto,3,364,91,0.9120879120879121,0.8611111111111112,0.9117647058823529,0.8857142857142857,0.9633642930856553
789,RBF SVM — PCA 2,rbf,2,0.1,0.01,3,364,91,0.9230769230769231,0.9655172413793104,0.8235294117647058,0.8888888888888888,0.978328173374613
789,RBF SVM — PCA 2,rbf,2,0.1,0.1,3,364,91,0.945054945054945,0.9393939393939394,0.9117647058823529,0.9253731343283582,0.9716202270381838
789,RBF SVM — PCA 2,rbf,2,0.1,1.0,3,364,91,0.945054945054945,0.9393939393939394,0.9117647058823529,0.9253731343283582,0.9669762641898866
789,RBF SVM — PCA 2,rbf,2,1.0,scale,3,364,91,0.945054945054945,0.9393939393939394,0.9117647058823529,0.9253731343283582,0.9772961816305469
789,RBF SVM — PCA 2,rbf,2,1.0,auto,3,364,91,0.9340659340659341,0.9117647058823529,0.9117647058823529,0.9117647058823529,0.9716202270381836
789,RBF SVM — PCA 2,rbf,2,1.0,0.01,3,364,91,0.945054945054945,0.9393939393939394,0.9117647058823529,0.9253731343283582,0.9824561403508771
789,RBF SVM — PCA 2,rbf,2,1.0,0.1,3,364,91,0.9340659340659341,0.9117647058823529,0.9117647058823529,0.9117647058823529,0.9757481940144478
789,RBF SVM — PCA 2,rbf,2,1.0,1.0,3,364,91,0.9340659340659341,0.9117647058823529,0.9117647058823529,0.9117647058823529,0.9695562435500517
789,RBF SVM — PCA 2,rbf,2,10.0,scale,3,364,91,0.9340659340659341,0.9117647058823529,0.9117647058823529,0.9117647058823529,0.980908152734778
789,RBF SVM — PCA 2,rbf,2,10.0,auto,3,364,91,0.9340659340659341,0.9117647058823529,0.9117647058823529,0.9117647058823529,0.9613003095975232
789,RBF SVM — PCA 2,rbf,2,10.0,0.01,3,364,91,0.9340659340659341,0.9117647058823529,0.9117647058823529,0.9117647058823529,0.9855521155830753
789,RBF SVM — PCA 2,rbf,2,10.0,0.1,3,364,91,0.9340659340659341,0.9117647058823529,0.9117647058823529,0.9117647058823529,0.9762641898864809
789,RBF SVM — PCA 2,rbf,2,10.0,1.0,3,364,91,0.9340659340659341,0.9117647058823529,0.9117647058823529,0.9117647058823529,0.9489164086687306
789,RBF SVM — PCA 2,rbf,2,100.0,scale,3,364,91,0.9340659340659341,0.9117647058823529,0.9117647058823529,0.9117647058823529,0.9747162022703818
789,RBF SVM — PCA 2,rbf,2,100.0,auto,3,364,91,0.945054945054945,0.9142857142857143,0.9411764705882353,0.927536231884058,0.9602683178534572
789,RBF SVM — PCA 2,rbf,2,100.0,0.01,3,364,91,0.9340659340659341,0.9117647058823529,0.9117647058823529,0.9117647058823529,0.9845201238390092
789,RBF SVM — PCA 2,rbf,2,100.0,0.1,3,364,91,0.9340659340659341,0.9117647058823529,0.9117647058823529,0.9117647058823529,0.9762641898864809
789,RBF SVM — PCA 2,rbf,2,100.0,1.0,3,364,91,0.9560439560439561,0.9166666666666666,0.9705882352941176,0.9428571428571428,0.935500515995872
789,RBF SVM — PCA 2,rbf,2,0.01,scale,4,364,91,0.7582417582417582,1.0,0.35294117647058826,0.5217391304347826,0.9901960784313726
789,RBF SVM — PCA 2,rbf,2,0.01,auto,4,364,91,0.6263736263736264,0.0,0.0,0.0,0.9850361197110423
789,RBF SVM — PCA 2,rbf,2,0.01,0.01,4,364,91,0.6263736263736264,0.0,0.0,0.0,0.9907120743034055
789,RBF SVM — PCA 2,rbf,2,0.01,0.1,4,364,91,0.6263736263736264,0.0,0.0,0.0,0.9901960784313726
789,RBF SVM — PCA 2,rbf,2,0.01,1.0,4,364,91,0.6263736263736264,0.0,0.0,0.0,0.9814241486068112
789,RBF SVM — PCA 2,rbf,2,0.1,scale,4,364,91,0.945054945054945,0.967741935483871,0.8823529411764706,0.9230769230769231,0.9922600619195046
789,RBF SVM — PCA 2,rbf,2,0.1,auto,4,364,91,0.9340659340659341,0.9117647058823529,0.9117647058823529,0.9117647058823529,0.9855521155830753
789,RBF SVM — PCA 2,rbf,2,0.1,0.01,4,364,91,0.945054945054945,1.0,0.8529411764705882,0.9206349206349206,0.9927760577915377
789,RBF SVM — PCA 2,rbf,2,0.1,0.1,4,364,91,0.9340659340659341,0.9375,0.8823529411764706,0.9090909090909091,0.9912280701754387
789,RBF SVM — PCA 2,rbf,2,0.1,1.0,4,364,91,0.9340659340659341,0.9666666666666667,0.8529411764705882,0.90625,0.9814241486068112
789,RBF SVM — PCA 2,rbf,2,1.0,scale,4,364,91,0.945054945054945,0.9393939393939394,0.9117647058823529,0.9253731343283582,0.9922600619195047
789,RBF SVM — PCA 2,rbf,2,1.0,auto,4,364,91,0.9340659340659341,0.9117647058823529,0.9117647058823529,0.9117647058823529,0.9695562435500515
789,RBF SVM — PCA 2,rbf,2,1.0,0.01,4,364,91,0.945054945054945,0.967741935483871,0.8823529411764706,0.9230769230769231,0.9958720330237358
789,RBF SVM — PCA 2,rbf,2,1.0,0.1,4,364,91,0.945054945054945,0.9393939393939394,0.9117647058823529,0.9253731343283582,0.9907120743034057
789,RBF SVM — PCA 2,rbf,2,1.0,1.0,4,364,91,0.9340659340659341,0.9117647058823529,0.9117647058823529,0.9117647058823529,0.9638802889576883
789,RBF SVM — PCA 2,rbf,2,10.0,scale,4,364,91,0.945054945054945,0.9393939393939394,0.9117647058823529,0.9253731343283582,0.9907120743034057
789,RBF SVM — PCA 2,rbf,2,10.0,auto,4,364,91,0.9230769230769231,0.9090909090909091,0.8823529411764706,0.8955223880597015,0.9695562435500515
789,RBF SVM — PCA 2,rbf,2,10.0,0.01,4,364,91,0.967032967032967,0.9696969696969697,0.9411764705882353,0.9552238805970149,0.9958720330237358
789,RBF SVM — PCA 2,rbf,2,10.0,0.1,4,364,91,0.945054945054945,0.9393939393939394,0.9117647058823529,0.9253731343283582,0.9803921568627451
789,RBF SVM — PCA 2,rbf,2,10.0,1.0,4,364,91,0.945054945054945,0.9393939393939394,0.9117647058823529,0.9253731343283582,0.9514963880288958
789,RBF SVM — PCA 2,rbf,2,100.0,scale,4,364,91,0.9560439560439561,0.9411764705882353,0.9411764705882353,0.9411764705882353,0.9829721362229102
789,RBF SVM — PCA 2,rbf,2,100.0,auto,4,364,91,0.945054945054945,0.9393939393939394,0.9117647058823529,0.9253731343283582,0.9613003095975231
789,RBF SVM — PCA 2,rbf,2,100.0,0.01,4,364,91,0.967032967032967,0.9696969696969697,0.9411764705882353,0.9552238805970149,0.9963880288957688
789,RBF SVM — PCA 2,rbf,2,100.0,0.1,4,364,91,0.9560439560439561,0.9411764705882353,0.9411764705882353,0.9411764705882353,0.9834881320949433
789,RBF SVM — PCA 2,rbf,2,100.0,1.0,4,364,91,0.9560439560439561,0.96875,0.9117647058823529,0.9393939393939394,0.9473684210526315
789,RBF SVM — PCA 2,rbf,2,0.01,scale,5,364,91,0.7582417582417582,1.0,0.35294117647058826,0.5217391304347826,0.9778121775025799
789,RBF SVM — PCA 2,rbf,2,0.01,auto,5,364,91,0.6263736263736264,0.0,0.0,0.0,0.9809081527347782
789,RBF SVM — PCA 2,rbf,2,0.01,0.01,5,364,91,0.6263736263736264,0.0,0.0,0.0,0.976264189886481
789,RBF SVM — PCA 2,rbf,2,0.01,0.1,5,364,91,0.6263736263736264,0.0,0.0,0.0,0.9803921568627451
789,RBF SVM — PCA 2,rbf,2,0.01,1.0,5,364,91,0.6263736263736264,0.0,0.0,0.0,0.9757481940144479
789,RBF SVM — PCA 2,rbf,2,0.1,scale,5,364,91,0.9340659340659341,0.9666666666666667,0.8529411764705882,0.90625,0.9855521155830754
789,RBF SVM — PCA 2,rbf,2,0.1,auto,5,364,91,0.9010989010989011,0.8571428571428571,0.8823529411764706,0.8695652173913043,0.9793601651186792
789,RBF SVM — PCA 2,rbf,2,0.1,0.01,5,364,91,0.9340659340659341,0.9666666666666667,0.8529411764705882,0.90625,0.9834881320949432
789,RBF SVM — PCA 2,rbf,2,0.1,0.1,5,364,91,0.9230769230769231,0.9354838709677419,0.8529411764705882,0.8923076923076924,0.9840041279669763
789,RBF SVM — PCA 2,rbf,2,0.1,1.0,5,364,91,0.8901098901098901,0.8529411764705882,0.8529411764705882,0.8529411764705882,0.9757481940144479
789,RBF SVM — PCA 2,rbf,2,1.0,scale,5,364,91,0.9230769230769231,0.9090909090909091,0.8823529411764706,0.8955223880597015,0.9840041279669762
789,RBF SVM — PCA 2,rbf,2,1.0,auto,5,364,91,0.9010989010989011,0.8571428571428571,0.8823529411764706,0.8695652173913043,0.9633642930856553
789,RBF SVM — PCA 2,rbf,2,1.0,0.01,5,364,91,0.9120879120879121,0.9333333333333333,0.8235294117647058,0.875,0.9871001031991744
789,RBF SVM — PCA 2,rbf,2,1.0,0.1,5,364,91,0.9230769230769231,0.9090909090909091,0.8823529411764706,0.8955223880597015,0.980908152734778
789,RBF SVM — PCA 2,rbf,2,1.0,1.0,5,364,91,0.8791208791208791,0.8108108108108109,0.8823529411764706,0.8450704225352113,0.9690402476780186
789,RBF SVM — PCA 2,rbf,2,10.0,scale,5,364,91,0.9230769230769231,0.9090909090909091,0.8823529411764706,0.8955223880597015,0.976780185758514
789,RBF SVM — PCA 2,rbf,2,10.0,auto,5,364,91,0.9230769230769231,0.8648648648648649,0.9411764705882353,0.9014084507042254,0.9767801857585139
789,RBF SVM — PCA 2,rbf,2,10.0,0.01,5,364,91,0.945054945054945,0.9142857142857143,0.9411764705882353,0.927536231884058,0.9855521155830753
789,RBF SVM — PCA 2,rbf,2,10.0,0.1,5,364,91,0.9120879120879121,0.8823529411764706,0.8823529411764706,0.8823529411764706,0.9793601651186791
789,RBF SVM — PCA 2,rbf,2,10.0,1.0,5,364,91,0.8681318681318682,0.8055555555555556,0.8529411764705882,0.8285714285714286,0.9447884416924665
789,RBF SVM — PCA 2,rbf,2,100.0,scale,5,364,91,0.9120879120879121,0.8823529411764706,0.8823529411764706,0.8823529411764706,0.9649122807017544
789,RBF SVM — PCA 2,rbf,2,100.0,auto,5,364,91,0.8901098901098901,0.8529411764705882,0.8529411764705882,0.8529411764705882,0.9504643962848297
789,RBF SVM — PCA 2,rbf,2,100.0,0.01,5,364,91,0.9340659340659341,0.9117647058823529,0.9117647058823529,0.9117647058823529,0.980908152734778
789,RBF SVM — PCA 2,rbf,2,100.0,0.1,5,364,91,0.9230769230769231,0.8857142857142857,0.9117647058823529,0.8985507246376812,0.9654282765737874
789,RBF SVM — PCA 2,rbf,2,100.0,1.0,5,364,91,0.8681318681318682,0.8235294117647058,0.8235294117647058,0.8235294117647058,0.9164086687306501
789,Linear SVM — PCA 4,linear,4,0.01,none,1,364,91,0.967032967032967,1.0,0.9117647058823529,0.9538461538461539,0.9974200206398349
789,Linear SVM — PCA 4,linear,4,0.1,none,1,364,91,0.967032967032967,1.0,0.9117647058823529,0.9538461538461539,0.9969040247678019
789,Linear SVM — PCA 4,linear,4,1.0,none,1,364,91,0.967032967032967,1.0,0.9117647058823529,0.9538461538461539,0.9938080495356036
789,Linear SVM — PCA 4,linear,4,10.0,none,1,364,91,0.967032967032967,1.0,0.9117647058823529,0.9538461538461539,0.9932920536635708
789,Linear SVM — PCA 4,linear,4,100.0,none,1,364,91,0.967032967032967,1.0,0.9117647058823529,0.9538461538461539,0.9932920536635708
789,Linear SVM — PCA 4,linear,4,0.01,none,2,364,91,0.967032967032967,1.0,0.9117647058823529,0.9538461538461539,0.9907120743034056
789,Linear SVM — PCA 4,linear,4,0.1,none,2,364,91,0.978021978021978,1.0,0.9411764705882353,0.9696969696969697,0.9917440660474716
789,Linear SVM — PCA 4,linear,4,1.0,none,2,364,91,0.945054945054945,0.967741935483871,0.8823529411764706,0.9230769230769231,0.9896800825593395
789,Linear SVM — PCA 4,linear,4,10.0,none,2,364,91,0.945054945054945,0.967741935483871,0.8823529411764706,0.9230769230769231,0.9871001031991744
789,Linear SVM — PCA 4,linear,4,100.0,none,2,364,91,0.945054945054945,0.967741935483871,0.8823529411764706,0.9230769230769231,0.9871001031991744
789,Linear SVM — PCA 4,linear,4,0.01,none,3,364,91,0.9560439560439561,0.96875,0.9117647058823529,0.9393939393939394,0.9793601651186791
789,Linear SVM — PCA 4,linear,4,0.1,none,3,364,91,0.9560439560439561,0.96875,0.9117647058823529,0.9393939393939394,0.980908152734778
789,Linear SVM — PCA 4,linear,4,1.0,none,3,364,91,0.9560439560439561,0.96875,0.9117647058823529,0.9393939393939394,0.9809081527347782
789,Linear SVM — PCA 4,linear,4,10.0,none,3,364,91,0.9560439560439561,0.96875,0.9117647058823529,0.9393939393939394,0.9814241486068112
789,Linear SVM — PCA 4,linear,4,100.0,none,3,364,91,0.9560439560439561,0.96875,0.9117647058823529,0.9393939393939394,0.9814241486068112
789,Linear SVM — PCA 4,linear,4,0.01,none,4,364,91,0.967032967032967,0.9696969696969697,0.9411764705882353,0.9552238805970149,0.9969040247678019
789,Linear SVM — PCA 4,linear,4,0.1,none,4,364,91,0.967032967032967,0.9696969696969697,0.9411764705882353,0.9552238805970149,0.9989680082559339
789,Linear SVM — PCA 4,linear,4,1.0,none,4,364,91,0.967032967032967,0.9696969696969697,0.9411764705882353,0.9552238805970149,0.9979360165118679
789,Linear SVM — PCA 4,linear,4,10.0,none,4,364,91,0.978021978021978,1.0,0.9411764705882353,0.9696969696969697,0.9979360165118679
789,Linear SVM — PCA 4,linear,4,100.0,none,4,364,91,0.978021978021978,1.0,0.9411764705882353,0.9696969696969697,0.9979360165118679
789,Linear SVM — PCA 4,linear,4,0.01,none,5,364,91,0.945054945054945,0.9393939393939394,0.9117647058823529,0.9253731343283582,0.9922600619195047
789,Linear SVM — PCA 4,linear,4,0.1,none,5,364,91,0.9230769230769231,0.8857142857142857,0.9117647058823529,0.8985507246376812,0.9886480908152735
789,Linear SVM — PCA 4,linear,4,1.0,none,5,364,91,0.9120879120879121,0.8421052631578947,0.9411764705882353,0.8888888888888888,0.9891640866873065
789,Linear SVM — PCA 4,linear,4,10.0,none,5,364,91,0.9120879120879121,0.8421052631578947,0.9411764705882353,0.8888888888888888,0.9891640866873065
789,Linear SVM — PCA 4,linear,4,100.0,none,5,364,91,0.9120879120879121,0.8421052631578947,0.9411764705882353,0.8888888888888888,0.9886480908152735
789,RBF SVM — PCA 4,rbf,4,0.01,scale,1,364,91,0.6263736263736264,0.0,0.0,0.0,0.9907120743034056
789,RBF SVM — PCA 4,rbf,4,0.01,auto,1,364,91,0.6263736263736264,0.0,0.0,0.0,0.9871001031991744
789,RBF SVM — PCA 4,rbf,4,0.01,0.01,1,364,91,0.6263736263736264,0.0,0.0,0.0,0.9881320949432404
789,RBF SVM — PCA 4,rbf,4,0.01,0.1,1,364,91,0.6263736263736264,0.0,0.0,0.0,0.9896800825593395
789,RBF SVM — PCA 4,rbf,4,0.01,1.0,1,364,91,0.6263736263736264,0.0,0.0,0.0,0.9628482972136223
789,RBF SVM — PCA 4,rbf,4,0.1,scale,1,364,91,0.9340659340659341,0.9375,0.8823529411764706,0.9090909090909091,0.9932920536635707
789,RBF SVM — PCA 4,rbf,4,0.1,auto,1,364,91,0.945054945054945,1.0,0.8529411764705882,0.9206349206349206,0.9871001031991744
789,RBF SVM — PCA 4,rbf,4,0.1,0.01,1,364,91,0.945054945054945,1.0,0.8529411764705882,0.9206349206349206,0.9917440660474717
789,RBF SVM — PCA 4,rbf,4,0.1,0.1,1,364,91,0.945054945054945,0.9142857142857143,0.9411764705882353,0.927536231884058,0.9912280701754386
789,RBF SVM — PCA 4,rbf,4,0.1,1.0,1,364,91,0.6263736263736264,0.0,0.0,0.0,0.9623323013415893
789,RBF SVM — PCA 4,rbf,4,1.0,scale,1,364,91,0.978021978021978,1.0,0.9411764705882353,0.9696969696969697,0.9958720330237358
789,RBF SVM — PCA 4,rbf,4,1.0,auto,1,364,91,0.945054945054945,0.9142857142857143,0.9411764705882353,0.927536231884058,0.9891640866873066
789,RBF SVM — PCA 4,rbf,4,1.0,0.01,1,364,91,0.9560439560439561,0.96875,0.9117647058823529,0.9393939393939394,0.9979360165118679
789,RBF SVM — PCA 4,rbf,4,1.0,0.1,1,364,91,0.978021978021978,1.0,0.9411764705882353,0.9696969696969697,0.9932920536635708
789,RBF SVM — PCA 4,rbf,4,1.0,1.0,1,364,91,0.9230769230769231,0.8648648648648649,0.9411764705882353,0.9014084507042254,0.957172342621259
789,RBF SVM — PCA 4,rbf,4,10.0,scale,1,364,91,0.967032967032967,0.9696969696969697,0.9411764705882353,0.9552238805970149,0.9953560371517027
789,RBF SVM — PCA 4,rbf,4,10.0,auto,1,364,91,0.9340659340659341,0.8888888888888888,0.9411764705882353,0.9142857142857143,0.9834881320949433
789,RBF SVM — PCA 4,rbf,4,10.0,0.01,1,364,91,0.967032967032967,1.0,0.9117647058823529,0.9538461538461539,0.9974200206398349
789,RBF SVM — PCA 4,rbf,4,10.0,0.1,1,364,91,0.967032967032967,0.9696969696969697,0.9411764705882353,0.9552238805970149,0.9840041279669762
789,RBF SVM — PCA 4,rbf,4,10.0,1.0,1,364,91,0.9230769230769231,0.8648648648648649,0.9411764705882353,0.9014084507042254,0.9509803921568627
789,RBF SVM — PCA 4,rbf,4,100.0,scale,1,364,91,0.9560439560439561,0.96875,0.9117647058823529,0.9393939393939394,0.9896800825593395
789,RBF SVM — PCA 4,rbf,4,100.0,auto,1,364,91,0.9230769230769231,0.8857142857142857,0.9117647058823529,0.8985507246376812,0.9633642930856552
789,RBF SVM — PCA 4,rbf,4,100.0,0.01,1,364,91,0.978021978021978,1.0,0.9411764705882353,0.9696969696969697,0.9969040247678019
789,RBF SVM — PCA 4,rbf,4,100.0,0.1,1,364,91,0.945054945054945,0.9393939393939394,0.9117647058823529,0.9253731343283582,0.9819401444788441
789,RBF SVM — PCA 4,rbf,4,100.0,1.0,1,364,91,0.9230769230769231,0.8648648648648649,0.9411764705882353,0.9014084507042254,0.9509803921568627
789,RBF SVM — PCA 4,rbf,4,0.01,scale,2,364,91,0.6263736263736264,0.0,0.0,0.0,0.9726522187822497
789,RBF SVM — PCA 4,rbf,4,0.01,auto,2,364,91,0.6263736263736264,0.0,0.0,0.0,0.9674922600619195
789,RBF SVM — PCA 4,rbf,4,0.01,0.01,2,364,91,0.6263736263736264,0.0,0.0,0.0,0.979360165118679
789,RBF SVM — PCA 4,rbf,4,0.01,0.1,2,364,91,0.6263736263736264,0.0,0.0,0.0,0.9695562435500517
789,RBF SVM — PCA 4,rbf,4,0.01,1.0,2,364,91,0.6263736263736264,0.0,0.0,0.0,0.9347265221878225
789,RBF SVM — PCA 4,rbf,4,0.1,scale,2,364,91,0.945054945054945,0.967741935483871,0.8823529411764706,0.9230769230769231,0.978328173374613
789,RBF SVM — PCA 4,rbf,4,0.1,auto,2,364,91,0.8681318681318682,1.0,0.6470588235294118,0.7857142857142857,0.9674922600619195
789,RBF SVM — PCA 4,rbf,4,0.1,0.01,2,364,91,0.9560439560439561,1.0,0.8823529411764706,0.9375,0.9845201238390093
789,RBF SVM — PCA 4,rbf,4,0.1,0.1,2,364,91,0.945054945054945,0.9393939393939394,0.9117647058823529,0.9253731343283582,0.9731682146542828
789,RBF SVM — PCA 4,rbf,4,0.1,1.0,2,364,91,0.6263736263736264,0.0,0.0,0.0,0.9347265221878226
789,RBF SVM — PCA 4,rbf,4,1.0,scale,2,364,91,0.9340659340659341,0.9375,0.8823529411764706,0.9090909090909091,0.9819401444788441
789,RBF SVM — PCA 4,rbf,4,1.0,auto,2,364,91,0.9230769230769231,0.9090909090909091,0.8823529411764706,0.8955223880597015,0.955108359133127
789,RBF SVM — PCA 4,rbf,4,1.0,0.01,2,364,91,0.978021978021978,1.0,0.9411764705882353,0.9696969696969697,0.9886480908152735
789,RBF SVM — PCA 4,rbf,4,1.0,0.1,2,364,91,0.9340659340659341,0.9375,0.8823529411764706,0.9090909090909091,0.9731682146542828
789,RBF SVM — PCA 4,rbf,4,1.0,1.0,2,364,91,0.8681318681318682,0.9583333333333334,0.6764705882352942,0.7931034482758621,0.923374613003096
789,RBF SVM — PCA 4,rbf,4,10.0,scale,2,364,91,0.9340659340659341,0.9117647058823529,0.9117647058823529,0.9117647058823529,0.9742002063983488
789,RBF SVM — PCA 4,rbf,4,10.0,auto,2,364,91,0.8791208791208791,0.8108108108108109,0.8823529411764706,0.8450704225352113,0.9122807017543859
789,RBF SVM — PCA 4,rbf,4,10.0,0.01,2,364,91,0.945054945054945,0.967741935483871,0.8823529411764706,0.9230769230769231,0.9901960784313726
789,RBF SVM — PCA 4,rbf,4,10.0,0.1,2,364,91,0.9120879120879121,0.8823529411764706,0.8823529411764706,0.8823529411764706,0.9473684210526316
789,RBF SVM — PCA 4,rbf,4,10.0,1.0,2,364,91,0.9120879120879121,0.8823529411764706,0.8823529411764706,0.8823529411764706,0.9182146542827657
789,RBF SVM — PCA 4,rbf,4,100.0,scale,2,364,91,0.8791208791208791,0.8108108108108109,0.8823529411764706,0.8450704225352113,0.9453044375644996
789,RBF SVM — PCA 4,rbf,4,100.0,auto,2,364,91,0.8901098901098901,0.8157894736842105,0.9117647058823529,0.8611111111111112,0.9169246646026832
789,RBF SVM — PCA 4,rbf,4,100.0,0.01,2,364,91,0.945054945054945,0.9393939393939394,0.9117647058823529,0.9253731343283582,0.9798761609907121
789,RBF SVM — PCA 4,rbf,4,100.0,0.1,2,364,91,0.8901098901098901,0.8333333333333334,0.8823529411764706,0.8571428571428571,0.912280701754386
789,RBF SVM — PCA 4,rbf,4,100.0,1.0,2,364,91,0.9120879120879121,0.8823529411764706,0.8823529411764706,0.8823529411764706,0.9192466460268318
789,RBF SVM — PCA 4,rbf,4,0.01,scale,3,364,91,0.6263736263736264,0.0,0.0,0.0,0.9747162022703819
789,RBF SVM — PCA 4,rbf,4,0.01,auto,3,364,91,0.6263736263736264,0.0,0.0,0.0,0.978328173374613
789,RBF SVM — PCA 4,rbf,4,0.01,0.01,3,364,91,0.6263736263736264,0.0,0.0,0.0,0.9747162022703818
789,RBF SVM — PCA 4,rbf,4,0.01,0.1,3,364,91,0.6263736263736264,0.0,0.0,0.0,0.9762641898864809
789,RBF SVM — PCA 4,rbf,4,0.01,1.0,3,364,91,0.6263736263736264,0.0,0.0,0.0,0.957172342621259
789,RBF SVM — PCA 4,rbf,4,0.1,scale,3,364,91,0.9560439560439561,0.96875,0.9117647058823529,0.9393939393939394,0.9736842105263158
789,RBF SVM — PCA 4,rbf,4,0.1,auto,3,364,91,0.9560439560439561,0.96875,0.9117647058823529,0.9393939393939394,0.9788441692466461
789,RBF SVM — PCA 4,rbf,4,0.1,0.01,3,364,91,0.945054945054945,1.0,0.8529411764705882,0.9206349206349206,0.977296181630547
789,RBF SVM — PCA 4,rbf,4,0.1,0.1,3,364,91,0.967032967032967,0.9696969696969697,0.9411764705882353,0.9552238805970149,0.976780185758514
789,RBF SVM — PCA 4,rbf,4,0.1,1.0,3,364,91,0.6263736263736264,0.0,0.0,0.0,0.9566563467492261
789,RBF SVM — PCA 4,rbf,4,1.0,scale,3,364,91,0.967032967032967,0.9696969696969697,0.9411764705882353,0.9552238805970149,0.9788441692466461
789,RBF SVM — PCA 4,rbf,4,1.0,auto,3,364,91,0.945054945054945,0.9142857142857143,0.9411764705882353,0.927536231884058,0.9783281733746131
789,RBF SVM — PCA 4,rbf,4,1.0,0.01,3,364,91,0.967032967032967,0.9696969696969697,0.9411764705882353,0.9552238805970149,0.9824561403508771
789,RBF SVM — PCA 4,rbf,4,1.0,0.1,3,364,91,0.967032967032967,0.9696969696969697,0.9411764705882353,0.9552238805970149,0.9798761609907121
789,RBF SVM — PCA 4,rbf,4,1.0,1.0,3,364,91,0.9230769230769231,0.8648648648648649,0.9411764705882353,0.9014084507042254,0.9509803921568628
789,RBF SVM — PCA 4,rbf,4,10.0,scale,3,364,91,0.9560439560439561,0.9411764705882353,0.9411764705882353,0.9411764705882353,0.9891640866873066
789,RBF SVM — PCA 4,rbf,4,10.0,auto,3,364,91,0.945054945054945,0.8918918918918919,0.9705882352941176,0.9295774647887324,0.9478844169246645
789,RBF SVM — PCA 4,rbf,4,10.0,0.01,3,364,91,0.9560439560439561,0.96875,0.9117647058823529,0.9393939393939394,0.9814241486068113
789,RBF SVM — PCA 4,rbf,4,10.0,0.1,3,364,91,0.967032967032967,0.9696969696969697,0.9411764705882353,0.9552238805970149,0.9803921568627452
789,RBF SVM — PCA 4,rbf,4,10.0,1.0,3,364,91,0.9230769230769231,0.8648648648648649,0.9411764705882353,0.9014084507042254,0.9365325077399381
789,RBF SVM — PCA 4,rbf,4,100.0,scale,3,364,91,0.9560439560439561,0.9411764705882353,0.9411764705882353,0.9411764705882353,0.9855521155830753
789,RBF SVM — PCA 4,rbf,4,100.0,auto,3,364,91,0.9340659340659341,0.8888888888888888,0.9411764705882353,0.9142857142857143,0.9282765737874097
789,RBF SVM — PCA 4,rbf,4,100.0,0.01,3,364,91,0.967032967032967,0.9696969696969697,0.9411764705882353,0.9552238805970149,0.9860681114551084
789,RBF SVM — PCA 4,rbf,4,100.0,0.1,3,364,91,0.945054945054945,0.9142857142857143,0.9411764705882353,0.927536231884058,0.9705882352941176
789,RBF SVM — PCA 4,rbf,4,100.0,1.0,3,364,91,0.9230769230769231,0.8648648648648649,0.9411764705882353,0.9014084507042254,0.93343653250774
789,RBF SVM — PCA 4,rbf,4,0.01,scale,4,364,91,0.6263736263736264,0.0,0.0,0.0,0.9907120743034056
789,RBF SVM — PCA 4,rbf,4,0.01,auto,4,364,91,0.6263736263736264,0.0,0.0,0.0,0.9860681114551083
789,RBF SVM — PCA 4,rbf,4,0.01,0.01,4,364,91,0.6263736263736264,0.0,0.0,0.0,0.9912280701754386
789,RBF SVM — PCA 4,rbf,4,0.01,0.1,4,364,91,0.6263736263736264,0.0,0.0,0.0,0.9912280701754386
789,RBF SVM — PCA 4,rbf,4,0.01,1.0,4,364,91,0.6263736263736264,0.0,0.0,0.0,0.9695562435500517
789,RBF SVM — PCA 4,rbf,4,0.1,scale,4,364,91,0.945054945054945,0.9393939393939394,0.9117647058823529,0.9253731343283582,0.9932920536635707
789,RBF SVM — PCA 4,rbf,4,0.1,auto,4,364,91,0.9340659340659341,0.9375,0.8823529411764706,0.9090909090909091,0.9840041279669762
789,RBF SVM — PCA 4,rbf,4,0.1,0.01,4,364,91,0.945054945054945,1.0,0.8529411764705882,0.9206349206349206,0.9927760577915377
789,RBF SVM — PCA 4,rbf,4,0.1,0.1,4,364,91,0.9340659340659341,0.9117647058823529,0.9117647058823529,0.9117647058823529,0.9927760577915378
789,RBF SVM — PCA 4,rbf,4,0.1,1.0,4,364,91,0.6263736263736264,0.0,0.0,0.0,0.9695562435500517
789,RBF SVM — PCA 4,rbf,4,1.0,scale,4,364,91,0.9560439560439561,0.9411764705882353,0.9411764705882353,0.9411764705882353,0.9958720330237358
789,RBF SVM — PCA 4,rbf,4,1.0,auto,4,364,91,0.9560439560439561,0.9411764705882353,0.9411764705882353,0.9411764705882353,0.9901960784313726
789,RBF SVM — PCA 4,rbf,4,1.0,0.01,4,364,91,0.9560439560439561,0.9411764705882353,0.9411764705882353,0.9411764705882353,0.9963880288957688
789,RBF SVM — PCA 4,rbf,4,1.0,0.1,4,364,91,0.945054945054945,0.9142857142857143,0.9411764705882353,0.927536231884058,0.9948400412796697
789,RBF SVM — PCA 4,rbf,4,1.0,1.0,4,364,91,0.9120879120879121,0.9333333333333333,0.8235294117647058,0.875,0.9711042311661507
789,RBF SVM — PCA 4,rbf,4,10.0,scale,4,364,91,0.967032967032967,0.9696969696969697,0.9411764705882353,0.9552238805970149,0.9963880288957688
789,RBF SVM — PCA 4,rbf,4,10.0,auto,4,364,91,0.9560439560439561,0.96875,0.9117647058823529,0.9393939393939394,0.9767801857585139
789,RBF SVM — PCA 4,rbf,4,10.0,0.01,4,364,91,0.967032967032967,0.9696969696969697,0.9411764705882353,0.9552238805970149,0.9979360165118679
789,RBF SVM — PCA 4,rbf,4,10.0,0.1,4,364,91,0.9560439560439561,0.9411764705882353,0.9411764705882353,0.9411764705882353,0.9938080495356038
789,RBF SVM — PCA 4,rbf,4,10.0,1.0,4,364,91,0.9120879120879121,0.9333333333333333,0.8235294117647058,0.875,0.9680082559339526
789,RBF SVM — PCA 4,rbf,4,100.0,scale,4,364,91,0.945054945054945,0.9142857142857143,0.9411764705882353,0.927536231884058,0.9963880288957688
789,RBF SVM — PCA 4,rbf,4,100.0,auto,4,364,91,0.945054945054945,0.9393939393939394,0.9117647058823529,0.9253731343283582,0.957688338493292
789,RBF SVM — PCA 4,rbf,4,100.0,0.01,4,364,91,0.978021978021978,1.0,0.9411764705882353,0.9696969696969697,0.9969040247678019
789,RBF SVM — PCA 4,rbf,4,100.0,0.1,4,364,91,0.945054945054945,0.9393939393939394,0.9117647058823529,0.9253731343283582,0.9855521155830753
789,RBF SVM — PCA 4,rbf,4,100.0,1.0,4,364,91,0.9120879120879121,0.9333333333333333,0.8235294117647058,0.875,0.9680082559339526
789,RBF SVM — PCA 4,rbf,4,0.01,scale,5,364,91,0.6263736263736264,0.0,0.0,0.0,0.9803921568627452
789,RBF SVM — PCA 4,rbf,4,0.01,auto,5,364,91,0.6263736263736264,0.0,0.0,0.0,0.9886480908152735
789,RBF SVM — PCA 4,rbf,4,0.01,0.01,5,364,91,0.6263736263736264,0.0,0.0,0.0,0.9798761609907121
789,RBF SVM — PCA 4,rbf,4,0.01,0.1,5,364,91,0.6263736263736264,0.0,0.0,0.0,0.9834881320949432
789,RBF SVM — PCA 4,rbf,4,0.01,1.0,5,364,91,0.6263736263736264,0.0,0.0,0.0,0.9587203302373581
789,RBF SVM — PCA 4,rbf,4,0.1,scale,5,364,91,0.9340659340659341,0.9666666666666667,0.8529411764705882,0.90625,0.9891640866873065
789,RBF SVM — PCA 4,rbf,4,0.1,auto,5,364,91,0.945054945054945,0.967741935483871,0.8823529411764706,0.9230769230769231,0.9891640866873065
789,RBF SVM — PCA 4,rbf,4,0.1,0.01,5,364,91,0.9340659340659341,0.9666666666666667,0.8529411764705882,0.90625,0.9871001031991744
789,RBF SVM — PCA 4,rbf,4,0.1,0.1,5,364,91,0.945054945054945,0.9393939393939394,0.9117647058823529,0.9253731343283582,0.9901960784313726
789,RBF SVM — PCA 4,rbf,4,0.1,1.0,5,364,91,0.6263736263736264,0.0,0.0,0.0,0.9587203302373581
789,RBF SVM — PCA 4,rbf,4,1.0,scale,5,364,91,0.9560439560439561,0.96875,0.9117647058823529,0.9393939393939394,0.9953560371517028
789,RBF SVM — PCA 4,rbf,4,1.0,auto,5,364,91,0.945054945054945,0.9393939393939394,0.9117647058823529,0.9253731343283582,0.9912280701754386
789,RBF SVM — PCA 4,rbf,4,1.0,0.01,5,364,91,0.9560439560439561,0.96875,0.9117647058823529,0.9393939393939394,0.9938080495356038
789,RBF SVM — PCA 4,rbf,4,1.0,0.1,5,364,91,0.9560439560439561,0.96875,0.9117647058823529,0.9393939393939394,0.9958720330237358
789,RBF SVM — PCA 4,rbf,4,1.0,1.0,5,364,91,0.9010989010989011,0.8378378378378378,0.9117647058823529,0.8732394366197183,0.9468524251805985
789,RBF SVM — PCA 4,rbf,4,10.0,scale,5,364,91,0.9340659340659341,0.9375,0.8823529411764706,0.9090909090909091,0.9901960784313726
789,RBF SVM — PCA 4,rbf,4,10.0,auto,5,364,91,0.9560439560439561,0.9411764705882353,0.9411764705882353,0.9411764705882353,0.9618163054695562
789,RBF SVM — PCA 4,rbf,4,10.0,0.01,5,364,91,0.9340659340659341,0.9375,0.8823529411764706,0.9090909090909091,0.9932920536635707
789,RBF SVM — PCA 4,rbf,4,10.0,0.1,5,364,91,0.9340659340659341,0.8888888888888888,0.9411764705882353,0.9142857142857143,0.9845201238390093
789,RBF SVM — PCA 4,rbf,4,10.0,1.0,5,364,91,0.8901098901098901,0.8,0.9411764705882353,0.8648648648648649,0.9396284829721362
789,RBF SVM — PCA 4,rbf,4,100.0,scale,5,364,91,0.9340659340659341,0.9117647058823529,0.9117647058823529,0.9117647058823529,0.9901960784313726
789,RBF SVM — PCA 4,rbf,4,100.0,auto,5,364,91,0.9230769230769231,0.8292682926829268,1.0,0.9066666666666666,0.9370485036119711
789,RBF SVM — PCA 4,rbf,4,100.0,0.01,5,364,91,0.945054945054945,0.9393939393939394,0.9117647058823529,0.9253731343283582,0.9912280701754387
789,RBF SVM — PCA 4,rbf,4,100.0,0.1,5,364,91,0.9340659340659341,0.8888888888888888,0.9411764705882353,0.9142857142857143,0.9798761609907121
789,RBF SVM — PCA 4,rbf,4,100.0,1.0,5,364,91,0.8901098901098901,0.8,0.9411764705882353,0.8648648648648649,0.9396284829721362
2026,Linear SVM — PCA 2,linear,2,0.01,none,1,364,91,0.9340659340659341,0.8888888888888888,0.9411764705882353,0.9142857142857143,0.9865841073271414
2026,Linear SVM — PCA 2,linear,2,0.1,none,1,364,91,0.9230769230769231,0.8292682926829268,1.0,0.9066666666666666,0.9881320949432404
2026,Linear SVM — PCA 2,linear,2,1.0,none,1,364,91,0.9010989010989011,0.7906976744186046,1.0,0.8831168831168831,0.9896800825593395
2026,Linear SVM — PCA 2,linear,2,10.0,none,1,364,91,0.9010989010989011,0.7906976744186046,1.0,0.8831168831168831,0.9896800825593395
2026,Linear SVM — PCA 2,linear,2,100.0,none,1,364,91,0.9010989010989011,0.7906976744186046,1.0,0.8831168831168831,0.9891640866873065
2026,Linear SVM — PCA 2,linear,2,0.01,none,2,364,91,0.945054945054945,0.9393939393939394,0.9117647058823529,0.9253731343283582,0.9932920536635708
2026,Linear SVM — PCA 2,linear,2,0.1,none,2,364,91,0.967032967032967,0.9428571428571428,0.9705882352941176,0.9565217391304348,0.9932920536635708
2026,Linear SVM — PCA 2,linear,2,1.0,none,2,364,91,0.967032967032967,0.918918918918919,1.0,0.9577464788732394,0.9943240454076367
2026,Linear SVM — PCA 2,linear,2,10.0,none,2,364,91,0.967032967032967,0.918918918918919,1.0,0.9577464788732394,0.9943240454076367
2026,Linear SVM — PCA 2,linear,2,100.0,none,2,364,91,0.967032967032967,0.918918918918919,1.0,0.9577464788732394,0.9943240454076367
2026,Linear SVM — PCA 2,linear,2,0.01,none,3,364,91,0.9120879120879121,1.0,0.7647058823529411,0.8666666666666667,0.9829721362229102
2026,Linear SVM — PCA 2,linear,2,0.1,none,3,364,91,0.9560439560439561,1.0,0.8823529411764706,0.9375,0.9824561403508772
2026,Linear SVM — PCA 2,linear,2,1.0,none,3,364,91,0.945054945054945,1.0,0.8529411764705882,0.9206349206349206,0.9803921568627452
2026,Linear SVM — PCA 2,linear,2,10.0,none,3,364,91,0.945054945054945,1.0,0.8529411764705882,0.9206349206349206,0.9803921568627452
2026,Linear SVM — PCA 2,linear,2,100.0,none,3,364,91,0.945054945054945,1.0,0.8529411764705882,0.9206349206349206,0.9803921568627452
2026,Linear SVM — PCA 2,linear,2,0.01,none,4,364,91,0.978021978021978,1.0,0.9411764705882353,0.9696969696969697,0.9994840041279669
2026,Linear SVM — PCA 2,linear,2,0.1,none,4,364,91,0.978021978021978,0.9705882352941176,0.9705882352941176,0.9705882352941176,0.9994840041279669
2026,Linear SVM — PCA 2,linear,2,1.0,none,4,364,91,0.978021978021978,0.9444444444444444,1.0,0.9714285714285714,1.0
2026,Linear SVM — PCA 2,linear,2,10.0,none,4,364,91,0.978021978021978,0.9444444444444444,1.0,0.9714285714285714,1.0
2026,Linear SVM — PCA 2,linear,2,100.0,none,4,364,91,0.978021978021978,0.9444444444444444,1.0,0.9714285714285714,1.0
2026,Linear SVM — PCA 2,linear,2,0.01,none,5,364,91,0.9120879120879121,0.9642857142857143,0.7941176470588235,0.8709677419354839,0.9840041279669762
2026,Linear SVM — PCA 2,linear,2,0.1,none,5,364,91,0.9340659340659341,0.9666666666666667,0.8529411764705882,0.90625,0.9845201238390093
2026,Linear SVM — PCA 2,linear,2,1.0,none,5,364,91,0.9340659340659341,0.9375,0.8823529411764706,0.9090909090909091,0.9855521155830753
2026,Linear SVM — PCA 2,linear,2,10.0,none,5,364,91,0.9340659340659341,0.9375,0.8823529411764706,0.9090909090909091,0.9860681114551084
2026,Linear SVM — PCA 2,linear,2,100.0,none,5,364,91,0.9340659340659341,0.9375,0.8823529411764706,0.9090909090909091,0.9860681114551084
2026,RBF SVM — PCA 2,rbf,2,0.01,scale,1,364,91,0.7582417582417582,1.0,0.35294117647058826,0.5217391304347826,0.9819401444788441
2026,RBF SVM — PCA 2,rbf,2,0.01,auto,1,364,91,0.6263736263736264,0.0,0.0,0.0,0.9840041279669763
2026,RBF SVM — PCA 2,rbf,2,0.01,0.01,1,364,91,0.6263736263736264,0.0,0.0,0.0,0.9809081527347782
2026,RBF SVM — PCA 2,rbf,2,0.01,0.1,1,364,91,0.6483516483516484,1.0,0.058823529411764705,0.1111111111111111,0.9850361197110422
2026,RBF SVM — PCA 2,rbf,2,0.01,1.0,1,364,91,0.6263736263736264,0.0,0.0,0.0,0.9798761609907121
2026,RBF SVM — PCA 2,rbf,2,0.1,scale,1,364,91,0.9340659340659341,0.9117647058823529,0.9117647058823529,0.9117647058823529,0.9840041279669762
2026,RBF SVM — PCA 2,rbf,2,0.1,auto,1,364,91,0.9120879120879121,0.8095238095238095,1.0,0.8947368421052632,0.9850361197110423
2026,RBF SVM — PCA 2,rbf,2,0.1,0.01,1,364,91,0.9120879120879121,0.9333333333333333,0.8235294117647058,0.875,0.9840041279669762
2026,RBF SVM — PCA 2,rbf,2,0.1,0.1,1,364,91,0.9230769230769231,0.8648648648648649,0.9411764705882353,0.9014084507042254,0.9850361197110424
2026,RBF SVM — PCA 2,rbf,2,0.1,1.0,1,364,91,0.9230769230769231,0.8292682926829268,1.0,0.9066666666666666,0.9803921568627451
2026,RBF SVM — PCA 2,rbf,2,1.0,scale,1,364,91,0.945054945054945,0.8717948717948718,1.0,0.9315068493150684,0.9845201238390092
2026,RBF SVM — PCA 2,rbf,2,1.0,auto,1,364,91,0.9120879120879121,0.8095238095238095,1.0,0.8947368421052632,0.977296181630547
2026,RBF SVM — PCA 2,rbf,2,1.0,0.01,1,364,91,0.9340659340659341,0.8888888888888888,0.9411764705882353,0.9142857142857143,0.9865841073271414
2026,RBF SVM — PCA 2,rbf,2,1.0,0.1,1,364,91,0.9230769230769231,0.8292682926829268,1.0,0.9066666666666666,0.9772961816305469
2026,RBF SVM — PCA 2,rbf,2,1.0,1.0,1,364,91,0.9010989010989011,0.7906976744186046,1.0,0.8831168831168831,0.9649122807017545
2026,RBF SVM — PCA 2,rbf,2,10.0,scale,1,364,91,0.9120879120879121,0.8095238095238095,1.0,0.8947368421052632,0.9814241486068112
2026,RBF SVM — PCA 2,rbf,2,10.0,auto,1,364,91,0.9010989010989011,0.8048780487804879,0.9705882352941176,0.88,0.9432404540763675
2026,RBF SVM — PCA 2,rbf,2,10.0,0.01,1,364,91,0.9230769230769231,0.8292682926829268,1.0,0.9066666666666666,0.9850361197110422
2026,RBF SVM — PCA 2,rbf,2,10.0,0.1,1,364,91,0.9120879120879121,0.8095238095238095,1.0,0.8947368421052632,0.9736842105263157
2026,RBF SVM — PCA 2,rbf,2,10.0,1.0,1,364,91,0.9010989010989011,0.8378378378378378,0.9117647058823529,0.8732394366197183,0.9447884416924666
2026,RBF SVM — PCA 2,rbf,2,100.0,scale,1,364,91,0.9230769230769231,0.8292682926829268,1.0,0.9066666666666666,0.978844169246646
2026,RBF SVM — PCA 2,rbf,2,100.0,auto,1,364,91,0.9010989010989011,0.8378378378378378,0.9117647058823529,0.8732394366197183,0.9200206398348812
2026,RBF SVM — PCA 2,rbf,2,100.0,0.01,1,364,91,0.9120879120879121,0.8095238095238095,1.0,0.8947368421052632,0.9891640866873065
2026,RBF SVM — PCA 2,rbf,2,100.0,0.1,1,364,91,0.9010989010989011,0.7906976744186046,1.0,0.8831168831168831,0.9726522187822497
2026,RBF SVM — PCA 2,rbf,2,100.0,1.0,1,364,91,0.9010989010989011,0.8378378378378378,0.9117647058823529,0.8732394366197183,0.9060887512899898
2026,RBF SVM — PCA 2,rbf,2,0.01,scale,2,364,91,0.7472527472527473,1.0,0.3235294117647059,0.4888888888888889,0.9896800825593395
2026,RBF SVM — PCA 2,rbf,2,0.01,auto,2,364,91,0.6263736263736264,0.0,0.0,0.0,0.9814241486068112
2026,RBF SVM — PCA 2,rbf,2,0.01,0.01,2,364,91,0.6263736263736264,0.0,0.0,0.0,0.9891640866873066
2026,RBF SVM — PCA 2,rbf,2,0.01,0.1,2,364,91,0.6263736263736264,0.0,0.0,0.0,0.9871001031991744
2026,RBF SVM — PCA 2,rbf,2,0.01,1.0,2,364,91,0.6263736263736264,0.0,0.0,0.0,0.97781217750258
2026,RBF SVM — PCA 2,rbf,2,0.1,scale,2,364,91,0.9340659340659341,0.9375,0.8823529411764706,0.9090909090909091,0.9922600619195047
2026,RBF SVM — PCA 2,rbf,2,0.1,auto,2,364,91,0.9560439560439561,0.9411764705882353,0.9411764705882353,0.9411764705882353,0.9819401444788443
2026,RBF SVM — PCA 2,rbf,2,0.1,0.01,2,364,91,0.9340659340659341,0.9375,0.8823529411764706,0.9090909090909091,0.9912280701754386
2026,RBF SVM — PCA 2,rbf,2,0.1,0.1,2,364,91,0.945054945054945,0.9393939393939394,0.9117647058823529,0.9253731343283582,0.9907120743034057
2026,RBF SVM — PCA 2,rbf,2,0.1,1.0,2,364,91,0.8681318681318682,0.9230769230769231,0.7058823529411765,0.8,0.97781217750258
2026,RBF SVM — PCA 2,rbf,2,1.0,scale,2,364,91,0.9560439560439561,0.9411764705882353,0.9411764705882353,0.9411764705882353,0.9932920536635708
2026,RBF SVM — PCA 2,rbf,2,1.0,auto,2,364,91,0.9340659340659341,0.9375,0.8823529411764706,0.9090909090909091,0.9752321981424149
2026,RBF SVM — PCA 2,rbf,2,1.0,0.01,2,364,91,0.945054945054945,0.9393939393939394,0.9117647058823529,0.9253731343283582,0.9932920536635708
2026,RBF SVM — PCA 2,rbf,2,1.0,0.1,2,364,91,0.9560439560439561,0.9411764705882353,0.9411764705882353,0.9411764705882353,0.9907120743034057
2026,RBF SVM — PCA 2,rbf,2,1.0,1.0,2,364,91,0.9120879120879121,0.90625,0.8529411764705882,0.8787878787878788,0.9788441692466461
2026,RBF SVM — PCA 2,rbf,2,10.0,scale,2,364,91,0.967032967032967,0.9428571428571428,0.9705882352941176,0.9565217391304348,0.9896800825593396
2026,RBF SVM — PCA 2,rbf,2,10.0,auto,2,364,91,0.9010989010989011,0.9032258064516129,0.8235294117647058,0.8615384615384616,0.9628482972136223
2026,RBF SVM — PCA 2,rbf,2,10.0,0.01,2,364,91,0.967032967032967,0.9428571428571428,0.9705882352941176,0.9565217391304348,0.9932920536635708
2026,RBF SVM — PCA 2,rbf,2,10.0,0.1,2,364,91,0.9560439560439561,0.9411764705882353,0.9411764705882353,0.9411764705882353,0.9829721362229102
2026,RBF SVM — PCA 2,rbf,2,10.0,1.0,2,364,91,0.9010989010989011,0.9310344827586207,0.7941176470588235,0.8571428571428571,0.9752321981424149
2026,RBF SVM — PCA 2,rbf,2,100.0,scale,2,364,91,0.9560439560439561,0.9411764705882353,0.9411764705882353,0.9411764705882353,0.9917440660474717
2026,RBF SVM — PCA 2,rbf,2,100.0,auto,2,364,91,0.9010989010989011,0.9310344827586207,0.7941176470588235,0.8571428571428571,0.936016511867905
2026,RBF SVM — PCA 2,rbf,2,100.0,0.01,2,364,91,0.9560439560439561,0.9166666666666666,0.9705882352941176,0.9428571428571428,0.9943240454076367
2026,RBF SVM — PCA 2,rbf,2,100.0,0.1,2,364,91,0.9340659340659341,0.9375,0.8823529411764706,0.9090909090909091,0.9845201238390093
2026,RBF SVM — PCA 2,rbf,2,100.0,1.0,2,364,91,0.9010989010989011,0.9032258064516129,0.8235294117647058,0.8615384615384616,0.8849329205366355
2026,RBF SVM — PCA 2,rbf,2,0.01,scale,3,364,91,0.7472527472527473,1.0,0.3235294117647059,0.4888888888888889,0.9659442724458205
2026,RBF SVM — PCA 2,rbf,2,0.01,auto,3,364,91,0.6263736263736264,0.0,0.0,0.0,0.9525283797729618
2026,RBF SVM — PCA 2,rbf,2,0.01,0.01,3,364,91,0.6263736263736264,0.0,0.0,0.0,0.9731682146542828
2026,RBF SVM — PCA 2,rbf,2,0.01,0.1,3,364,91,0.6373626373626373,1.0,0.029411764705882353,0.05714285714285714,0.9618163054695562
2026,RBF SVM — PCA 2,rbf,2,0.01,1.0,3,364,91,0.6263736263736264,0.0,0.0,0.0,0.9545923632610939
2026,RBF SVM — PCA 2,rbf,2,0.1,scale,3,364,91,0.9120879120879121,0.9333333333333333,0.8235294117647058,0.875,0.9705882352941176
2026,RBF SVM — PCA 2,rbf,2,0.1,auto,3,364,91,0.9230769230769231,0.8857142857142857,0.9117647058823529,0.8985507246376812,0.9514963880288958
2026,RBF SVM — PCA 2,rbf,2,0.1,0.01,3,364,91,0.9120879120879121,0.9642857142857143,0.7941176470588235,0.8709677419354839,0.9767801857585139
2026,RBF SVM — PCA 2,rbf,2,0.1,0.1,3,364,91,0.9010989010989011,0.8787878787878788,0.8529411764705882,0.8656716417910447,0.9623323013415894
2026,RBF SVM — PCA 2,rbf,2,0.1,1.0,3,364,91,0.8901098901098901,0.875,0.8235294117647058,0.8484848484848485,0.956140350877193
2026,RBF SVM — PCA 2,rbf,2,1.0,scale,3,364,91,0.9560439560439561,0.96875,0.9117647058823529,0.9393939393939394,0.9721362229102167
2026,RBF SVM — PCA 2,rbf,2,1.0,auto,3,364,91,0.9120879120879121,0.8823529411764706,0.8823529411764706,0.8823529411764706,0.9509803921568627
2026,RBF SVM — PCA 2,rbf,2,1.0,0.01,3,364,91,0.9120879120879121,1.0,0.7647058823529411,0.8666666666666667,0.9793601651186792
2026,RBF SVM — PCA 2,rbf,2,1.0,0.1,3,364,91,0.9560439560439561,0.96875,0.9117647058823529,0.9393939393939394,0.9654282765737875
2026,RBF SVM — PCA 2,rbf,2,1.0,1.0,3,364,91,0.9120879120879121,0.8823529411764706,0.8823529411764706,0.8823529411764706,0.9654282765737874
2026,RBF SVM — PCA 2,rbf,2,10.0,scale,3,364,91,0.9560439560439561,1.0,0.8823529411764706,0.9375,0.9711042311661506
2026,RBF SVM — PCA 2,rbf,2,10.0,auto,3,364,91,0.9120879120879121,0.90625,0.8529411764705882,0.8787878787878788,0.9226006191950464
2026,RBF SVM — PCA 2,rbf,2,10.0,0.01,3,364,91,0.9560439560439561,1.0,0.8823529411764706,0.9375,0.9829721362229102
2026,RBF SVM — PCA 2,rbf,2,10.0,0.1,3,364,91,0.9560439560439561,1.0,0.8823529411764706,0.9375,0.9602683178534571
2026,RBF SVM — PCA 2,rbf,2,10.0,1.0,3,364,91,0.9010989010989011,0.8787878787878788,0.8529411764705882,0.8656716417910447,0.9210526315789473
2026,RBF SVM — PCA 2,rbf,2,100.0,scale,3,364,91,0.967032967032967,1.0,0.9117647058823529,0.9538461538461539,0.957688338493292
2026,RBF SVM — PCA 2,rbf,2,100.0,auto,3,364,91,0.9230769230769231,0.9090909090909091,0.8823529411764706,0.8955223880597015,0.9122807017543859
2026,RBF SVM — PCA 2,rbf,2,100.0,0.01,3,364,91,0.9560439560439561,1.0,0.8823529411764706,0.9375,0.9834881320949431
2026,RBF SVM — PCA 2,rbf,2,100.0,0.1,3,364,91,0.9560439560439561,1.0,0.8823529411764706,0.9375,0.9623323013415892
2026,RBF SVM — PCA 2,rbf,2,100.0,1.0,3,364,91,0.9120879120879121,0.8823529411764706,0.8823529411764706,0.8823529411764706,0.9050567595459236
2026,RBF SVM — PCA 2,rbf,2,0.01,scale,4,364,91,0.7582417582417582,1.0,0.35294117647058826,0.5217391304347826,0.9948400412796697
2026,RBF SVM — PCA 2,rbf,2,0.01,auto,4,364,91,0.6263736263736264,0.0,0.0,0.0,0.9963880288957688
2026,RBF SVM — PCA 2,rbf,2,0.01,0.01,4,364,91,0.6263736263736264,0.0,0.0,0.0,0.9943240454076367
2026,RBF SVM — PCA 2,rbf,2,0.01,0.1,4,364,91,0.6263736263736264,0.0,0.0,0.0,0.9948400412796697
2026,RBF SVM — PCA 2,rbf,2,0.01,1.0,4,364,91,0.6263736263736264,0.0,0.0,0.0,0.9943240454076367
2026,RBF SVM — PCA 2,rbf,2,0.1,scale,4,364,91,0.967032967032967,0.9696969696969697,0.9411764705882353,0.9552238805970149,0.9979360165118679
2026,RBF SVM — PCA 2,rbf,2,0.1,auto,4,364,91,0.978021978021978,0.9705882352941176,0.9705882352941176,0.9705882352941176,0.9963880288957688
2026,RBF SVM — PCA 2,rbf,2,0.1,0.01,4,364,91,0.945054945054945,0.967741935483871,0.8823529411764706,0.9230769230769231,0.9969040247678018
2026,RBF SVM — PCA 2,rbf,2,0.1,0.1,4,364,91,0.967032967032967,0.9696969696969697,0.9411764705882353,0.9552238805970149,0.9984520123839009
2026,RBF SVM — PCA 2,rbf,2,0.1,1.0,4,364,91,0.945054945054945,0.967741935483871,0.8823529411764706,0.9230769230769231,0.9943240454076367
2026,RBF SVM — PCA 2,rbf,2,1.0,scale,4,364,91,0.967032967032967,1.0,0.9117647058823529,0.9538461538461539,0.9989680082559339
2026,RBF SVM — PCA 2,rbf,2,1.0,auto,4,364,91,0.967032967032967,0.9428571428571428,0.9705882352941176,0.9565217391304348,0.9979360165118679
2026,RBF SVM — PCA 2,rbf,2,1.0,0.01,4,364,91,0.978021978021978,1.0,0.9411764705882353,0.9696969696969697,0.9984520123839009
2026,RBF SVM — PCA 2,rbf,2,1.0,0.1,4,364,91,0.989010989010989,1.0,0.9705882352941176,0.9850746268656716,0.9989680082559339
2026,RBF SVM — PCA 2,rbf,2,1.0,1.0,4,364,91,0.978021978021978,0.9705882352941176,0.9705882352941176,0.9705882352941176,0.9963880288957688
2026,RBF SVM — PCA 2,rbf,2,10.0,scale,4,364,91,0.978021978021978,0.9705882352941176,0.9705882352941176,0.9705882352941176,0.9994840041279669
2026,RBF SVM — PCA 2,rbf,2,10.0,auto,4,364,91,0.967032967032967,0.9696969696969697,0.9411764705882353,0.9552238805970149,0.9576883384932919
2026,RBF SVM — PCA 2,rbf,2,10.0,0.01,4,364,91,0.978021978021978,0.9444444444444444,1.0,0.9714285714285714,0.9989680082559339
2026,RBF SVM — PCA 2,rbf,2,10.0,0.1,4,364,91,0.967032967032967,0.9696969696969697,0.9411764705882353,0.9552238805970149,0.9979360165118679
2026,RBF SVM — PCA 2,rbf,2,10.0,1.0,4,364,91,0.9560439560439561,0.96875,0.9117647058823529,0.9393939393939394,0.9814241486068112
2026,RBF SVM — PCA 2,rbf,2,100.0,scale,4,364,91,0.978021978021978,0.9705882352941176,0.9705882352941176,0.9705882352941176,0.9974200206398349
2026,RBF SVM — PCA 2,rbf,2,100.0,auto,4,364,91,0.9560439560439561,0.96875,0.9117647058823529,0.9393939393939394,0.9416924664602684
2026,RBF SVM — PCA 2,rbf,2,100.0,0.01,4,364,91,0.967032967032967,0.9428571428571428,0.9705882352941176,0.9565217391304348,0.9989680082559339
2026,RBF SVM — PCA 2,rbf,2,100.0,0.1,4,364,91,0.9560439560439561,0.96875,0.9117647058823529,0.9393939393939394,0.9401444788441692
2026,RBF SVM — PCA 2,rbf,2,100.0,1.0,4,364,91,0.9560439560439561,0.96875,0.9117647058823529,0.9393939393939394,0.9705882352941175
2026,RBF SVM — PCA 2,rbf,2,0.01,scale,5,364,91,0.7802197802197802,1.0,0.4117647058823529,0.5833333333333334,0.9582043343653251
2026,RBF SVM — PCA 2,rbf,2,0.01,auto,5,364,91,0.6263736263736264,0.0,0.0,0.0,0.9442724458204335
2026,RBF SVM — PCA 2,rbf,2,0.01,0.01,5,364,91,0.6263736263736264,0.0,0.0,0.0,0.9742002063983488
2026,RBF SVM — PCA 2,rbf,2,0.01,0.1,5,364,91,0.6703296703296703,1.0,0.11764705882352941,0.21052631578947367,0.9504643962848297
2026,RBF SVM — PCA 2,rbf,2,0.01,1.0,5,364,91,0.6263736263736264,0.0,0.0,0.0,0.9416924664602683
2026,RBF SVM — PCA 2,rbf,2,0.1,scale,5,364,91,0.9120879120879121,0.9642857142857143,0.7941176470588235,0.8709677419354839,0.9685242518059856
2026,RBF SVM — PCA 2,rbf,2,0.1,auto,5,364,91,0.9010989010989011,0.8787878787878788,0.8529411764705882,0.8656716417910447,0.9432404540763674
2026,RBF SVM — PCA 2,rbf,2,0.1,0.01,5,364,91,0.9120879120879121,0.9642857142857143,0.7941176470588235,0.8709677419354839,0.9757481940144479
2026,RBF SVM — PCA 2,rbf,2,0.1,0.1,5,364,91,0.9120879120879121,0.9333333333333333,0.8235294117647058,0.875,0.9592363261093912
2026,RBF SVM — PCA 2,rbf,2,0.1,1.0,5,364,91,0.9010989010989011,0.8787878787878788,0.8529411764705882,0.8656716417910447,0.936532507739938
2026,RBF SVM — PCA 2,rbf,2,1.0,scale,5,364,91,0.9230769230769231,0.9354838709677419,0.8529411764705882,0.8923076923076924,0.9669762641898865
2026,RBF SVM — PCA 2,rbf,2,1.0,auto,5,364,91,0.9230769230769231,0.9354838709677419,0.8529411764705882,0.8923076923076924,0.9164086687306502
2026,RBF SVM — PCA 2,rbf,2,1.0,0.01,5,364,91,0.9120879120879121,0.9642857142857143,0.7941176470588235,0.8709677419354839,0.9819401444788441
2026,RBF SVM — PCA 2,rbf,2,1.0,0.1,5,364,91,0.9230769230769231,0.9354838709677419,0.8529411764705882,0.8923076923076924,0.9499484004127967
2026,RBF SVM — PCA 2,rbf,2,1.0,1.0,5,364,91,0.9010989010989011,0.8787878787878788,0.8529411764705882,0.8656716417910447,0.9071207430340558
2026,RBF SVM — PCA 2,rbf,2,10.0,scale,5,364,91,0.9230769230769231,0.9354838709677419,0.8529411764705882,0.8923076923076924,0.9628482972136223
2026,RBF SVM — PCA 2,rbf,2,10.0,auto,5,364,91,0.9230769230769231,0.9090909090909091,0.8823529411764706,0.8955223880597015,0.8993808049535604
2026,RBF SVM — PCA 2,rbf,2,10.0,0.01,5,364,91,0.945054945054945,0.967741935483871,0.8823529411764706,0.9230769230769231,0.9819401444788441
2026,RBF SVM — PCA 2,rbf,2,10.0,0.1,5,364,91,0.9120879120879121,0.90625,0.8529411764705882,0.8787878787878788,0.9484004127966976
2026,RBF SVM — PCA 2,rbf,2,10.0,1.0,5,364,91,0.9230769230769231,0.9090909090909091,0.8823529411764706,0.8955223880597015,0.8792569659442724
2026,RBF SVM — PCA 2,rbf,2,100.0,scale,5,364,91,0.9230769230769231,0.9354838709677419,0.8529411764705882,0.8923076923076924,0.9509803921568628
2026,RBF SVM — PCA 2,rbf,2,100.0,auto,5,364,91,0.9120879120879121,0.90625,0.8529411764705882,0.8787878787878788,0.8978328173374613
2026,RBF SVM — PCA 2,rbf,2,100.0,0.01,5,364,91,0.9230769230769231,0.9354838709677419,0.8529411764705882,0.8923076923076924,0.978844169246646
2026,RBF SVM — PCA 2,rbf,2,100.0,0.1,5,364,91,0.9230769230769231,0.9354838709677419,0.8529411764705882,0.8923076923076924,0.9215686274509803
2026,RBF SVM — PCA 2,rbf,2,100.0,1.0,5,364,91,0.9120879120879121,0.90625,0.8529411764705882,0.8787878787878788,0.8627450980392156
2026,Linear SVM — PCA 4,linear,4,0.01,none,1,364,91,0.945054945054945,0.9393939393939394,0.9117647058823529,0.9253731343283582,0.9912280701754386
2026,Linear SVM — PCA 4,linear,4,0.1,none,1,364,91,0.967032967032967,0.918918918918919,1.0,0.9577464788732394,0.9932920536635708
2026,Linear SVM — PCA 4,linear,4,1.0,none,1,364,91,0.967032967032967,0.918918918918919,1.0,0.9577464788732394,0.9912280701754387
2026,Linear SVM — PCA 4,linear,4,10.0,none,1,364,91,0.967032967032967,0.918918918918919,1.0,0.9577464788732394,0.9912280701754387
2026,Linear SVM — PCA 4,linear,4,100.0,none,1,364,91,0.945054945054945,0.8717948717948718,1.0,0.9315068493150684,0.9912280701754387
2026,Linear SVM — PCA 4,linear,4,0.01,none,2,364,91,0.9560439560439561,1.0,0.8823529411764706,0.9375,0.9953560371517027
2026,Linear SVM — PCA 4,linear,4,0.1,none,2,364,91,0.989010989010989,1.0,0.9705882352941176,0.9850746268656716,1.0
2026,Linear SVM — PCA 4,linear,4,1.0,none,2,364,91,0.967032967032967,1.0,0.9117647058823529,0.9538461538461539,1.0
2026,Linear SVM — PCA 4,linear,4,10.0,none,2,364,91,0.967032967032967,1.0,0.9117647058823529,0.9538461538461539,1.0
2026,Linear SVM — PCA 4,linear,4,100.0,none,2,364,91,0.967032967032967,1.0,0.9117647058823529,0.9538461538461539,1.0
2026,Linear SVM — PCA 4,linear,4,0.01,none,3,364,91,0.9560439560439561,1.0,0.8823529411764706,0.9375,0.9860681114551084
2026,Linear SVM — PCA 4,linear,4,0.1,none,3,364,91,0.9560439560439561,1.0,0.8823529411764706,0.9375,0.9834881320949433
2026,Linear SVM — PCA 4,linear,4,1.0,none,3,364,91,0.967032967032967,1.0,0.9117647058823529,0.9538461538461539,0.9814241486068112
2026,Linear SVM — PCA 4,linear,4,10.0,none,3,364,91,0.967032967032967,1.0,0.9117647058823529,0.9538461538461539,0.9809081527347782
2026,Linear SVM — PCA 4,linear,4,100.0,none,3,364,91,0.967032967032967,1.0,0.9117647058823529,0.9538461538461539,0.9809081527347782
2026,Linear SVM — PCA 4,linear,4,0.01,none,4,364,91,1.0,1.0,1.0,1.0,1.0
2026,Linear SVM — PCA 4,linear,4,0.1,none,4,364,91,1.0,1.0,1.0,1.0,1.0
2026,Linear SVM — PCA 4,linear,4,1.0,none,4,364,91,1.0,1.0,1.0,1.0,1.0
2026,Linear SVM — PCA 4,linear,4,10.0,none,4,364,91,0.989010989010989,0.9714285714285714,1.0,0.9855072463768116,1.0
2026,Linear SVM — PCA 4,linear,4,100.0,none,4,364,91,0.989010989010989,0.9714285714285714,1.0,0.9855072463768116,1.0
2026,Linear SVM — PCA 4,linear,4,0.01,none,5,364,91,0.945054945054945,1.0,0.8529411764705882,0.9206349206349206,0.9896800825593395
2026,Linear SVM — PCA 4,linear,4,0.1,none,5,364,91,0.945054945054945,0.967741935483871,0.8823529411764706,0.9230769230769231,0.9907120743034056
2026,Linear SVM — PCA 4,linear,4,1.0,none,5,364,91,0.945054945054945,0.967741935483871,0.8823529411764706,0.9230769230769231,0.9901960784313725
2026,Linear SVM — PCA 4,linear,4,10.0,none,5,364,91,0.945054945054945,0.967741935483871,0.8823529411764706,0.9230769230769231,0.9901960784313725
2026,Linear SVM — PCA 4,linear,4,100.0,none,5,364,91,0.945054945054945,0.967741935483871,0.8823529411764706,0.9230769230769231,0.9901960784313725
2026,RBF SVM — PCA 4,rbf,4,0.01,scale,1,364,91,0.6263736263736264,0.0,0.0,0.0,0.9855521155830753
2026,RBF SVM — PCA 4,rbf,4,0.01,auto,1,364,91,0.6263736263736264,0.0,0.0,0.0,0.9876160990712074
2026,RBF SVM — PCA 4,rbf,4,0.01,0.01,1,364,91,0.6263736263736264,0.0,0.0,0.0,0.9829721362229102
2026,RBF SVM — PCA 4,rbf,4,0.01,0.1,1,364,91,0.6263736263736264,0.0,0.0,0.0,0.9871001031991744
2026,RBF SVM — PCA 4,rbf,4,0.01,1.0,1,364,91,0.6263736263736264,0.0,0.0,0.0,0.9685242518059856
2026,RBF SVM — PCA 4,rbf,4,0.1,scale,1,364,91,0.9120879120879121,0.8823529411764706,0.8823529411764706,0.8823529411764706,0.9865841073271414
2026,RBF SVM — PCA 4,rbf,4,0.1,auto,1,364,91,0.9230769230769231,0.8857142857142857,0.9117647058823529,0.8985507246376812,0.9865841073271414
2026,RBF SVM — PCA 4,rbf,4,0.1,0.01,1,364,91,0.9010989010989011,0.9032258064516129,0.8235294117647058,0.8615384615384616,0.9834881320949433
2026,RBF SVM — PCA 4,rbf,4,0.1,0.1,1,364,91,0.9230769230769231,0.8648648648648649,0.9411764705882353,0.9014084507042254,0.9876160990712074
2026,RBF SVM — PCA 4,rbf,4,0.1,1.0,1,364,91,0.6263736263736264,0.0,0.0,0.0,0.9690402476780187
2026,RBF SVM — PCA 4,rbf,4,1.0,scale,1,364,91,0.945054945054945,0.8717948717948718,1.0,0.9315068493150684,0.9948400412796699
2026,RBF SVM — PCA 4,rbf,4,1.0,auto,1,364,91,0.9560439560439561,0.8947368421052632,1.0,0.9444444444444444,0.9896800825593395
2026,RBF SVM — PCA 4,rbf,4,1.0,0.01,1,364,91,0.9560439560439561,0.9166666666666666,0.9705882352941176,0.9428571428571428,0.9932920536635708
2026,RBF SVM — PCA 4,rbf,4,1.0,0.1,1,364,91,0.945054945054945,0.8717948717948718,1.0,0.9315068493150684,0.9912280701754387
2026,RBF SVM — PCA 4,rbf,4,1.0,1.0,1,364,91,0.8791208791208791,0.7555555555555555,1.0,0.8607594936708861,0.958720330237358
2026,RBF SVM — PCA 4,rbf,4,10.0,scale,1,364,91,0.9340659340659341,0.85,1.0,0.918918918918919,0.9927760577915377
2026,RBF SVM — PCA 4,rbf,4,10.0,auto,1,364,91,0.9340659340659341,0.85,1.0,0.918918918918919,0.9592363261093911
2026,RBF SVM — PCA 4,rbf,4,10.0,0.01,1,364,91,0.9560439560439561,0.8947368421052632,1.0,0.9444444444444444,0.9922600619195047
2026,RBF SVM — PCA 4,rbf,4,10.0,0.1,1,364,91,0.9230769230769231,0.8292682926829268,1.0,0.9066666666666666,0.978328173374613
2026,RBF SVM — PCA 4,rbf,4,10.0,1.0,1,364,91,0.8681318681318682,0.75,0.9705882352941176,0.8461538461538461,0.9494324045407637
2026,RBF SVM — PCA 4,rbf,4,100.0,scale,1,364,91,0.9230769230769231,0.8292682926829268,1.0,0.9066666666666666,0.9881320949432404
2026,RBF SVM — PCA 4,rbf,4,100.0,auto,1,364,91,0.9230769230769231,0.8292682926829268,1.0,0.9066666666666666,0.956656346749226
2026,RBF SVM — PCA 4,rbf,4,100.0,0.01,1,364,91,0.9340659340659341,0.85,1.0,0.918918918918919,0.9922600619195047
2026,RBF SVM — PCA 4,rbf,4,100.0,0.1,1,364,91,0.9230769230769231,0.8292682926829268,1.0,0.9066666666666666,0.9767801857585139
2026,RBF SVM — PCA 4,rbf,4,100.0,1.0,1,364,91,0.8681318681318682,0.75,0.9705882352941176,0.8461538461538461,0.9494324045407637
2026,RBF SVM — PCA 4,rbf,4,0.01,scale,2,364,91,0.6263736263736264,0.0,0.0,0.0,0.9932920536635707
2026,RBF SVM — PCA 4,rbf,4,0.01,auto,2,364,91,0.6263736263736264,0.0,0.0,0.0,0.9943240454076367
2026,RBF SVM — PCA 4,rbf,4,0.01,0.01,2,364,91,0.6263736263736264,0.0,0.0,0.0,0.9927760577915377
2026,RBF SVM — PCA 4,rbf,4,0.01,0.1,2,364,91,0.6263736263736264,0.0,0.0,0.0,0.9927760577915377
2026,RBF SVM — PCA 4,rbf,4,0.01,1.0,2,364,91,0.6263736263736264,0.0,0.0,0.0,0.9912280701754386
2026,RBF SVM — PCA 4,rbf,4,0.1,scale,2,364,91,0.9560439560439561,1.0,0.8823529411764706,0.9375,0.9953560371517027
2026,RBF SVM — PCA 4,rbf,4,0.1,auto,2,364,91,0.9230769230769231,1.0,0.7941176470588235,0.8852459016393442,0.9943240454076367
2026,RBF SVM — PCA 4,rbf,4,0.1,0.01,2,364,91,0.9560439560439561,1.0,0.8823529411764706,0.9375,0.9943240454076367
2026,RBF SVM — PCA 4,rbf,4,0.1,0.1,2,364,91,0.9560439560439561,0.9411764705882353,0.9411764705882353,0.9411764705882353,0.9948400412796697
2026,RBF SVM — PCA 4,rbf,4,0.1,1.0,2,364,91,0.6263736263736264,0.0,0.0,0.0,0.9912280701754386
2026,RBF SVM — PCA 4,rbf,4,1.0,scale,2,364,91,0.978021978021978,1.0,0.9411764705882353,0.9696969696969697,1.0
2026,RBF SVM — PCA 4,rbf,4,1.0,auto,2,364,91,0.967032967032967,0.9696969696969697,0.9411764705882353,0.9552238805970149,0.9943240454076367
2026,RBF SVM — PCA 4,rbf,4,1.0,0.01,2,364,91,0.9560439560439561,1.0,0.8823529411764706,0.9375,0.9994840041279669
2026,RBF SVM — PCA 4,rbf,4,1.0,0.1,2,364,91,0.978021978021978,1.0,0.9411764705882353,0.9696969696969697,0.9963880288957688
2026,RBF SVM — PCA 4,rbf,4,1.0,1.0,2,364,91,0.945054945054945,0.8918918918918919,0.9705882352941176,0.9295774647887324,0.9922600619195047
2026,RBF SVM — PCA 4,rbf,4,10.0,scale,2,364,91,0.9560439560439561,0.96875,0.9117647058823529,0.9393939393939394,0.9984520123839009
2026,RBF SVM — PCA 4,rbf,4,10.0,auto,2,364,91,0.967032967032967,0.9428571428571428,0.9705882352941176,0.9565217391304348,0.9917440660474717
2026,RBF SVM — PCA 4,rbf,4,10.0,0.01,2,364,91,0.989010989010989,1.0,0.9705882352941176,0.9850746268656716,1.0
2026,RBF SVM — PCA 4,rbf,4,10.0,0.1,2,364,91,0.967032967032967,1.0,0.9117647058823529,0.9538461538461539,0.9927760577915377
2026,RBF SVM — PCA 4,rbf,4,10.0,1.0,2,364,91,0.945054945054945,0.8717948717948718,1.0,0.9315068493150684,0.9793601651186791
2026,RBF SVM — PCA 4,rbf,4,100.0,scale,2,364,91,0.967032967032967,1.0,0.9117647058823529,0.9538461538461539,0.9711042311661506
2026,RBF SVM — PCA 4,rbf,4,100.0,auto,2,364,91,0.9340659340659341,0.8888888888888888,0.9411764705882353,0.9142857142857143,0.9742002063983488
2026,RBF SVM — PCA 4,rbf,4,100.0,0.01,2,364,91,0.967032967032967,1.0,0.9117647058823529,0.9538461538461539,1.0
2026,RBF SVM — PCA 4,rbf,4,100.0,0.1,2,364,91,0.945054945054945,0.967741935483871,0.8823529411764706,0.9230769230769231,0.9896800825593395
2026,RBF SVM — PCA 4,rbf,4,100.0,1.0,2,364,91,0.945054945054945,0.8717948717948718,1.0,0.9315068493150684,0.9793601651186791
2026,RBF SVM — PCA 4,rbf,4,0.01,scale,3,364,91,0.6263736263736264,0.0,0.0,0.0,0.9757481940144478
2026,RBF SVM — PCA 4,rbf,4,0.01,auto,3,364,91,0.6263736263736264,0.0,0.0,0.0,0.9829721362229102
2026,RBF SVM — PCA 4,rbf,4,0.01,0.01,3,364,91,0.6263736263736264,0.0,0.0,0.0,0.9752321981424148
2026,RBF SVM — PCA 4,rbf,4,0.01,0.1,3,364,91,0.6263736263736264,0.0,0.0,0.0,0.9762641898864809
2026,RBF SVM — PCA 4,rbf,4,0.01,1.0,3,364,91,0.6263736263736264,0.0,0.0,0.0,0.9705882352941178
2026,RBF SVM — PCA 4,rbf,4,0.1,scale,3,364,91,0.9560439560439561,1.0,0.8823529411764706,0.9375,0.97781217750258
2026,RBF SVM — PCA 4,rbf,4,0.1,auto,3,364,91,0.9340659340659341,1.0,0.8235294117647058,0.9032258064516129,0.9829721362229102
2026,RBF SVM — PCA 4,rbf,4,0.1,0.01,3,364,91,0.9560439560439561,1.0,0.8823529411764706,0.9375,0.9793601651186791
2026,RBF SVM — PCA 4,rbf,4,0.1,0.1,3,364,91,0.9230769230769231,0.8857142857142857,0.9117647058823529,0.8985507246376812,0.979360165118679
2026,RBF SVM — PCA 4,rbf,4,0.1,1.0,3,364,91,0.6263736263736264,0.0,0.0,0.0,0.9705882352941176
2026,RBF SVM — PCA 4,rbf,4,1.0,scale,3,364,91,0.9560439560439561,1.0,0.8823529411764706,0.9375,0.9896800825593395
2026,RBF SVM — PCA 4,rbf,4,1.0,auto,3,364,91,0.945054945054945,0.9393939393939394,0.9117647058823529,0.9253731343283582,0.978328173374613
2026,RBF SVM — PCA 4,rbf,4,1.0,0.01,3,364,91,0.9560439560439561,1.0,0.8823529411764706,0.9375,0.9855521155830753
2026,RBF SVM — PCA 4,rbf,4,1.0,0.1,3,364,91,0.967032967032967,1.0,0.9117647058823529,0.9538461538461539,0.9824561403508771
2026,RBF SVM — PCA 4,rbf,4,1.0,1.0,3,364,91,0.8901098901098901,0.8,0.9411764705882353,0.8648648648648649,0.9685242518059856
2026,RBF SVM — PCA 4,rbf,4,10.0,scale,3,364,91,0.9340659340659341,1.0,0.8235294117647058,0.9032258064516129,0.9809081527347782
2026,RBF SVM — PCA 4,rbf,4,10.0,auto,3,364,91,0.9120879120879121,0.8823529411764706,0.8823529411764706,0.8823529411764706,0.9287925696594427
2026,RBF SVM — PCA 4,rbf,4,10.0,0.01,3,364,91,0.9560439560439561,1.0,0.8823529411764706,0.9375,0.9865841073271414
2026,RBF SVM — PCA 4,rbf,4,10.0,0.1,3,364,91,0.945054945054945,1.0,0.8529411764705882,0.9206349206349206,0.9752321981424149
2026,RBF SVM — PCA 4,rbf,4,10.0,1.0,3,364,91,0.9010989010989011,0.8205128205128205,0.9411764705882353,0.8767123287671232,0.9566563467492261
2026,RBF SVM — PCA 4,rbf,4,100.0,scale,3,364,91,0.945054945054945,1.0,0.8529411764705882,0.9206349206349206,0.9695562435500515
2026,RBF SVM — PCA 4,rbf,4,100.0,auto,3,364,91,0.8901098901098901,0.8529411764705882,0.8529411764705882,0.8529411764705882,0.9174406604747162
2026,RBF SVM — PCA 4,rbf,4,100.0,0.01,3,364,91,0.9560439560439561,1.0,0.8823529411764706,0.9375,0.9834881320949431
2026,RBF SVM — PCA 4,rbf,4,100.0,0.1,3,364,91,0.9120879120879121,0.90625,0.8529411764705882,0.8787878787878788,0.9303405572755418
2026,RBF SVM — PCA 4,rbf,4,100.0,1.0,3,364,91,0.9010989010989011,0.8205128205128205,0.9411764705882353,0.8767123287671232,0.9566563467492261
2026,RBF SVM — PCA 4,rbf,4,0.01,scale,4,364,91,0.6263736263736264,0.0,0.0,0.0,0.9974200206398349
2026,RBF SVM — PCA 4,rbf,4,0.01,auto,4,364,91,0.6263736263736264,0.0,0.0,0.0,0.9963880288957688
2026,RBF SVM — PCA 4,rbf,4,0.01,0.01,4,364,91,0.6263736263736264,0.0,0.0,0.0,0.9953560371517027
2026,RBF SVM — PCA 4,rbf,4,0.01,0.1,4,364,91,0.6263736263736264,0.0,0.0,0.0,0.9979360165118679
2026,RBF SVM — PCA 4,rbf,4,0.01,1.0,4,364,91,0.6263736263736264,0.0,0.0,0.0,0.978328173374613
2026,RBF SVM — PCA 4,rbf,4,0.1,scale,4,364,91,0.967032967032967,0.9696969696969697,0.9411764705882353,0.9552238805970149,0.9979360165118679
2026,RBF SVM — PCA 4,rbf,4,0.1,auto,4,364,91,0.978021978021978,0.9705882352941176,0.9705882352941176,0.9705882352941176,0.9958720330237357
2026,RBF SVM — PCA 4,rbf,4,0.1,0.01,4,364,91,0.9560439560439561,1.0,0.8823529411764706,0.9375,0.9979360165118679
2026,RBF SVM — PCA 4,rbf,4,0.1,0.1,4,364,91,0.967032967032967,0.9696969696969697,0.9411764705882353,0.9552238805970149,0.9984520123839009
2026,RBF SVM — PCA 4,rbf,4,0.1,1.0,4,364,91,0.6263736263736264,0.0,0.0,0.0,0.978328173374613
2026,RBF SVM — PCA 4,rbf,4,1.0,scale,4,364,91,0.989010989010989,0.9714285714285714,1.0,0.9855072463768116,0.9994840041279669
2026,RBF SVM — PCA 4,rbf,4,1.0,auto,4,364,91,0.967032967032967,0.918918918918919,1.0,0.9577464788732394,0.9938080495356036
2026,RBF SVM — PCA 4,rbf,4,1.0,0.01,4,364,91,1.0,1.0,1.0,1.0,1.0
2026,RBF SVM — PCA 4,rbf,4,1.0,0.1,4,364,91,0.978021978021978,0.9444444444444444,1.0,0.9714285714285714,0.9994840041279669
2026,RBF SVM — PCA 4,rbf,4,1.0,1.0,4,364,91,0.945054945054945,0.8717948717948718,1.0,0.9315068493150684,0.9705882352941178
2026,RBF SVM — PCA 4,rbf,4,10.0,scale,4,364,91,0.978021978021978,0.9444444444444444,1.0,0.9714285714285714,1.0
2026,RBF SVM — PCA 4,rbf,4,10.0,auto,4,364,91,0.9560439560439561,0.8947368421052632,1.0,0.9444444444444444,0.9876160990712074
2026,RBF SVM — PCA 4,rbf,4,10.0,0.01,4,364,91,0.989010989010989,0.9714285714285714,1.0,0.9855072463768116,1.0
2026,RBF SVM — PCA 4,rbf,4,10.0,0.1,4,364,91,0.967032967032967,0.918918918918919,1.0,0.9577464788732394,0.9932920536635707
2026,RBF SVM — PCA 4,rbf,4,10.0,1.0,4,364,91,0.945054945054945,0.8717948717948718,1.0,0.9315068493150684,0.9643962848297214
2026,RBF SVM — PCA 4,rbf,4,100.0,scale,4,364,91,0.945054945054945,0.8918918918918919,0.9705882352941176,0.9295774647887324,0.9963880288957688
2026,RBF SVM — PCA 4,rbf,4,100.0,auto,4,364,91,0.945054945054945,0.8717948717948718,1.0,0.9315068493150684,0.958204334365325
2026,RBF SVM — PCA 4,rbf,4,100.0,0.01,4,364,91,0.967032967032967,0.918918918918919,1.0,0.9577464788732394,1.0
2026,RBF SVM — PCA 4,rbf,4,100.0,0.1,4,364,91,0.9340659340659341,0.85,1.0,0.918918918918919,0.9855521155830753
2026,RBF SVM — PCA 4,rbf,4,100.0,1.0,4,364,91,0.945054945054945,0.8717948717948718,1.0,0.9315068493150684,0.9618163054695563
2026,RBF SVM — PCA 4,rbf,4,0.01,scale,5,364,91,0.6263736263736264,0.0,0.0,0.0,0.9721362229102166
2026,RBF SVM — PCA 4,rbf,4,0.01,auto,5,364,91,0.6263736263736264,0.0,0.0,0.0,0.9618163054695563
2026,RBF SVM — PCA 4,rbf,4,0.01,0.01,5,364,91,0.6263736263736264,0.0,0.0,0.0,0.97781217750258
2026,RBF SVM — PCA 4,rbf,4,0.01,0.1,5,364,91,0.6263736263736264,0.0,0.0,0.0,0.9638802889576883
2026,RBF SVM — PCA 4,rbf,4,0.01,1.0,5,364,91,0.6263736263736264,0.0,0.0,0.0,0.9298245614035087
2026,RBF SVM — PCA 4,rbf,4,0.1,scale,5,364,91,0.9010989010989011,0.9310344827586207,0.7941176470588235,0.8571428571428571,0.978328173374613
2026,RBF SVM — PCA 4,rbf,4,0.1,auto,5,364,91,0.9340659340659341,0.9666666666666667,0.8529411764705882,0.90625,0.9607843137254902
2026,RBF SVM — PCA 4,rbf,4,0.1,0.01,5,364,91,0.9230769230769231,1.0,0.7941176470588235,0.8852459016393442,0.9829721362229102
2026,RBF SVM — PCA 4,rbf,4,0.1,0.1,5,364,91,0.9230769230769231,0.9354838709677419,0.8529411764705882,0.8923076923076924,0.9705882352941176
2026,RBF SVM — PCA 4,rbf,4,0.1,1.0,5,364,91,0.6263736263736264,0.0,0.0,0.0,0.9318885448916409
2026,RBF SVM — PCA 4,rbf,4,1.0,scale,5,364,91,0.945054945054945,0.967741935483871,0.8823529411764706,0.9230769230769231,0.9845201238390093
2026,RBF SVM — PCA 4,rbf,4,1.0,auto,5,364,91,0.945054945054945,0.967741935483871,0.8823529411764706,0.9230769230769231,0.936532507739938
2026,RBF SVM — PCA 4,rbf,4,1.0,0.01,5,364,91,0.9340659340659341,0.9666666666666667,0.8529411764705882,0.90625,0.9886480908152735
2026,RBF SVM — PCA 4,rbf,4,1.0,0.1,5,364,91,0.945054945054945,0.967741935483871,0.8823529411764706,0.9230769230769231,0.9705882352941176
2026,RBF SVM — PCA 4,rbf,4,1.0,1.0,5,364,91,0.9010989010989011,0.8378378378378378,0.9117647058823529,0.8732394366197183,0.9246646026831786
2026,RBF SVM — PCA 4,rbf,4,10.0,scale,5,364,91,0.9230769230769231,0.9354838709677419,0.8529411764705882,0.8923076923076924,0.9726522187822497
2026,RBF SVM — PCA 4,rbf,4,10.0,auto,5,364,91,0.9230769230769231,0.9354838709677419,0.8529411764705882,0.8923076923076924,0.936532507739938
2026,RBF SVM — PCA 4,rbf,4,10.0,0.01,5,364,91,0.945054945054945,0.967741935483871,0.8823529411764706,0.9230769230769231,0.9886480908152735
2026,RBF SVM — PCA 4,rbf,4,10.0,0.1,5,364,91,0.9340659340659341,0.9375,0.8823529411764706,0.9090909090909091,0.9607843137254901
2026,RBF SVM — PCA 4,rbf,4,10.0,1.0,5,364,91,0.9010989010989011,0.8378378378378378,0.9117647058823529,0.8732394366197183,0.9282765737874097
2026,RBF SVM — PCA 4,rbf,4,100.0,scale,5,364,91,0.9230769230769231,0.9354838709677419,0.8529411764705882,0.8923076923076924,0.9819401444788441
2026,RBF SVM — PCA 4,rbf,4,100.0,auto,5,364,91,0.9340659340659341,0.9375,0.8823529411764706,0.9090909090909091,0.9339525283797729
2026,RBF SVM — PCA 4,rbf,4,100.0,0.01,5,364,91,0.9230769230769231,0.9354838709677419,0.8529411764705882,0.8923076923076924,0.9840041279669762
2026,RBF SVM — PCA 4,rbf,4,100.0,0.1,5,364,91,0.9230769230769231,0.9090909090909091,0.8823529411764706,0.8955223880597015,0.9602683178534571
2026,RBF SVM — PCA 4,rbf,4,100.0,1.0,5,364,91,0.9010989010989011,0.8378378378378378,0.9117647058823529,0.8732394366197183,0.9282765737874097
