seed,pca_components,n_qubits,inner_fold,reps,entanglement,C,n_inner_train,n_inner_validation,kernel_cache_id,kernel_runtime_shared_across_C,inner_accuracy,inner_precision,inner_recall,inner_f1,inner_roc_auc
42,2,2,1,1,linear,0.01,364,91,seed=42|dim=2|fold=1|reps=1|ent=linear,0.15372439999919152,0.6263736263736264,0.0,0.0,0.0,0.957688338493292
42,2,2,1,1,linear,0.1,364,91,seed=42|dim=2|fold=1|reps=1|ent=linear,0.15372439999919152,0.8901098901098901,0.9,0.7941176470588235,0.84375,0.9659442724458205
42,2,2,1,1,linear,1.0,364,91,seed=42|dim=2|fold=1|reps=1|ent=linear,0.15372439999919152,0.9120879120879121,0.9333333333333333,0.8235294117647058,0.875,0.9742002063983488
42,2,2,1,1,linear,10.0,364,91,seed=42|dim=2|fold=1|reps=1|ent=linear,0.15372439999919152,0.9120879120879121,0.9333333333333333,0.8235294117647058,0.875,0.9721362229102167
42,2,2,1,1,linear,100.0,364,91,seed=42|dim=2|fold=1|reps=1|ent=linear,0.15372439999919152,0.9340659340659341,0.9375,0.8823529411764706,0.9090909090909091,0.9721362229102166
42,2,2,1,2,linear,0.01,364,91,seed=42|dim=2|fold=1|reps=2|ent=linear,0.24572110000008252,0.6263736263736264,0.0,0.0,0.0,0.9251805985552115
42,2,2,1,2,linear,0.1,364,91,seed=42|dim=2|fold=1|reps=2|ent=linear,0.24572110000008252,0.8021978021978022,0.8076923076923077,0.6176470588235294,0.7,0.9375644994840041
42,2,2,1,2,linear,1.0,364,91,seed=42|dim=2|fold=1|reps=2|ent=linear,0.24572110000008252,0.8681318681318682,0.8928571428571429,0.7352941176470589,0.8064516129032258,0.9551083591331269
42,2,2,1,2,linear,10.0,364,91,seed=42|dim=2|fold=1|reps=2|ent=linear,0.24572110000008252,0.9010989010989011,0.9032258064516129,0.8235294117647058,0.8615384615384616,0.9643962848297214
42,2,2,1,2,linear,100.0,364,91,seed=42|dim=2|fold=1|reps=2|ent=linear,0.24572110000008252,0.8901098901098901,0.9,0.7941176470588235,0.84375,0.9654282765737875
42,2,2,1,3,linear,0.01,364,91,seed=42|dim=2|fold=1|reps=3|ent=linear,0.3419228999991901,0.6263736263736264,0.0,0.0,0.0,0.9158926728586171
42,2,2,1,3,linear,0.1,364,91,seed=42|dim=2|fold=1|reps=3|ent=linear,0.3419228999991901,0.7252747252747253,0.9090909090909091,0.29411764705882354,0.4444444444444444,0.9179566563467492
42,2,2,1,3,linear,1.0,364,91,seed=42|dim=2|fold=1|reps=3|ent=linear,0.3419228999991901,0.8241758241758241,0.8,0.7058823529411765,0.75,0.913828689370485
42,2,2,1,3,linear,10.0,364,91,seed=42|dim=2|fold=1|reps=3|ent=linear,0.3419228999991901,0.8681318681318682,0.84375,0.7941176470588235,0.8181818181818182,0.9220846233230134
42,2,2,1,3,linear,100.0,364,91,seed=42|dim=2|fold=1|reps=3|ent=linear,0.3419228999991901,0.8791208791208791,0.8484848484848485,0.8235294117647058,0.835820895522388,0.9262125902992776
42,2,2,2,1,linear,0.01,364,91,seed=42|dim=2|fold=2|reps=1|ent=linear,0.15015739999944344,0.6263736263736264,0.0,0.0,0.0,0.9700722394220846
42,2,2,2,1,linear,0.1,364,91,seed=42|dim=2|fold=2|reps=1|ent=linear,0.15015739999944344,0.8681318681318682,0.8928571428571429,0.7352941176470589,0.8064516129032258,0.9757481940144479
42,2,2,2,1,linear,1.0,364,91,seed=42|dim=2|fold=2|reps=1|ent=linear,0.15015739999944344,0.945054945054945,0.9142857142857143,0.9411764705882353,0.927536231884058,0.9716202270381837
42,2,2,2,1,linear,10.0,364,91,seed=42|dim=2|fold=2|reps=1|ent=linear,0.15015739999944344,0.9230769230769231,0.8648648648648649,0.9411764705882353,0.9014084507042254,0.9613003095975232
42,2,2,2,1,linear,100.0,364,91,seed=42|dim=2|fold=2|reps=1|ent=linear,0.15015739999944344,0.9120879120879121,0.8611111111111112,0.9117647058823529,0.8857142857142857,0.9613003095975232
42,2,2,2,2,linear,0.01,364,91,seed=42|dim=2|fold=2|reps=2|ent=linear,0.24717269999382552,0.6263736263736264,0.0,0.0,0.0,0.9458204334365325
42,2,2,2,2,linear,0.1,364,91,seed=42|dim=2|fold=2|reps=2|ent=linear,0.24717269999382552,0.8461538461538461,0.8333333333333334,0.7352941176470589,0.78125,0.9453044375644994
42,2,2,2,2,linear,1.0,364,91,seed=42|dim=2|fold=2|reps=2|ent=linear,0.24717269999382552,0.9120879120879121,0.90625,0.8529411764705882,0.8787878787878788,0.9453044375644994
42,2,2,2,2,linear,10.0,364,91,seed=42|dim=2|fold=2|reps=2|ent=linear,0.24717269999382552,0.8791208791208791,0.8709677419354839,0.7941176470588235,0.8307692307692308,0.9447884416924665
42,2,2,2,2,linear,100.0,364,91,seed=42|dim=2|fold=2|reps=2|ent=linear,0.24717269999382552,0.9120879120879121,0.8823529411764706,0.8823529411764706,0.8823529411764706,0.9416924664602683
42,2,2,2,3,linear,0.01,364,91,seed=42|dim=2|fold=2|reps=3|ent=linear,0.35011479999957373,0.6263736263736264,0.0,0.0,0.0,0.9122807017543859
42,2,2,2,3,linear,0.1,364,91,seed=42|dim=2|fold=2|reps=3|ent=linear,0.35011479999957373,0.7362637362637363,0.8571428571428571,0.35294117647058826,0.5,0.9091847265221878
42,2,2,2,3,linear,1.0,364,91,seed=42|dim=2|fold=2|reps=3|ent=linear,0.35011479999957373,0.8131868131868132,0.84,0.6176470588235294,0.711864406779661,0.9071207430340558
42,2,2,2,3,linear,10.0,364,91,seed=42|dim=2|fold=2|reps=3|ent=linear,0.35011479999957373,0.8571428571428571,0.8620689655172413,0.7352941176470589,0.7936507936507936,0.913828689370485
42,2,2,2,3,linear,100.0,364,91,seed=42|dim=2|fold=2|reps=3|ent=linear,0.35011479999957373,0.8571428571428571,0.8387096774193549,0.7647058823529411,0.8,0.9153766769865841
42,2,2,3,1,linear,0.01,364,91,seed=42|dim=2|fold=3|reps=1|ent=linear,0.152848300000187,0.6263736263736264,0.0,0.0,0.0,0.9385964912280702
42,2,2,3,1,linear,0.1,364,91,seed=42|dim=2|fold=3|reps=1|ent=linear,0.152848300000187,0.8461538461538461,0.8846153846153846,0.6764705882352942,0.7666666666666667,0.9468524251805985
42,2,2,3,1,linear,1.0,364,91,seed=42|dim=2|fold=3|reps=1|ent=linear,0.152848300000187,0.8681318681318682,0.8666666666666667,0.7647058823529411,0.8125,0.9638802889576883
42,2,2,3,1,linear,10.0,364,91,seed=42|dim=2|fold=3|reps=1|ent=linear,0.152848300000187,0.9010989010989011,0.8787878787878788,0.8529411764705882,0.8656716417910447,0.9643962848297213
42,2,2,3,1,linear,100.0,364,91,seed=42|dim=2|fold=3|reps=1|ent=linear,0.152848300000187,0.9010989010989011,0.8787878787878788,0.8529411764705882,0.8656716417910447,0.9618163054695563
42,2,2,3,2,linear,0.01,364,91,seed=42|dim=2|fold=3|reps=2|ent=linear,0.25340240000514314,0.6263736263736264,0.0,0.0,0.0,0.9122807017543859
42,2,2,3,2,linear,0.1,364,91,seed=42|dim=2|fold=3|reps=2|ent=linear,0.25340240000514314,0.8131868131868132,0.9047619047619048,0.5588235294117647,0.6909090909090909,0.9256965944272445
42,2,2,3,2,linear,1.0,364,91,seed=42|dim=2|fold=3|reps=2|ent=linear,0.25340240000514314,0.8351648351648352,0.8275862068965517,0.7058823529411765,0.7619047619047619,0.9432404540763674
42,2,2,3,2,linear,10.0,364,91,seed=42|dim=2|fold=3|reps=2|ent=linear,0.25340240000514314,0.8351648351648352,0.8275862068965517,0.7058823529411765,0.7619047619047619,0.9422084623323013
42,2,2,3,2,linear,100.0,364,91,seed=42|dim=2|fold=3|reps=2|ent=linear,0.25340240000514314,0.8351648351648352,0.8275862068965517,0.7058823529411765,0.7619047619047619,0.9453044375644996
42,2,2,3,3,linear,0.01,364,91,seed=42|dim=2|fold=3|reps=3|ent=linear,0.3374524999962887,0.6263736263736264,0.0,0.0,0.0,0.8895768833849329
42,2,2,3,3,linear,0.1,364,91,seed=42|dim=2|fold=3|reps=3|ent=linear,0.3374524999962887,0.7142857142857143,0.9,0.2647058823529412,0.4090909090909091,0.8988648090815273
42,2,2,3,3,linear,1.0,364,91,seed=42|dim=2|fold=3|reps=3|ent=linear,0.3374524999962887,0.7912087912087912,0.7777777777777778,0.6176470588235294,0.6885245901639344,0.8890608875128999
42,2,2,3,3,linear,10.0,364,91,seed=42|dim=2|fold=3|reps=3|ent=linear,0.3374524999962887,0.8241758241758241,0.78125,0.7352941176470589,0.7575757575757576,0.8962848297213621
42,2,2,3,3,linear,100.0,364,91,seed=42|dim=2|fold=3|reps=3|ent=linear,0.3374524999962887,0.8131868131868132,0.7575757575757576,0.7352941176470589,0.746268656716418,0.9040247678018576
42,2,2,4,1,linear,0.01,364,91,seed=42|dim=2|fold=4|reps=1|ent=linear,0.15646060000290163,0.6263736263736264,0.0,0.0,0.0,0.9716202270381837
42,2,2,4,1,linear,0.1,364,91,seed=42|dim=2|fold=4|reps=1|ent=linear,0.15646060000290163,0.9120879120879121,1.0,0.7647058823529411,0.8666666666666667,0.9809081527347782
42,2,2,4,1,linear,1.0,364,91,seed=42|dim=2|fold=4|reps=1|ent=linear,0.15646060000290163,0.9120879120879121,0.9642857142857143,0.7941176470588235,0.8709677419354839,0.9649122807017543
42,2,2,4,1,linear,10.0,364,91,seed=42|dim=2|fold=4|reps=1|ent=linear,0.15646060000290163,0.945054945054945,0.967741935483871,0.8823529411764706,0.9230769230769231,0.9437564499484005
42,2,2,4,1,linear,100.0,364,91,seed=42|dim=2|fold=4|reps=1|ent=linear,0.15646060000290163,0.945054945054945,0.967741935483871,0.8823529411764706,0.9230769230769231,0.9293085655314758
42,2,2,4,2,linear,0.01,364,91,seed=42|dim=2|fold=4|reps=2|ent=linear,0.24415659999795025,0.6263736263736264,0.0,0.0,0.0,0.9587203302373581
42,2,2,4,2,linear,0.1,364,91,seed=42|dim=2|fold=4|reps=2|ent=linear,0.24415659999795025,0.8571428571428571,1.0,0.6176470588235294,0.7636363636363637,0.9705882352941175
42,2,2,4,2,linear,1.0,364,91,seed=42|dim=2|fold=4|reps=2|ent=linear,0.24415659999795025,0.8791208791208791,0.96,0.7058823529411765,0.8135593220338984,0.9633642930856553
42,2,2,4,2,linear,10.0,364,91,seed=42|dim=2|fold=4|reps=2|ent=linear,0.24415659999795025,0.9010989010989011,0.9629629629629629,0.7647058823529411,0.8524590163934426,0.9447884416924666
42,2,2,4,2,linear,100.0,364,91,seed=42|dim=2|fold=4|reps=2|ent=linear,0.24415659999795025,0.9120879120879121,0.9642857142857143,0.7941176470588235,0.8709677419354839,0.9422084623323014
42,2,2,4,3,linear,0.01,364,91,seed=42|dim=2|fold=4|reps=3|ent=linear,0.34026640000229236,0.6263736263736264,0.0,0.0,0.0,0.9262125902992775
42,2,2,4,3,linear,0.1,364,91,seed=42|dim=2|fold=4|reps=3|ent=linear,0.34026640000229236,0.7582417582417582,1.0,0.35294117647058826,0.5217391304347826,0.9303405572755418
42,2,2,4,3,linear,1.0,364,91,seed=42|dim=2|fold=4|reps=3|ent=linear,0.34026640000229236,0.8681318681318682,0.9583333333333334,0.6764705882352942,0.7931034482758621,0.9169246646026831
42,2,2,4,3,linear,10.0,364,91,seed=42|dim=2|fold=4|reps=3|ent=linear,0.34026640000229236,0.8791208791208791,0.9259259259259259,0.7352941176470589,0.819672131147541,0.9107327141382868
42,2,2,4,3,linear,100.0,364,91,seed=42|dim=2|fold=4|reps=3|ent=linear,0.34026640000229236,0.9010989010989011,0.9310344827586207,0.7941176470588235,0.8571428571428571,0.9045407636738907
42,2,2,5,1,linear,0.01,364,91,seed=42|dim=2|fold=5|reps=1|ent=linear,0.15241689999675145,0.6263736263736264,0.0,0.0,0.0,0.9236326109391124
42,2,2,5,1,linear,0.1,364,91,seed=42|dim=2|fold=5|reps=1|ent=linear,0.15241689999675145,0.8901098901098901,0.9285714285714286,0.7647058823529411,0.8387096774193549,0.9463364293085654
42,2,2,5,1,linear,1.0,364,91,seed=42|dim=2|fold=5|reps=1|ent=linear,0.15241689999675145,0.9010989010989011,0.9629629629629629,0.7647058823529411,0.8524590163934426,0.936016511867905
42,2,2,5,1,linear,10.0,364,91,seed=42|dim=2|fold=5|reps=1|ent=linear,0.15241689999675145,0.8791208791208791,0.8484848484848485,0.8235294117647058,0.835820895522388,0.9045407636738906
42,2,2,5,1,linear,100.0,364,91,seed=42|dim=2|fold=5|reps=1|ent=linear,0.15241689999675145,0.8791208791208791,0.8709677419354839,0.7941176470588235,0.8307692307692308,0.9081527347781218
42,2,2,5,2,linear,0.01,364,91,seed=42|dim=2|fold=5|reps=2|ent=linear,0.286010100004205,0.6263736263736264,0.0,0.0,0.0,0.9040247678018576
42,2,2,5,2,linear,0.1,364,91,seed=42|dim=2|fold=5|reps=2|ent=linear,0.286010100004205,0.8131868131868132,0.8148148148148148,0.6470588235294118,0.7213114754098361,0.9200206398348814
42,2,2,5,2,linear,1.0,364,91,seed=42|dim=2|fold=5|reps=2|ent=linear,0.286010100004205,0.8461538461538461,0.8125,0.7647058823529411,0.7878787878787878,0.934984520123839
42,2,2,5,2,linear,10.0,364,91,seed=42|dim=2|fold=5|reps=2|ent=linear,0.286010100004205,0.8681318681318682,0.8235294117647058,0.8235294117647058,0.8235294117647058,0.9251805985552116
42,2,2,5,2,linear,100.0,364,91,seed=42|dim=2|fold=5|reps=2|ent=linear,0.286010100004205,0.8791208791208791,0.8285714285714286,0.8529411764705882,0.8405797101449275,0.9231166150670794
42,2,2,5,3,linear,0.01,364,91,seed=42|dim=2|fold=5|reps=3|ent=linear,0.3355174000025727,0.6263736263736264,0.0,0.0,0.0,0.8436532507739938
42,2,2,5,3,linear,0.1,364,91,seed=42|dim=2|fold=5|reps=3|ent=linear,0.3355174000025727,0.7252747252747253,0.7368421052631579,0.4117647058823529,0.5283018867924528,0.8642930856553148
42,2,2,5,3,linear,1.0,364,91,seed=42|dim=2|fold=5|reps=3|ent=linear,0.3355174000025727,0.8241758241758241,0.78125,0.7352941176470589,0.7575757575757576,0.9024767801857585
42,2,2,5,3,linear,10.0,364,91,seed=42|dim=2|fold=5|reps=3|ent=linear,0.3355174000025727,0.8681318681318682,0.8055555555555556,0.8529411764705882,0.8285714285714286,0.9097007223942208
42,2,2,5,3,linear,100.0,364,91,seed=42|dim=2|fold=5|reps=3|ent=linear,0.3355174000025727,0.8681318681318682,0.8055555555555556,0.8529411764705882,0.8285714285714286,0.913828689370485
42,4,4,1,1,linear,0.01,364,91,seed=42|dim=4|fold=1|reps=1|ent=linear,0.31408620000001974,0.6263736263736264,0.0,0.0,0.0,0.9628482972136223
42,4,4,1,1,linear,0.1,364,91,seed=42|dim=4|fold=1|reps=1|ent=linear,0.31408620000001974,0.7802197802197802,1.0,0.4117647058823529,0.5833333333333334,0.9633642930856553
42,4,4,1,1,linear,1.0,364,91,seed=42|dim=4|fold=1|reps=1|ent=linear,0.31408620000001974,0.9230769230769231,0.9354838709677419,0.8529411764705882,0.8923076923076924,0.9752321981424148
42,4,4,1,1,linear,10.0,364,91,seed=42|dim=4|fold=1|reps=1|ent=linear,0.31408620000001974,0.8901098901098901,0.875,0.8235294117647058,0.8484848484848485,0.9540763673890609
42,4,4,1,1,linear,100.0,364,91,seed=42|dim=4|fold=1|reps=1|ent=linear,0.31408620000001974,0.8571428571428571,0.8620689655172413,0.7352941176470589,0.7936507936507936,0.9416924664602684
42,4,4,1,1,full,0.01,364,91,seed=42|dim=4|fold=1|reps=1|ent=full,0.428842799999984,0.6263736263736264,0.0,0.0,0.0,0.9643962848297214
42,4,4,1,1,full,0.1,364,91,seed=42|dim=4|fold=1|reps=1|ent=full,0.428842799999984,0.8241758241758241,0.95,0.5588235294117647,0.7037037037037037,0.9638802889576884
42,4,4,1,1,full,1.0,364,91,seed=42|dim=4|fold=1|reps=1|ent=full,0.428842799999984,0.945054945054945,0.967741935483871,0.8823529411764706,0.9230769230769231,0.9690402476780187
42,4,4,1,1,full,10.0,364,91,seed=42|dim=4|fold=1|reps=1|ent=full,0.428842799999984,0.8901098901098901,0.8529411764705882,0.8529411764705882,0.8529411764705882,0.9618163054695562
42,4,4,1,1,full,100.0,364,91,seed=42|dim=4|fold=1|reps=1|ent=full,0.428842799999984,0.8351648351648352,0.8518518518518519,0.6764705882352942,0.7540983606557377,0.9091847265221877
42,4,4,1,2,linear,0.01,364,91,seed=42|dim=4|fold=1|reps=2|ent=linear,0.5342978999979096,0.6263736263736264,0.0,0.0,0.0,0.9189886480908153
42,4,4,1,2,linear,0.1,364,91,seed=42|dim=4|fold=1|reps=2|ent=linear,0.5342978999979096,0.6263736263736264,0.0,0.0,0.0,0.9184726522187823
42,4,4,1,2,linear,1.0,364,91,seed=42|dim=4|fold=1|reps=2|ent=linear,0.5342978999979096,0.8681318681318682,0.8666666666666667,0.7647058823529411,0.8125,0.936016511867905
42,4,4,1,2,linear,10.0,364,91,seed=42|dim=4|fold=1|reps=2|ent=linear,0.5342978999979096,0.9230769230769231,0.9090909090909091,0.8823529411764706,0.8955223880597015,0.9556243550051599
42,4,4,1,2,linear,100.0,364,91,seed=42|dim=4|fold=1|reps=2|ent=linear,0.5342978999979096,0.8131868131868132,0.7428571428571429,0.7647058823529411,0.7536231884057971,0.892672858617131
42,4,4,1,2,full,0.01,364,91,seed=42|dim=4|fold=1|reps=2|ent=full,0.803800499998033,0.6263736263736264,0.0,0.0,0.0,0.9267285861713106
42,4,4,1,2,full,0.1,364,91,seed=42|dim=4|fold=1|reps=2|ent=full,0.803800499998033,0.6263736263736264,0.0,0.0,0.0,0.9251805985552115
42,4,4,1,2,full,1.0,364,91,seed=42|dim=4|fold=1|reps=2|ent=full,0.803800499998033,0.8021978021978022,0.7857142857142857,0.6470588235294118,0.7096774193548387,0.9210526315789475
42,4,4,1,2,full,10.0,364,91,seed=42|dim=4|fold=1|reps=2|ent=full,0.803800499998033,0.8461538461538461,0.8846153846153846,0.6764705882352942,0.7666666666666667,0.8756449948400412
42,4,4,1,2,full,100.0,364,91,seed=42|dim=4|fold=1|reps=2|ent=full,0.803800499998033,0.8351648351648352,0.8275862068965517,0.7058823529411765,0.7619047619047619,0.871517027863777
42,4,4,1,3,linear,0.01,364,91,seed=42|dim=4|fold=1|reps=3|ent=linear,0.7904957000064314,0.6263736263736264,0.0,0.0,0.0,0.8286893704850361
42,4,4,1,3,linear,0.1,364,91,seed=42|dim=4|fold=1|reps=3|ent=linear,0.7904957000064314,0.6263736263736264,0.0,0.0,0.0,0.8292053663570692
42,4,4,1,3,linear,1.0,364,91,seed=42|dim=4|fold=1|reps=3|ent=linear,0.7904957000064314,0.7912087912087912,0.8,0.5882352941176471,0.6779661016949152,0.8519091847265222
42,4,4,1,3,linear,10.0,364,91,seed=42|dim=4|fold=1|reps=3|ent=linear,0.7904957000064314,0.8021978021978022,0.7222222222222222,0.7647058823529411,0.7428571428571429,0.8808049535603715
42,4,4,1,3,linear,100.0,364,91,seed=42|dim=4|fold=1|reps=3|ent=linear,0.7904957000064314,0.7582417582417582,0.6578947368421053,0.7352941176470589,0.6944444444444444,0.8173374613003095
42,4,4,1,3,full,0.01,364,91,seed=42|dim=4|fold=1|reps=3|ent=full,1.1737778000024264,0.6263736263736264,0.0,0.0,0.0,0.7554179566563467
42,4,4,1,3,full,0.1,364,91,seed=42|dim=4|fold=1|reps=3|ent=full,1.1737778000024264,0.6263736263736264,0.0,0.0,0.0,0.7559339525283798
42,4,4,1,3,full,1.0,364,91,seed=42|dim=4|fold=1|reps=3|ent=full,1.1737778000024264,0.7692307692307693,0.8421052631578947,0.47058823529411764,0.6037735849056604,0.7543859649122806
42,4,4,1,3,full,10.0,364,91,seed=42|dim=4|fold=1|reps=3|ent=full,1.1737778000024264,0.7802197802197802,0.7333333333333333,0.6470588235294118,0.6875,0.7285861713106295
42,4,4,1,3,full,100.0,364,91,seed=42|dim=4|fold=1|reps=3|ent=full,1.1737778000024264,0.7142857142857143,0.6111111111111112,0.6470588235294118,0.6285714285714286,0.7244582043343653
42,4,4,2,1,linear,0.01,364,91,seed=42|dim=4|fold=2|reps=1|ent=linear,0.31210529999952996,0.6263736263736264,0.0,0.0,0.0,0.9282765737874097
42,4,4,2,1,linear,0.1,364,91,seed=42|dim=4|fold=2|reps=1|ent=linear,0.31210529999952996,0.7032967032967034,1.0,0.20588235294117646,0.34146341463414637,0.9287925696594428
42,4,4,2,1,linear,1.0,364,91,seed=42|dim=4|fold=2|reps=1|ent=linear,0.31210529999952996,0.8791208791208791,0.8285714285714286,0.8529411764705882,0.8405797101449275,0.9484004127966976
42,4,4,2,1,linear,10.0,364,91,seed=42|dim=4|fold=2|reps=1|ent=linear,0.31210529999952996,0.8461538461538461,0.7631578947368421,0.8529411764705882,0.8055555555555556,0.9365325077399381
42,4,4,2,1,linear,100.0,364,91,seed=42|dim=4|fold=2|reps=1|ent=linear,0.31210529999952996,0.8241758241758241,0.7647058823529411,0.7647058823529411,0.7647058823529411,0.8808049535603715
42,4,4,2,1,full,0.01,364,91,seed=42|dim=4|fold=2|reps=1|ent=full,0.43492110000079265,0.6263736263736264,0.0,0.0,0.0,0.9664602683178535
42,4,4,2,1,full,0.1,364,91,seed=42|dim=4|fold=2|reps=1|ent=full,0.43492110000079265,0.7362637362637363,0.9166666666666666,0.3235294117647059,0.4782608695652174,0.9669762641898865
42,4,4,2,1,full,1.0,364,91,seed=42|dim=4|fold=2|reps=1|ent=full,0.43492110000079265,0.945054945054945,0.9142857142857143,0.9411764705882353,0.927536231884058,0.9742002063983488
42,4,4,2,1,full,10.0,364,91,seed=42|dim=4|fold=2|reps=1|ent=full,0.43492110000079265,0.8681318681318682,0.8055555555555556,0.8529411764705882,0.8285714285714286,0.9680082559339525
42,4,4,2,1,full,100.0,364,91,seed=42|dim=4|fold=2|reps=1|ent=full,0.43492110000079265,0.8791208791208791,0.8108108108108109,0.8823529411764706,0.8450704225352113,0.9613003095975232
42,4,4,2,2,linear,0.01,364,91,seed=42|dim=4|fold=2|reps=2|ent=linear,0.5424138000016683,0.6263736263736264,0.0,0.0,0.0,0.8973168214654283
42,4,4,2,2,linear,0.1,364,91,seed=42|dim=4|fold=2|reps=2|ent=linear,0.5424138000016683,0.6263736263736264,0.0,0.0,0.0,0.8973168214654283
42,4,4,2,2,linear,1.0,364,91,seed=42|dim=4|fold=2|reps=2|ent=linear,0.5424138000016683,0.8461538461538461,0.7941176470588235,0.7941176470588235,0.7941176470588235,0.9086687306501547
42,4,4,2,2,linear,10.0,364,91,seed=42|dim=4|fold=2|reps=2|ent=linear,0.5424138000016683,0.8351648351648352,0.7714285714285715,0.7941176470588235,0.782608695652174,0.9076367389060888
42,4,4,2,2,linear,100.0,364,91,seed=42|dim=4|fold=2|reps=2|ent=linear,0.5424138000016683,0.8021978021978022,0.7352941176470589,0.7352941176470589,0.7352941176470589,0.8751289989680082
42,4,4,2,2,full,0.01,364,91,seed=42|dim=4|fold=2|reps=2|ent=full,0.8202877000003355,0.6263736263736264,0.0,0.0,0.0,0.7714138286893705
42,4,4,2,2,full,0.1,364,91,seed=42|dim=4|fold=2|reps=2|ent=full,0.8202877000003355,0.6263736263736264,0.0,0.0,0.0,0.7703818369453045
42,4,4,2,2,full,1.0,364,91,seed=42|dim=4|fold=2|reps=2|ent=full,0.8202877000003355,0.7472527472527473,0.7391304347826086,0.5,0.5964912280701754,0.7729618163054696
42,4,4,2,2,full,10.0,364,91,seed=42|dim=4|fold=2|reps=2|ent=full,0.8202877000003355,0.6813186813186813,0.5714285714285714,0.5882352941176471,0.5797101449275363,0.7182662538699691
42,4,4,2,2,full,100.0,364,91,seed=42|dim=4|fold=2|reps=2|ent=full,0.8202877000003355,0.6703296703296703,0.5588235294117647,0.5588235294117647,0.5588235294117647,0.7131062951496387
42,4,4,2,3,linear,0.01,364,91,seed=42|dim=4|fold=2|reps=3|ent=linear,0.7853870000035386,0.6263736263736264,0.0,0.0,0.0,0.8565531475748194
42,4,4,2,3,linear,0.1,364,91,seed=42|dim=4|fold=2|reps=3|ent=linear,0.7853870000035386,0.6263736263736264,0.0,0.0,0.0,0.8560371517027864
42,4,4,2,3,linear,1.0,364,91,seed=42|dim=4|fold=2|reps=3|ent=linear,0.7853870000035386,0.7692307692307693,0.696969696969697,0.6764705882352942,0.6865671641791045,0.8390092879256966
42,4,4,2,3,linear,10.0,364,91,seed=42|dim=4|fold=2|reps=3|ent=linear,0.7853870000035386,0.7472527472527473,0.6666666666666666,0.6470588235294118,0.6567164179104478,0.782249742002064
42,4,4,2,3,linear,100.0,364,91,seed=42|dim=4|fold=2|reps=3|ent=linear,0.7853870000035386,0.6703296703296703,0.5526315789473685,0.6176470588235294,0.5833333333333334,0.7518059855521155
42,4,4,2,3,full,0.01,364,91,seed=42|dim=4|fold=2|reps=3|ent=full,1.1658222999976715,0.6263736263736264,0.0,0.0,0.0,0.696594427244582
42,4,4,2,3,full,0.1,364,91,seed=42|dim=4|fold=2|reps=3|ent=full,1.1658222999976715,0.6263736263736264,0.0,0.0,0.0,0.6986584107327142
42,4,4,2,3,full,1.0,364,91,seed=42|dim=4|fold=2|reps=3|ent=full,1.1658222999976715,0.6813186813186813,0.6666666666666666,0.29411764705882354,0.40816326530612246,0.7182662538699691
42,4,4,2,3,full,10.0,364,91,seed=42|dim=4|fold=2|reps=3|ent=full,1.1658222999976715,0.6593406593406593,0.5483870967741935,0.5,0.5230769230769231,0.7094943240454077
42,4,4,2,3,full,100.0,364,91,seed=42|dim=4|fold=2|reps=3|ent=full,1.1658222999976715,0.6593406593406593,0.5428571428571428,0.5588235294117647,0.5507246376811594,0.7084623323013415
42,4,4,3,1,linear,0.01,364,91,seed=42|dim=4|fold=3|reps=1|ent=linear,0.29860910000570584,0.6263736263736264,0.0,0.0,0.0,0.9396284829721362
42,4,4,3,1,linear,0.1,364,91,seed=42|dim=4|fold=3|reps=1|ent=linear,0.29860910000570584,0.7472527472527473,0.9230769230769231,0.35294117647058826,0.5106382978723404,0.9401444788441693
42,4,4,3,1,linear,1.0,364,91,seed=42|dim=4|fold=3|reps=1|ent=linear,0.29860910000570584,0.8681318681318682,0.9230769230769231,0.7058823529411765,0.8,0.9401444788441692
42,4,4,3,1,linear,10.0,364,91,seed=42|dim=4|fold=3|reps=1|ent=linear,0.29860910000570584,0.8681318681318682,0.8666666666666667,0.7647058823529411,0.8125,0.9499484004127967
42,4,4,3,1,linear,100.0,364,91,seed=42|dim=4|fold=3|reps=1|ent=linear,0.29860910000570584,0.8571428571428571,0.8620689655172413,0.7352941176470589,0.7936507936507936,0.9122807017543859
42,4,4,3,1,full,0.01,364,91,seed=42|dim=4|fold=3|reps=1|ent=full,0.44165760000032606,0.6263736263736264,0.0,0.0,0.0,0.9757481940144479
42,4,4,3,1,full,0.1,364,91,seed=42|dim=4|fold=3|reps=1|ent=full,0.44165760000032606,0.8351648351648352,1.0,0.5588235294117647,0.7169811320754716,0.9762641898864809
42,4,4,3,1,full,1.0,364,91,seed=42|dim=4|fold=3|reps=1|ent=full,0.44165760000032606,0.9010989010989011,0.9032258064516129,0.8235294117647058,0.8615384615384616,0.9814241486068112
42,4,4,3,1,full,10.0,364,91,seed=42|dim=4|fold=3|reps=1|ent=full,0.44165760000032606,0.9120879120879121,0.8823529411764706,0.8823529411764706,0.8823529411764706,0.9649122807017544
42,4,4,3,1,full,100.0,364,91,seed=42|dim=4|fold=3|reps=1|ent=full,0.44165760000032606,0.9010989010989011,0.9032258064516129,0.8235294117647058,0.8615384615384616,0.956140350877193
42,4,4,3,2,linear,0.01,364,91,seed=42|dim=4|fold=3|reps=2|ent=linear,0.5458855999968364,0.6263736263736264,0.0,0.0,0.0,0.9246646026831785
42,4,4,3,2,linear,0.1,364,91,seed=42|dim=4|fold=3|reps=2|ent=linear,0.5458855999968364,0.6373626373626373,1.0,0.029411764705882353,0.05714285714285714,0.9251805985552115
42,4,4,3,2,linear,1.0,364,91,seed=42|dim=4|fold=3|reps=2|ent=linear,0.5458855999968364,0.8021978021978022,0.8636363636363636,0.5588235294117647,0.6785714285714286,0.9391124871001032
42,4,4,3,2,linear,10.0,364,91,seed=42|dim=4|fold=3|reps=2|ent=linear,0.5458855999968364,0.8351648351648352,0.8518518518518519,0.6764705882352942,0.7540983606557377,0.8797729618163056
42,4,4,3,2,linear,100.0,364,91,seed=42|dim=4|fold=3|reps=2|ent=linear,0.5458855999968364,0.8131868131868132,0.8148148148148148,0.6470588235294118,0.7213114754098361,0.847265221878225
42,4,4,3,2,full,0.01,364,91,seed=42|dim=4|fold=3|reps=2|ent=full,0.7959658000036143,0.6263736263736264,0.0,0.0,0.0,0.8632610939112487
42,4,4,3,2,full,0.1,364,91,seed=42|dim=4|fold=3|reps=2|ent=full,0.7959658000036143,0.6263736263736264,0.0,0.0,0.0,0.8637770897832817
42,4,4,3,2,full,1.0,364,91,seed=42|dim=4|fold=3|reps=2|ent=full,0.7959658000036143,0.7692307692307693,0.696969696969697,0.6764705882352942,0.6865671641791045,0.8539731682146543
42,4,4,3,2,full,10.0,364,91,seed=42|dim=4|fold=3|reps=2|ent=full,0.7959658000036143,0.7472527472527473,0.6774193548387096,0.6176470588235294,0.6461538461538462,0.801857585139319
42,4,4,3,2,full,100.0,364,91,seed=42|dim=4|fold=3|reps=2|ent=full,0.7959658000036143,0.7582417582417582,0.6875,0.6470588235294118,0.6666666666666666,0.7858617131062953
42,4,4,3,3,linear,0.01,364,91,seed=42|dim=4|fold=3|reps=3|ent=linear,0.7767587000053027,0.6263736263736264,0.0,0.0,0.0,0.8782249742002064
42,4,4,3,3,linear,0.1,364,91,seed=42|dim=4|fold=3|reps=3|ent=linear,0.7767587000053027,0.6263736263736264,0.0,0.0,0.0,0.8782249742002064
42,4,4,3,3,linear,1.0,364,91,seed=42|dim=4|fold=3|reps=3|ent=linear,0.7767587000053027,0.7802197802197802,0.6944444444444444,0.7352941176470589,0.7142857142857143,0.8818369453044377
42,4,4,3,3,linear,10.0,364,91,seed=42|dim=4|fold=3|reps=3|ent=linear,0.7767587000053027,0.8131868131868132,0.7297297297297297,0.7941176470588235,0.7605633802816901,0.8761609907120743
42,4,4,3,3,linear,100.0,364,91,seed=42|dim=4|fold=3|reps=3|ent=linear,0.7767587000053027,0.7802197802197802,0.71875,0.6764705882352942,0.696969696969697,0.8668730650154798
42,4,4,3,3,full,0.01,364,91,seed=42|dim=4|fold=3|reps=3|ent=full,1.1719519999969634,0.6263736263736264,0.0,0.0,0.0,0.6372549019607844
42,4,4,3,3,full,0.1,364,91,seed=42|dim=4|fold=3|reps=3|ent=full,1.1719519999969634,0.6263736263736264,0.0,0.0,0.0,0.6388028895768834
42,4,4,3,3,full,1.0,364,91,seed=42|dim=4|fold=3|reps=3|ent=full,1.1719519999969634,0.7032967032967034,0.6666666666666666,0.4117647058823529,0.509090909090909,0.6439628482972136
42,4,4,3,3,full,10.0,364,91,seed=42|dim=4|fold=3|reps=3|ent=full,1.1719519999969634,0.6373626373626373,0.5142857142857142,0.5294117647058824,0.5217391304347826,0.654282765737874
42,4,4,3,3,full,100.0,364,91,seed=42|dim=4|fold=3|reps=3|ent=full,1.1719519999969634,0.6483516483516484,0.525,0.6176470588235294,0.5675675675675675,0.6929824561403509
42,4,4,4,1,linear,0.01,364,91,seed=42|dim=4|fold=4|reps=1|ent=linear,0.3097531000021263,0.6263736263736264,0.0,0.0,0.0,0.8895768833849329
42,4,4,4,1,linear,0.1,364,91,seed=42|dim=4|fold=4|reps=1|ent=linear,0.3097531000021263,0.6813186813186813,1.0,0.14705882352941177,0.2564102564102564,0.8890608875128998
42,4,4,4,1,linear,1.0,364,91,seed=42|dim=4|fold=4|reps=1|ent=linear,0.3097531000021263,0.8241758241758241,0.8461538461538461,0.6470588235294118,0.7333333333333333,0.8777089783281734
42,4,4,4,1,linear,10.0,364,91,seed=42|dim=4|fold=4|reps=1|ent=linear,0.3097531000021263,0.7802197802197802,0.7333333333333333,0.6470588235294118,0.6875,0.8524251805985551
42,4,4,4,1,linear,100.0,364,91,seed=42|dim=4|fold=4|reps=1|ent=linear,0.3097531000021263,0.8021978021978022,0.8076923076923077,0.6176470588235294,0.7,0.8622291021671827
42,4,4,4,1,full,0.01,364,91,seed=42|dim=4|fold=4|reps=1|ent=full,0.43091569999523927,0.6263736263736264,0.0,0.0,0.0,0.9597523219814241
42,4,4,4,1,full,0.1,364,91,seed=42|dim=4|fold=4|reps=1|ent=full,0.43091569999523927,0.7142857142857143,1.0,0.23529411764705882,0.38095238095238093,0.9597523219814241
42,4,4,4,1,full,1.0,364,91,seed=42|dim=4|fold=4|reps=1|ent=full,0.43091569999523927,0.8351648351648352,0.8275862068965517,0.7058823529411765,0.7619047619047619,0.95562435500516
42,4,4,4,1,full,10.0,364,91,seed=42|dim=4|fold=4|reps=1|ent=full,0.43091569999523927,0.9010989010989011,0.9032258064516129,0.8235294117647058,0.8615384615384616,0.9504643962848296
42,4,4,4,1,full,100.0,364,91,seed=42|dim=4|fold=4|reps=1|ent=full,0.43091569999523927,0.8681318681318682,0.84375,0.7941176470588235,0.8181818181818182,0.9509803921568629
42,4,4,4,2,linear,0.01,364,91,seed=42|dim=4|fold=4|reps=2|ent=linear,0.5545122000039555,0.6263736263736264,0.0,0.0,0.0,0.8488132094943239
42,4,4,4,2,linear,0.1,364,91,seed=42|dim=4|fold=4|reps=2|ent=linear,0.5545122000039555,0.6263736263736264,0.0,0.0,0.0,0.8498452012383901
42,4,4,4,2,linear,1.0,364,91,seed=42|dim=4|fold=4|reps=2|ent=linear,0.5545122000039555,0.7582417582417582,0.7727272727272727,0.5,0.6071428571428571,0.8534571723426212
42,4,4,4,2,linear,10.0,364,91,seed=42|dim=4|fold=4|reps=2|ent=linear,0.5545122000039555,0.7802197802197802,0.7916666666666666,0.5588235294117647,0.6551724137931034,0.7925696594427245
42,4,4,4,2,linear,100.0,364,91,seed=42|dim=4|fold=4|reps=2|ent=linear,0.5545122000039555,0.7692307692307693,0.7096774193548387,0.6470588235294118,0.676923076923077,0.8286893704850362
42,4,4,4,2,full,0.01,364,91,seed=42|dim=4|fold=4|reps=2|ent=full,0.7966052999981912,0.6263736263736264,0.0,0.0,0.0,0.7905056759545923
42,4,4,4,2,full,0.1,364,91,seed=42|dim=4|fold=4|reps=2|ent=full,0.7966052999981912,0.6263736263736264,0.0,0.0,0.0,0.7910216718266254
42,4,4,4,2,full,1.0,364,91,seed=42|dim=4|fold=4|reps=2|ent=full,0.7966052999981912,0.7252747252747253,0.68,0.5,0.576271186440678,0.7734778121775026
42,4,4,4,2,full,10.0,364,91,seed=42|dim=4|fold=4|reps=2|ent=full,0.7966052999981912,0.7582417582417582,0.6875,0.6470588235294118,0.6666666666666666,0.7848297213622291
42,4,4,4,2,full,100.0,364,91,seed=42|dim=4|fold=4|reps=2|ent=full,0.7966052999981912,0.7362637362637363,0.65625,0.6176470588235294,0.6363636363636364,0.7796697626418989
42,4,4,4,3,linear,0.01,364,91,seed=42|dim=4|fold=4|reps=3|ent=linear,0.7734077999994042,0.6263736263736264,0.0,0.0,0.0,0.8926728586171311
42,4,4,4,3,linear,0.1,364,91,seed=42|dim=4|fold=4|reps=3|ent=linear,0.7734077999994042,0.6263736263736264,0.0,0.0,0.0,0.8921568627450981
42,4,4,4,3,linear,1.0,364,91,seed=42|dim=4|fold=4|reps=3|ent=linear,0.7734077999994042,0.8241758241758241,0.8461538461538461,0.6470588235294118,0.7333333333333333,0.8818369453044376
42,4,4,4,3,linear,10.0,364,91,seed=42|dim=4|fold=4|reps=3|ent=linear,0.7734077999994042,0.8131868131868132,0.7741935483870968,0.7058823529411765,0.7384615384615385,0.8457172342621259
42,4,4,4,3,linear,100.0,364,91,seed=42|dim=4|fold=4|reps=3|ent=linear,0.7734077999994042,0.7252747252747253,0.6666666666666666,0.5294117647058824,0.5901639344262295,0.7693498452012384
42,4,4,4,3,full,0.01,364,91,seed=42|dim=4|fold=4|reps=3|ent=full,1.1511739999987185,0.6263736263736264,0.0,0.0,0.0,0.7141382868937048
42,4,4,4,3,full,0.1,364,91,seed=42|dim=4|fold=4|reps=3|ent=full,1.1511739999987185,0.6263736263736264,0.0,0.0,0.0,0.7115583075335398
42,4,4,4,3,full,1.0,364,91,seed=42|dim=4|fold=4|reps=3|ent=full,1.1511739999987185,0.7252747252747253,0.7647058823529411,0.38235294117647056,0.5098039215686274,0.7368421052631579
42,4,4,4,3,full,10.0,364,91,seed=42|dim=4|fold=4|reps=3|ent=full,1.1511739999987185,0.6923076923076923,0.65,0.38235294117647056,0.48148148148148145,0.6697626418988648
42,4,4,4,3,full,100.0,364,91,seed=42|dim=4|fold=4|reps=3|ent=full,1.1511739999987185,0.6483516483516484,0.5384615384615384,0.4117647058823529,0.4666666666666667,0.6671826625386996
42,4,4,5,1,linear,0.01,364,91,seed=42|dim=4|fold=5|reps=1|ent=linear,0.30722489999607205,0.6263736263736264,0.0,0.0,0.0,0.9029927760577916
42,4,4,5,1,linear,0.1,364,91,seed=42|dim=4|fold=5|reps=1|ent=linear,0.30722489999607205,0.7252747252747253,1.0,0.2647058823529412,0.4186046511627907,0.9029927760577916
42,4,4,5,1,linear,1.0,364,91,seed=42|dim=4|fold=5|reps=1|ent=linear,0.30722489999607205,0.8131868131868132,0.7297297297297297,0.7941176470588235,0.7605633802816901,0.9071207430340558
42,4,4,5,1,linear,10.0,364,91,seed=42|dim=4|fold=5|reps=1|ent=linear,0.30722489999607205,0.7802197802197802,0.71875,0.6764705882352942,0.696969696969697,0.8570691434468525
42,4,4,5,1,linear,100.0,364,91,seed=42|dim=4|fold=5|reps=1|ent=linear,0.30722489999607205,0.8461538461538461,0.7631578947368421,0.8529411764705882,0.8055555555555556,0.9009287925696594
42,4,4,5,1,full,0.01,364,91,seed=42|dim=4|fold=5|reps=1|ent=full,0.4338532999972813,0.6263736263736264,0.0,0.0,0.0,0.9468524251805985
42,4,4,5,1,full,0.1,364,91,seed=42|dim=4|fold=5|reps=1|ent=full,0.4338532999972813,0.7802197802197802,0.9375,0.4411764705882353,0.6,0.9453044375644996
42,4,4,5,1,full,1.0,364,91,seed=42|dim=4|fold=5|reps=1|ent=full,0.4338532999972813,0.9120879120879121,0.8823529411764706,0.8823529411764706,0.8823529411764706,0.9633642930856553
42,4,4,5,1,full,10.0,364,91,seed=42|dim=4|fold=5|reps=1|ent=full,0.4338532999972813,0.8901098901098901,0.8529411764705882,0.8529411764705882,0.8529411764705882,0.9551083591331269
42,4,4,5,1,full,100.0,364,91,seed=42|dim=4|fold=5|reps=1|ent=full,0.4338532999972813,0.8461538461538461,0.7941176470588235,0.7941176470588235,0.7941176470588235,0.934468524251806
42,4,4,5,2,linear,0.01,364,91,seed=42|dim=4|fold=5|reps=2|ent=linear,0.5394510000041919,0.6263736263736264,0.0,0.0,0.0,0.7853457172342622
42,4,4,5,2,linear,0.1,364,91,seed=42|dim=4|fold=5|reps=2|ent=linear,0.5394510000041919,0.6263736263736264,0.0,0.0,0.0,0.7837977296181631
42,4,4,5,2,linear,1.0,364,91,seed=42|dim=4|fold=5|reps=2|ent=linear,0.5394510000041919,0.7692307692307693,0.782608695652174,0.5294117647058824,0.631578947368421,0.8121775025799793
42,4,4,5,2,linear,10.0,364,91,seed=42|dim=4|fold=5|reps=2|ent=linear,0.5394510000041919,0.7912087912087912,0.7586206896551724,0.6470588235294118,0.6984126984126984,0.8230134158926729
42,4,4,5,2,linear,100.0,364,91,seed=42|dim=4|fold=5|reps=2|ent=linear,0.5394510000041919,0.7912087912087912,0.7419354838709677,0.6764705882352942,0.7076923076923077,0.7997936016511867
42,4,4,5,2,full,0.01,364,91,seed=42|dim=4|fold=5|reps=2|ent=full,0.7927666000032332,0.6263736263736264,0.0,0.0,0.0,0.8132094943240454
42,4,4,5,2,full,0.1,364,91,seed=42|dim=4|fold=5|reps=2|ent=full,0.7927666000032332,0.6263736263736264,0.0,0.0,0.0,0.8121775025799793
42,4,4,5,2,full,1.0,364,91,seed=42|dim=4|fold=5|reps=2|ent=full,0.7927666000032332,0.7692307692307693,0.7241379310344828,0.6176470588235294,0.6666666666666666,0.8090815273477812
42,4,4,5,2,full,10.0,364,91,seed=42|dim=4|fold=5|reps=2|ent=full,0.7927666000032332,0.7252747252747253,0.6666666666666666,0.5294117647058824,0.5901639344262295,0.7223942208462333
42,4,4,5,2,full,100.0,364,91,seed=42|dim=4|fold=5|reps=2|ent=full,0.7927666000032332,0.7362637362637363,0.6923076923076923,0.5294117647058824,0.6,0.737358101135191
42,4,4,5,3,linear,0.01,364,91,seed=42|dim=4|fold=5|reps=3|ent=linear,0.7933355999994092,0.6263736263736264,0.0,0.0,0.0,0.7564499484004128
42,4,4,5,3,linear,0.1,364,91,seed=42|dim=4|fold=5|reps=3|ent=linear,0.7933355999994092,0.6263736263736264,0.0,0.0,0.0,0.7559339525283798
42,4,4,5,3,linear,1.0,364,91,seed=42|dim=4|fold=5|reps=3|ent=linear,0.7933355999994092,0.7582417582417582,0.7142857142857143,0.5882352941176471,0.6451612903225806,0.8028895768833849
42,4,4,5,3,linear,10.0,364,91,seed=42|dim=4|fold=5|reps=3|ent=linear,0.7933355999994092,0.6923076923076923,0.59375,0.5588235294117647,0.5757575757575758,0.739938080495356
42,4,4,5,3,linear,100.0,364,91,seed=42|dim=4|fold=5|reps=3|ent=linear,0.7933355999994092,0.7032967032967034,0.6129032258064516,0.5588235294117647,0.5846153846153846,0.7533539731682146
42,4,4,5,3,full,0.01,364,91,seed=42|dim=4|fold=5|reps=3|ent=full,1.222378899998148,0.6263736263736264,0.0,0.0,0.0,0.8374613003095975
42,4,4,5,3,full,0.1,364,91,seed=42|dim=4|fold=5|reps=3|ent=full,1.222378899998148,0.6263736263736264,0.0,0.0,0.0,0.8364293085655314
42,4,4,5,3,full,1.0,364,91,seed=42|dim=4|fold=5|reps=3|ent=full,1.222378899998148,0.7802197802197802,0.7058823529411765,0.7058823529411765,0.7058823529411765,0.8374613003095975
42,4,4,5,3,full,10.0,364,91,seed=42|dim=4|fold=5|reps=3|ent=full,1.222378899998148,0.7362637362637363,0.631578947368421,0.7058823529411765,0.6666666666666666,0.7972136222910217
42,4,4,5,3,full,100.0,364,91,seed=42|dim=4|fold=5|reps=3|ent=full,1.222378899998148,0.7032967032967034,0.5897435897435898,0.6764705882352942,0.6301369863013698,0.7321981424148607
123,2,2,1,1,linear,0.01,364,91,seed=123|dim=2|fold=1|reps=1|ent=linear,0.161309800001618,0.6263736263736264,0.0,0.0,0.0,0.957688338493292
123,2,2,1,1,linear,0.1,364,91,seed=123|dim=2|fold=1|reps=1|ent=linear,0.161309800001618,0.8901098901098901,0.9285714285714286,0.7647058823529411,0.8387096774193549,0.9767801857585139
123,2,2,1,1,linear,1.0,364,91,seed=123|dim=2|fold=1|reps=1|ent=linear,0.161309800001618,0.9120879120879121,0.90625,0.8529411764705882,0.8787878787878788,0.9845201238390092
123,2,2,1,1,linear,10.0,364,91,seed=123|dim=2|fold=1|reps=1|ent=linear,0.161309800001618,0.9340659340659341,0.9117647058823529,0.9117647058823529,0.9117647058823529,0.9850361197110422
123,2,2,1,1,linear,100.0,364,91,seed=123|dim=2|fold=1|reps=1|ent=linear,0.161309800001618,0.945054945054945,0.9142857142857143,0.9411764705882353,0.927536231884058,0.9855521155830753
123,2,2,1,2,linear,0.01,364,91,seed=123|dim=2|fold=1|reps=2|ent=linear,0.25412290000531357,0.6263736263736264,0.0,0.0,0.0,0.9416924664602684
123,2,2,1,2,linear,0.1,364,91,seed=123|dim=2|fold=1|reps=2|ent=linear,0.25412290000531357,0.8351648351648352,0.9130434782608695,0.6176470588235294,0.7368421052631579,0.9499484004127967
123,2,2,1,2,linear,1.0,364,91,seed=123|dim=2|fold=1|reps=2|ent=linear,0.25412290000531357,0.8571428571428571,0.8888888888888888,0.7058823529411765,0.7868852459016393,0.9597523219814241
123,2,2,1,2,linear,10.0,364,91,seed=123|dim=2|fold=1|reps=2|ent=linear,0.25412290000531357,0.8791208791208791,0.896551724137931,0.7647058823529411,0.8253968253968254,0.9649122807017544
123,2,2,1,2,linear,100.0,364,91,seed=123|dim=2|fold=1|reps=2|ent=linear,0.25412290000531357,0.8791208791208791,0.8709677419354839,0.7941176470588235,0.8307692307692308,0.9659442724458204
123,2,2,1,3,linear,0.01,364,91,seed=123|dim=2|fold=1|reps=3|ent=linear,0.3408099000007496,0.6263736263736264,0.0,0.0,0.0,0.9071207430340558
123,2,2,1,3,linear,0.1,364,91,seed=123|dim=2|fold=1|reps=3|ent=linear,0.3408099000007496,0.7362637362637363,1.0,0.29411764705882354,0.45454545454545453,0.9122807017543859
123,2,2,1,3,linear,1.0,364,91,seed=123|dim=2|fold=1|reps=3|ent=linear,0.3408099000007496,0.8241758241758241,0.8214285714285714,0.6764705882352942,0.7419354838709677,0.936532507739938
123,2,2,1,3,linear,10.0,364,91,seed=123|dim=2|fold=1|reps=3|ent=linear,0.3408099000007496,0.8791208791208791,0.8484848484848485,0.8235294117647058,0.835820895522388,0.9654282765737874
123,2,2,1,3,linear,100.0,364,91,seed=123|dim=2|fold=1|reps=3|ent=linear,0.3408099000007496,0.8681318681318682,0.84375,0.7941176470588235,0.8181818181818182,0.9643962848297214
123,2,2,2,1,linear,0.01,364,91,seed=123|dim=2|fold=2|reps=1|ent=linear,0.14993130000220845,0.6263736263736264,0.0,0.0,0.0,0.9638802889576883
123,2,2,2,1,linear,0.1,364,91,seed=123|dim=2|fold=2|reps=1|ent=linear,0.14993130000220845,0.9010989010989011,0.9032258064516129,0.8235294117647058,0.8615384615384616,0.9607843137254902
123,2,2,2,1,linear,1.0,364,91,seed=123|dim=2|fold=2|reps=1|ent=linear,0.14993130000220845,0.9120879120879121,0.90625,0.8529411764705882,0.8787878787878788,0.9561403508771931
123,2,2,2,1,linear,10.0,364,91,seed=123|dim=2|fold=2|reps=1|ent=linear,0.14993130000220845,0.9340659340659341,0.9117647058823529,0.9117647058823529,0.9117647058823529,0.958204334365325
123,2,2,2,1,linear,100.0,364,91,seed=123|dim=2|fold=2|reps=1|ent=linear,0.14993130000220845,0.9340659340659341,0.9117647058823529,0.9117647058823529,0.9117647058823529,0.9690402476780187
123,2,2,2,2,linear,0.01,364,91,seed=123|dim=2|fold=2|reps=2|ent=linear,0.2440753000046243,0.6263736263736264,0.0,0.0,0.0,0.9287925696594427
123,2,2,2,2,linear,0.1,364,91,seed=123|dim=2|fold=2|reps=2|ent=linear,0.2440753000046243,0.8351648351648352,0.8518518518518519,0.6764705882352942,0.7540983606557377,0.9365325077399381
123,2,2,2,2,linear,1.0,364,91,seed=123|dim=2|fold=2|reps=2|ent=linear,0.2440753000046243,0.9010989010989011,0.8571428571428571,0.8823529411764706,0.8695652173913043,0.9365325077399381
123,2,2,2,2,linear,10.0,364,91,seed=123|dim=2|fold=2|reps=2|ent=linear,0.2440753000046243,0.8791208791208791,0.7804878048780488,0.9411764705882353,0.8533333333333334,0.9360165118679051
123,2,2,2,2,linear,100.0,364,91,seed=123|dim=2|fold=2|reps=2|ent=linear,0.2440753000046243,0.8901098901098901,0.7857142857142857,0.9705882352941176,0.868421052631579,0.9396284829721363
123,2,2,2,3,linear,0.01,364,91,seed=123|dim=2|fold=2|reps=3|ent=linear,0.3367814000012004,0.6263736263736264,0.0,0.0,0.0,0.8885448916408668
123,2,2,2,3,linear,0.1,364,91,seed=123|dim=2|fold=2|reps=3|ent=linear,0.3367814000012004,0.7142857142857143,0.7857142857142857,0.3235294117647059,0.4583333333333333,0.890092879256966
123,2,2,2,3,linear,1.0,364,91,seed=123|dim=2|fold=2|reps=3|ent=linear,0.3367814000012004,0.8791208791208791,0.8709677419354839,0.7941176470588235,0.8307692307692308,0.8570691434468525
123,2,2,2,3,linear,10.0,364,91,seed=123|dim=2|fold=2|reps=3|ent=linear,0.3367814000012004,0.8791208791208791,0.8285714285714286,0.8529411764705882,0.8405797101449275,0.8426212590299277
123,2,2,2,3,linear,100.0,364,91,seed=123|dim=2|fold=2|reps=3|ent=linear,0.3367814000012004,0.8791208791208791,0.8285714285714286,0.8529411764705882,0.8405797101449275,0.8400412796697626
123,2,2,3,1,linear,0.01,364,91,seed=123|dim=2|fold=3|reps=1|ent=linear,0.14980539999669418,0.6263736263736264,0.0,0.0,0.0,0.935500515995872
123,2,2,3,1,linear,0.1,364,91,seed=123|dim=2|fold=3|reps=1|ent=linear,0.14980539999669418,0.8571428571428571,1.0,0.6176470588235294,0.7636363636363637,0.9468524251805985
123,2,2,3,1,linear,1.0,364,91,seed=123|dim=2|fold=3|reps=1|ent=linear,0.14980539999669418,0.8791208791208791,0.8709677419354839,0.7941176470588235,0.8307692307692308,0.9489164086687306
123,2,2,3,1,linear,10.0,364,91,seed=123|dim=2|fold=3|reps=1|ent=linear,0.14980539999669418,0.9230769230769231,0.9090909090909091,0.8823529411764706,0.8955223880597015,0.9633642930856552
123,2,2,3,1,linear,100.0,364,91,seed=123|dim=2|fold=3|reps=1|ent=linear,0.14980539999669418,0.9340659340659341,0.9117647058823529,0.9117647058823529,0.9117647058823529,0.9618163054695562
123,2,2,3,2,linear,0.01,364,91,seed=123|dim=2|fold=3|reps=2|ent=linear,0.2433822000020882,0.6263736263736264,0.0,0.0,0.0,0.9112487100103198
123,2,2,3,2,linear,0.1,364,91,seed=123|dim=2|fold=3|reps=2|ent=linear,0.2433822000020882,0.8021978021978022,0.9,0.5294117647058824,0.6666666666666666,0.9112487100103198
123,2,2,3,2,linear,1.0,364,91,seed=123|dim=2|fold=3|reps=2|ent=linear,0.2433822000020882,0.8351648351648352,0.88,0.6470588235294118,0.7457627118644068,0.8937048503611972
123,2,2,3,2,linear,10.0,364,91,seed=123|dim=2|fold=3|reps=2|ent=linear,0.2433822000020882,0.8461538461538461,0.8125,0.7647058823529411,0.7878787878787878,0.890092879256966
123,2,2,3,2,linear,100.0,364,91,seed=123|dim=2|fold=3|reps=2|ent=linear,0.2433822000020882,0.8571428571428571,0.8181818181818182,0.7941176470588235,0.8059701492537313,0.8988648090815273
123,2,2,3,3,linear,0.01,364,91,seed=123|dim=2|fold=3|reps=3|ent=linear,0.33757569999579573,0.6263736263736264,0.0,0.0,0.0,0.8823529411764707
123,2,2,3,3,linear,0.1,364,91,seed=123|dim=2|fold=3|reps=3|ent=linear,0.33757569999579573,0.6483516483516484,0.5833333333333334,0.20588235294117646,0.30434782608695654,0.8869969040247678
123,2,2,3,3,linear,1.0,364,91,seed=123|dim=2|fold=3|reps=3|ent=linear,0.33757569999579573,0.7362637362637363,0.75,0.4411764705882353,0.5555555555555556,0.8782249742002064
123,2,2,3,3,linear,10.0,364,91,seed=123|dim=2|fold=3|reps=3|ent=linear,0.33757569999579573,0.8021978021978022,0.8076923076923077,0.6176470588235294,0.7,0.8751289989680082
123,2,2,3,3,linear,100.0,364,91,seed=123|dim=2|fold=3|reps=3|ent=linear,0.33757569999579573,0.7912087912087912,0.7586206896551724,0.6470588235294118,0.6984126984126984,0.8508771929824561
123,2,2,4,1,linear,0.01,364,91,seed=123|dim=2|fold=4|reps=1|ent=linear,0.15719299999909708,0.6263736263736264,0.0,0.0,0.0,0.8699690402476781
123,2,2,4,1,linear,0.1,364,91,seed=123|dim=2|fold=4|reps=1|ent=linear,0.15719299999909708,0.8241758241758241,0.875,0.6176470588235294,0.7241379310344828,0.8802889576883385
123,2,2,4,1,linear,1.0,364,91,seed=123|dim=2|fold=4|reps=1|ent=linear,0.15719299999909708,0.8461538461538461,0.9166666666666666,0.6470588235294118,0.7586206896551724,0.9076367389060888
123,2,2,4,1,linear,10.0,364,91,seed=123|dim=2|fold=4|reps=1|ent=linear,0.15719299999909708,0.8241758241758241,0.8461538461538461,0.6470588235294118,0.7333333333333333,0.8746130030959752
123,2,2,4,1,linear,100.0,364,91,seed=123|dim=2|fold=4|reps=1|ent=linear,0.15719299999909708,0.8571428571428571,0.8888888888888888,0.7058823529411765,0.7868852459016393,0.8653250773993808
123,2,2,4,2,linear,0.01,364,91,seed=123|dim=2|fold=4|reps=2|ent=linear,0.24863449999975273,0.6263736263736264,0.0,0.0,0.0,0.8498452012383901
123,2,2,4,2,linear,0.1,364,91,seed=123|dim=2|fold=4|reps=2|ent=linear,0.24863449999975273,0.7802197802197802,0.7333333333333333,0.6470588235294118,0.6875,0.8534571723426212
123,2,2,4,2,linear,1.0,364,91,seed=123|dim=2|fold=4|reps=2|ent=linear,0.24863449999975273,0.8021978021978022,0.8076923076923077,0.6176470588235294,0.7,0.8699690402476781
123,2,2,4,2,linear,10.0,364,91,seed=123|dim=2|fold=4|reps=2|ent=linear,0.24863449999975273,0.8351648351648352,0.8518518518518519,0.6764705882352942,0.7540983606557377,0.86687306501548
123,2,2,4,2,linear,100.0,364,91,seed=123|dim=2|fold=4|reps=2|ent=linear,0.24863449999975273,0.8571428571428571,0.8888888888888888,0.7058823529411765,0.7868852459016393,0.8663570691434469
123,2,2,4,3,linear,0.01,364,91,seed=123|dim=2|fold=4|reps=3|ent=linear,0.33635320000030333,0.6263736263736264,0.0,0.0,0.0,0.7920536635706914
123,2,2,4,3,linear,0.1,364,91,seed=123|dim=2|fold=4|reps=3|ent=linear,0.33635320000030333,0.6483516483516484,0.6666666666666666,0.11764705882352941,0.2,0.7863777089783281
123,2,2,4,3,linear,1.0,364,91,seed=123|dim=2|fold=4|reps=3|ent=linear,0.33635320000030333,0.7032967032967034,0.7058823529411765,0.35294117647058826,0.47058823529411764,0.8126934984520123
123,2,2,4,3,linear,10.0,364,91,seed=123|dim=2|fold=4|reps=3|ent=linear,0.33635320000030333,0.7692307692307693,0.7407407407407407,0.5882352941176471,0.6557377049180327,0.8513931888544891
123,2,2,4,3,linear,100.0,364,91,seed=123|dim=2|fold=4|reps=3|ent=linear,0.33635320000030333,0.8241758241758241,0.8,0.7058823529411765,0.75,0.8524251805985553
123,2,2,5,1,linear,0.01,364,91,seed=123|dim=2|fold=5|reps=1|ent=linear,0.15355339999950957,0.6263736263736264,0.0,0.0,0.0,0.981940144478844
123,2,2,5,1,linear,0.1,364,91,seed=123|dim=2|fold=5|reps=1|ent=linear,0.15355339999950957,0.9340659340659341,1.0,0.8235294117647058,0.9032258064516129,0.9845201238390093
123,2,2,5,1,linear,1.0,364,91,seed=123|dim=2|fold=5|reps=1|ent=linear,0.15355339999950957,0.945054945054945,1.0,0.8529411764705882,0.9206349206349206,0.9829721362229101
123,2,2,5,1,linear,10.0,364,91,seed=123|dim=2|fold=5|reps=1|ent=linear,0.15355339999950957,0.967032967032967,0.9696969696969697,0.9411764705882353,0.9552238805970149,0.980908152734778
123,2,2,5,1,linear,100.0,364,91,seed=123|dim=2|fold=5|reps=1|ent=linear,0.15355339999950957,0.978021978021978,1.0,0.9411764705882353,0.9696969696969697,0.9850361197110423
123,2,2,5,2,linear,0.01,364,91,seed=123|dim=2|fold=5|reps=2|ent=linear,0.2951217999943765,0.6263736263736264,0.0,0.0,0.0,0.9576883384932922
123,2,2,5,2,linear,0.1,364,91,seed=123|dim=2|fold=5|reps=2|ent=linear,0.2951217999943765,0.8791208791208791,0.96,0.7058823529411765,0.8135593220338984,0.9659442724458205
123,2,2,5,2,linear,1.0,364,91,seed=123|dim=2|fold=5|reps=2|ent=linear,0.2951217999943765,0.8681318681318682,0.8928571428571429,0.7352941176470589,0.8064516129032258,0.95562435500516
123,2,2,5,2,linear,10.0,364,91,seed=123|dim=2|fold=5|reps=2|ent=linear,0.2951217999943765,0.9120879120879121,0.90625,0.8529411764705882,0.8787878787878788,0.9649122807017544
123,2,2,5,2,linear,100.0,364,91,seed=123|dim=2|fold=5|reps=2|ent=linear,0.2951217999943765,0.9010989010989011,0.8787878787878788,0.8529411764705882,0.8656716417910447,0.9659442724458205
123,2,2,5,3,linear,0.01,364,91,seed=123|dim=2|fold=5|reps=3|ent=linear,0.3436216999980388,0.6263736263736264,0.0,0.0,0.0,0.9014447884416925
123,2,2,5,3,linear,0.1,364,91,seed=123|dim=2|fold=5|reps=3|ent=linear,0.3436216999980388,0.7252747252747253,1.0,0.2647058823529412,0.4186046511627907,0.8993808049535604
123,2,2,5,3,linear,1.0,364,91,seed=123|dim=2|fold=5|reps=3|ent=linear,0.3436216999980388,0.8351648351648352,0.8275862068965517,0.7058823529411765,0.7619047619047619,0.9256965944272446
123,2,2,5,3,linear,10.0,364,91,seed=123|dim=2|fold=5|reps=3|ent=linear,0.3436216999980388,0.9010989010989011,0.8787878787878788,0.8529411764705882,0.8656716417910447,0.9442724458204333
123,2,2,5,3,linear,100.0,364,91,seed=123|dim=2|fold=5|reps=3|ent=linear,0.3436216999980388,0.8901098901098901,0.8529411764705882,0.8529411764705882,0.8529411764705882,0.9494324045407636
123,4,4,1,1,linear,0.01,364,91,seed=123|dim=4|fold=1|reps=1|ent=linear,0.30360460000520106,0.6263736263736264,0.0,0.0,0.0,0.8968008255933952
123,4,4,1,1,linear,0.1,364,91,seed=123|dim=4|fold=1|reps=1|ent=linear,0.30360460000520106,0.7142857142857143,1.0,0.23529411764705882,0.38095238095238093,0.8983488132094943
123,4,4,1,1,linear,1.0,364,91,seed=123|dim=4|fold=1|reps=1|ent=linear,0.30360460000520106,0.8901098901098901,0.9285714285714286,0.7647058823529411,0.8387096774193549,0.9174406604747162
123,4,4,1,1,linear,10.0,364,91,seed=123|dim=4|fold=1|reps=1|ent=linear,0.30360460000520106,0.8571428571428571,0.8888888888888888,0.7058823529411765,0.7868852459016393,0.8993808049535604
123,4,4,1,1,linear,100.0,364,91,seed=123|dim=4|fold=1|reps=1|ent=linear,0.30360460000520106,0.7802197802197802,0.7333333333333333,0.6470588235294118,0.6875,0.8121775025799794
123,4,4,1,1,full,0.01,364,91,seed=123|dim=4|fold=1|reps=1|ent=full,0.42230299999937415,0.6263736263736264,0.0,0.0,0.0,0.9272445820433437
123,4,4,1,1,full,0.1,364,91,seed=123|dim=4|fold=1|reps=1|ent=full,0.42230299999937415,0.7252747252747253,1.0,0.2647058823529412,0.4186046511627907,0.9277605779153766
123,4,4,1,1,full,1.0,364,91,seed=123|dim=4|fold=1|reps=1|ent=full,0.42230299999937415,0.8681318681318682,0.84375,0.7941176470588235,0.8181818181818182,0.936532507739938
123,4,4,1,1,full,10.0,364,91,seed=123|dim=4|fold=1|reps=1|ent=full,0.42230299999937415,0.8461538461538461,0.8125,0.7647058823529411,0.7878787878787878,0.8869969040247677
123,4,4,1,1,full,100.0,364,91,seed=123|dim=4|fold=1|reps=1|ent=full,0.42230299999937415,0.8021978021978022,0.75,0.7058823529411765,0.7272727272727273,0.8596491228070176
123,4,4,1,2,linear,0.01,364,91,seed=123|dim=4|fold=1|reps=2|ent=linear,0.5420062999983202,0.6263736263736264,0.0,0.0,0.0,0.891640866873065
123,4,4,1,2,linear,0.1,364,91,seed=123|dim=4|fold=1|reps=2|ent=linear,0.5420062999983202,0.6263736263736264,0.0,0.0,0.0,0.8900928792569659
123,4,4,1,2,linear,1.0,364,91,seed=123|dim=4|fold=1|reps=2|ent=linear,0.5420062999983202,0.7912087912087912,0.8260869565217391,0.5588235294117647,0.6666666666666666,0.8968008255933952
123,4,4,1,2,linear,10.0,364,91,seed=123|dim=4|fold=1|reps=2|ent=linear,0.5420062999983202,0.8131868131868132,0.84,0.6176470588235294,0.711864406779661,0.8813209494324046
123,4,4,1,2,linear,100.0,364,91,seed=123|dim=4|fold=1|reps=2|ent=linear,0.5420062999983202,0.7362637362637363,0.75,0.4411764705882353,0.5555555555555556,0.7786377708978328
123,4,4,1,2,full,0.01,364,91,seed=123|dim=4|fold=1|reps=2|ent=full,0.7838140000021667,0.6263736263736264,0.0,0.0,0.0,0.7853457172342622
123,4,4,1,2,full,0.1,364,91,seed=123|dim=4|fold=1|reps=2|ent=full,0.7838140000021667,0.6263736263736264,0.0,0.0,0.0,0.784313725490196
123,4,4,1,2,full,1.0,364,91,seed=123|dim=4|fold=1|reps=2|ent=full,0.7838140000021667,0.7692307692307693,0.7241379310344828,0.6176470588235294,0.6666666666666666,0.7791537667698658
123,4,4,1,2,full,10.0,364,91,seed=123|dim=4|fold=1|reps=2|ent=full,0.7838140000021667,0.6813186813186813,0.5675675675675675,0.6176470588235294,0.5915492957746479,0.7125902992776058
123,4,4,1,2,full,100.0,364,91,seed=123|dim=4|fold=1|reps=2|ent=full,0.7838140000021667,0.6263736263736264,0.5,0.5294117647058824,0.5142857142857142,0.6620227038183695
123,4,4,1,3,linear,0.01,364,91,seed=123|dim=4|fold=1|reps=3|ent=linear,0.8177787000022363,0.6263736263736264,0.0,0.0,0.0,0.9076367389060888
123,4,4,1,3,linear,0.1,364,91,seed=123|dim=4|fold=1|reps=3|ent=linear,0.8177787000022363,0.6263736263736264,0.0,0.0,0.0,0.9071207430340558
123,4,4,1,3,linear,1.0,364,91,seed=123|dim=4|fold=1|reps=3|ent=linear,0.8177787000022363,0.8241758241758241,0.8,0.7058823529411765,0.75,0.8849329205366357
123,4,4,1,3,linear,10.0,364,91,seed=123|dim=4|fold=1|reps=3|ent=linear,0.8177787000022363,0.7912087912087912,0.7272727272727273,0.7058823529411765,0.7164179104477612,0.8622291021671826
123,4,4,1,3,linear,100.0,364,91,seed=123|dim=4|fold=1|reps=3|ent=linear,0.8177787000022363,0.7582417582417582,0.6666666666666666,0.7058823529411765,0.6857142857142857,0.8452012383900929
123,4,4,1,3,full,0.01,364,91,seed=123|dim=4|fold=1|reps=3|ent=full,1.2460590000046068,0.6263736263736264,0.0,0.0,0.0,0.6934984520123839
123,4,4,1,3,full,0.1,364,91,seed=123|dim=4|fold=1|reps=3|ent=full,1.2460590000046068,0.6263736263736264,0.0,0.0,0.0,0.6914344685242518
123,4,4,1,3,full,1.0,364,91,seed=123|dim=4|fold=1|reps=3|ent=full,1.2460590000046068,0.6153846153846154,0.48,0.35294117647058826,0.4067796610169492,0.6661506707946336
123,4,4,1,3,full,10.0,364,91,seed=123|dim=4|fold=1|reps=3|ent=full,1.2460590000046068,0.6153846153846154,0.4838709677419355,0.4411764705882353,0.46153846153846156,0.6326109391124871
123,4,4,1,3,full,100.0,364,91,seed=123|dim=4|fold=1|reps=3|ent=full,1.2460590000046068,0.5824175824175825,0.4444444444444444,0.47058823529411764,0.45714285714285713,0.5521155830753355
123,4,4,2,1,linear,0.01,364,91,seed=123|dim=4|fold=2|reps=1|ent=linear,0.3100537999998778,0.6263736263736264,0.0,0.0,0.0,0.9097007223942208
123,4,4,2,1,linear,0.1,364,91,seed=123|dim=4|fold=2|reps=1|ent=linear,0.3100537999998778,0.6373626373626373,1.0,0.029411764705882353,0.05714285714285714,0.9097007223942208
123,4,4,2,1,linear,1.0,364,91,seed=123|dim=4|fold=2|reps=1|ent=linear,0.3100537999998778,0.8351648351648352,0.88,0.6470588235294118,0.7457627118644068,0.9370485036119711
123,4,4,2,1,linear,10.0,364,91,seed=123|dim=4|fold=2|reps=1|ent=linear,0.3100537999998778,0.8241758241758241,0.8214285714285714,0.6764705882352942,0.7419354838709677,0.8983488132094943
123,4,4,2,1,linear,100.0,364,91,seed=123|dim=4|fold=2|reps=1|ent=linear,0.3100537999998778,0.7912087912087912,0.8,0.5882352941176471,0.6779661016949152,0.826109391124871
123,4,4,2,1,full,0.01,364,91,seed=123|dim=4|fold=2|reps=1|ent=full,0.427109999996901,0.6263736263736264,0.0,0.0,0.0,0.9313725490196079
123,4,4,2,1,full,0.1,364,91,seed=123|dim=4|fold=2|reps=1|ent=full,0.427109999996901,0.6263736263736264,0.0,0.0,0.0,0.9318885448916409
123,4,4,2,1,full,1.0,364,91,seed=123|dim=4|fold=2|reps=1|ent=full,0.427109999996901,0.8901098901098901,0.9,0.7941176470588235,0.84375,0.9602683178534572
123,4,4,2,1,full,10.0,364,91,seed=123|dim=4|fold=2|reps=1|ent=full,0.427109999996901,0.8571428571428571,0.8387096774193549,0.7647058823529411,0.8,0.9427244582043344
123,4,4,2,1,full,100.0,364,91,seed=123|dim=4|fold=2|reps=1|ent=full,0.427109999996901,0.8241758241758241,0.78125,0.7352941176470589,0.7575757575757576,0.9117647058823529
123,4,4,2,2,linear,0.01,364,91,seed=123|dim=4|fold=2|reps=2|ent=linear,0.5580501000004006,0.6263736263736264,0.0,0.0,0.0,0.8121775025799793
123,4,4,2,2,linear,0.1,364,91,seed=123|dim=4|fold=2|reps=2|ent=linear,0.5580501000004006,0.6263736263736264,0.0,0.0,0.0,0.8111455108359134
123,4,4,2,2,linear,1.0,364,91,seed=123|dim=4|fold=2|reps=2|ent=linear,0.5580501000004006,0.7912087912087912,0.8,0.5882352941176471,0.6779661016949152,0.8348813209494325
123,4,4,2,2,linear,10.0,364,91,seed=123|dim=4|fold=2|reps=2|ent=linear,0.5580501000004006,0.7912087912087912,0.7586206896551724,0.6470588235294118,0.6984126984126984,0.8395252837977296
123,4,4,2,2,linear,100.0,364,91,seed=123|dim=4|fold=2|reps=2|ent=linear,0.5580501000004006,0.7802197802197802,0.7333333333333333,0.6470588235294118,0.6875,0.8235294117647058
123,4,4,2,2,full,0.01,364,91,seed=123|dim=4|fold=2|reps=2|ent=full,0.8016997000013362,0.6263736263736264,0.0,0.0,0.0,0.7868937048503613
123,4,4,2,2,full,0.1,364,91,seed=123|dim=4|fold=2|reps=2|ent=full,0.8016997000013362,0.6263736263736264,0.0,0.0,0.0,0.7879256965944272
123,4,4,2,2,full,1.0,364,91,seed=123|dim=4|fold=2|reps=2|ent=full,0.8016997000013362,0.7472527472527473,0.6896551724137931,0.5882352941176471,0.6349206349206349,0.8121775025799793
123,4,4,2,2,full,10.0,364,91,seed=123|dim=4|fold=2|reps=2|ent=full,0.8016997000013362,0.7582417582417582,0.65,0.7647058823529411,0.7027027027027027,0.8199174406604747
123,4,4,2,2,full,100.0,364,91,seed=123|dim=4|fold=2|reps=2|ent=full,0.8016997000013362,0.7252747252747253,0.6285714285714286,0.6470588235294118,0.6376811594202898,0.7951496388028896
123,4,4,2,3,linear,0.01,364,91,seed=123|dim=4|fold=2|reps=3|ent=linear,0.7850551000010455,0.6263736263736264,0.0,0.0,0.0,0.8333333333333334
123,4,4,2,3,linear,0.1,364,91,seed=123|dim=4|fold=2|reps=3|ent=linear,0.7850551000010455,0.6263736263736264,0.0,0.0,0.0,0.8338493292053664
123,4,4,2,3,linear,1.0,364,91,seed=123|dim=4|fold=2|reps=3|ent=linear,0.7850551000010455,0.8351648351648352,0.88,0.6470588235294118,0.7457627118644068,0.82765737874097
123,4,4,2,3,linear,10.0,364,91,seed=123|dim=4|fold=2|reps=3|ent=linear,0.7850551000010455,0.8241758241758241,0.78125,0.7352941176470589,0.7575757575757576,0.8018575851393188
123,4,4,2,3,linear,100.0,364,91,seed=123|dim=4|fold=2|reps=3|ent=linear,0.7850551000010455,0.7802197802197802,0.71875,0.6764705882352942,0.696969696969697,0.8116615067079463
123,4,4,2,3,full,0.01,364,91,seed=123|dim=4|fold=2|reps=3|ent=full,1.1566520000051241,0.6263736263736264,0.0,0.0,0.0,0.6826625386996904
123,4,4,2,3,full,0.1,364,91,seed=123|dim=4|fold=2|reps=3|ent=full,1.1566520000051241,0.6263736263736264,0.0,0.0,0.0,0.6816305469556243
123,4,4,2,3,full,1.0,364,91,seed=123|dim=4|fold=2|reps=3|ent=full,1.1566520000051241,0.6483516483516484,0.5454545454545454,0.35294117647058826,0.42857142857142855,0.676986584107327
123,4,4,2,3,full,10.0,364,91,seed=123|dim=4|fold=2|reps=3|ent=full,1.1566520000051241,0.6483516483516484,0.5357142857142857,0.4411764705882353,0.4838709677419355,0.6470588235294118
123,4,4,2,3,full,100.0,364,91,seed=123|dim=4|fold=2|reps=3|ent=full,1.1566520000051241,0.6153846153846154,0.4827586206896552,0.4117647058823529,0.4444444444444444,0.6124871001031992
123,4,4,3,1,linear,0.01,364,91,seed=123|dim=4|fold=3|reps=1|ent=linear,0.30470120000245515,0.6263736263736264,0.0,0.0,0.0,0.9287925696594427
123,4,4,3,1,linear,0.1,364,91,seed=123|dim=4|fold=3|reps=1|ent=linear,0.30470120000245515,0.6703296703296703,1.0,0.11764705882352941,0.21052631578947367,0.9287925696594427
123,4,4,3,1,linear,1.0,364,91,seed=123|dim=4|fold=3|reps=1|ent=linear,0.30470120000245515,0.8241758241758241,0.75,0.7941176470588235,0.7714285714285715,0.9287925696594428
123,4,4,3,1,linear,10.0,364,91,seed=123|dim=4|fold=3|reps=1|ent=linear,0.30470120000245515,0.8351648351648352,0.7567567567567568,0.8235294117647058,0.7887323943661971,0.9091847265221878
123,4,4,3,1,linear,100.0,364,91,seed=123|dim=4|fold=3|reps=1|ent=linear,0.30470120000245515,0.8241758241758241,0.75,0.7941176470588235,0.7714285714285715,0.8911248710010319
123,4,4,3,1,full,0.01,364,91,seed=123|dim=4|fold=3|reps=1|ent=full,0.4298105000052601,0.6263736263736264,0.0,0.0,0.0,0.9736842105263159
123,4,4,3,1,full,0.1,364,91,seed=123|dim=4|fold=3|reps=1|ent=full,0.4298105000052601,0.7252747252747253,1.0,0.2647058823529412,0.4186046511627907,0.9742002063983488
123,4,4,3,1,full,1.0,364,91,seed=123|dim=4|fold=3|reps=1|ent=full,0.4298105000052601,0.9010989010989011,0.8571428571428571,0.8823529411764706,0.8695652173913043,0.9803921568627452
123,4,4,3,1,full,10.0,364,91,seed=123|dim=4|fold=3|reps=1|ent=full,0.4298105000052601,0.8901098901098901,0.8157894736842105,0.9117647058823529,0.8611111111111112,0.9545923632610939
123,4,4,3,1,full,100.0,364,91,seed=123|dim=4|fold=3|reps=1|ent=full,0.4298105000052601,0.8241758241758241,0.75,0.7941176470588235,0.7714285714285715,0.9148606811145511
123,4,4,3,2,linear,0.01,364,91,seed=123|dim=4|fold=3|reps=2|ent=linear,0.5518430000010994,0.6263736263736264,0.0,0.0,0.0,0.8194014447884417
123,4,4,3,2,linear,0.1,364,91,seed=123|dim=4|fold=3|reps=2|ent=linear,0.5518430000010994,0.6263736263736264,0.0,0.0,0.0,0.8157894736842105
123,4,4,3,2,linear,1.0,364,91,seed=123|dim=4|fold=3|reps=2|ent=linear,0.5518430000010994,0.7472527472527473,0.7391304347826086,0.5,0.5964912280701754,0.8111455108359134
123,4,4,3,2,linear,10.0,364,91,seed=123|dim=4|fold=3|reps=2|ent=linear,0.5518430000010994,0.7142857142857143,0.6176470588235294,0.6176470588235294,0.6176470588235294,0.7543859649122807
123,4,4,3,2,linear,100.0,364,91,seed=123|dim=4|fold=3|reps=2|ent=linear,0.5518430000010994,0.7362637362637363,0.6388888888888888,0.6764705882352942,0.6571428571428571,0.7837977296181631
123,4,4,3,2,full,0.01,364,91,seed=123|dim=4|fold=3|reps=2|ent=full,0.8073306000005687,0.6263736263736264,0.0,0.0,0.0,0.8245614035087719
123,4,4,3,2,full,0.1,364,91,seed=123|dim=4|fold=3|reps=2|ent=full,0.8073306000005687,0.6263736263736264,0.0,0.0,0.0,0.825593395252838
123,4,4,3,2,full,1.0,364,91,seed=123|dim=4|fold=3|reps=2|ent=full,0.8073306000005687,0.7252747252747253,0.6285714285714286,0.6470588235294118,0.6376811594202898,0.826109391124871
123,4,4,3,2,full,10.0,364,91,seed=123|dim=4|fold=3|reps=2|ent=full,0.8073306000005687,0.7692307692307693,0.6756756756756757,0.7352941176470589,0.704225352112676,0.7868937048503611
123,4,4,3,2,full,100.0,364,91,seed=123|dim=4|fold=3|reps=2|ent=full,0.8073306000005687,0.6483516483516484,0.5277777777777778,0.5588235294117647,0.5428571428571428,0.7425180598555212
123,4,4,3,3,linear,0.01,364,91,seed=123|dim=4|fold=3|reps=3|ent=linear,0.7869950999956927,0.6263736263736264,0.0,0.0,0.0,0.8286893704850361
123,4,4,3,3,linear,0.1,364,91,seed=123|dim=4|fold=3|reps=3|ent=linear,0.7869950999956927,0.6263736263736264,0.0,0.0,0.0,0.8281733746130031
123,4,4,3,3,linear,1.0,364,91,seed=123|dim=4|fold=3|reps=3|ent=linear,0.7869950999956927,0.7472527472527473,0.7037037037037037,0.5588235294117647,0.6229508196721312,0.8348813209494323
123,4,4,3,3,linear,10.0,364,91,seed=123|dim=4|fold=3|reps=3|ent=linear,0.7869950999956927,0.7252747252747253,0.6216216216216216,0.6764705882352942,0.647887323943662,0.7708978328173374
123,4,4,3,3,linear,100.0,364,91,seed=123|dim=4|fold=3|reps=3|ent=linear,0.7869950999956927,0.7362637362637363,0.65625,0.6176470588235294,0.6363636363636364,0.7507739938080495
123,4,4,3,3,full,0.01,364,91,seed=123|dim=4|fold=3|reps=3|ent=full,1.1750574999969103,0.6263736263736264,0.0,0.0,0.0,0.8276573787409701
123,4,4,3,3,full,0.1,364,91,seed=123|dim=4|fold=3|reps=3|ent=full,1.1750574999969103,0.6263736263736264,0.0,0.0,0.0,0.8281733746130031
123,4,4,3,3,full,1.0,364,91,seed=123|dim=4|fold=3|reps=3|ent=full,1.1750574999969103,0.7582417582417582,0.7142857142857143,0.5882352941176471,0.6451612903225806,0.8095975232198143
123,4,4,3,3,full,10.0,364,91,seed=123|dim=4|fold=3|reps=3|ent=full,1.1750574999969103,0.6703296703296703,0.5588235294117647,0.5588235294117647,0.5588235294117647,0.7167182662538699
123,4,4,3,3,full,100.0,364,91,seed=123|dim=4|fold=3|reps=3|ent=full,1.1750574999969103,0.6593406593406593,0.5384615384615384,0.6176470588235294,0.5753424657534246,0.6976264189886482
123,4,4,4,1,linear,0.01,364,91,seed=123|dim=4|fold=4|reps=1|ent=linear,0.30606389999593375,0.6263736263736264,0.0,0.0,0.0,0.849329205366357
123,4,4,4,1,linear,0.1,364,91,seed=123|dim=4|fold=4|reps=1|ent=linear,0.30606389999593375,0.7252747252747253,0.9090909090909091,0.29411764705882354,0.4444444444444444,0.8482972136222909
123,4,4,4,1,linear,1.0,364,91,seed=123|dim=4|fold=4|reps=1|ent=linear,0.30606389999593375,0.8131868131868132,0.7741935483870968,0.7058823529411765,0.7384615384615385,0.8503611971104231
123,4,4,4,1,linear,10.0,364,91,seed=123|dim=4|fold=4|reps=1|ent=linear,0.30606389999593375,0.8021978021978022,0.75,0.7058823529411765,0.7272727272727273,0.846749226006192
123,4,4,4,1,linear,100.0,364,91,seed=123|dim=4|fold=4|reps=1|ent=linear,0.30606389999593375,0.7692307692307693,0.6857142857142857,0.7058823529411765,0.6956521739130435,0.8235294117647058
123,4,4,4,1,full,0.01,364,91,seed=123|dim=4|fold=4|reps=1|ent=full,0.43488800000341143,0.6263736263736264,0.0,0.0,0.0,0.934468524251806
123,4,4,4,1,full,0.1,364,91,seed=123|dim=4|fold=4|reps=1|ent=full,0.43488800000341143,0.6923076923076923,1.0,0.17647058823529413,0.3,0.9339525283797729
123,4,4,4,1,full,1.0,364,91,seed=123|dim=4|fold=4|reps=1|ent=full,0.43488800000341143,0.8681318681318682,0.8235294117647058,0.8235294117647058,0.8235294117647058,0.9308565531475748
123,4,4,4,1,full,10.0,364,91,seed=123|dim=4|fold=4|reps=1|ent=full,0.43488800000341143,0.8351648351648352,0.7714285714285715,0.7941176470588235,0.782608695652174,0.8931888544891641
123,4,4,4,1,full,100.0,364,91,seed=123|dim=4|fold=4|reps=1|ent=full,0.43488800000341143,0.8241758241758241,0.75,0.7941176470588235,0.7714285714285715,0.8555211558307534
123,4,4,4,2,linear,0.01,364,91,seed=123|dim=4|fold=4|reps=2|ent=linear,0.5444573999993736,0.6263736263736264,0.0,0.0,0.0,0.8235294117647058
123,4,4,4,2,linear,0.1,364,91,seed=123|dim=4|fold=4|reps=2|ent=linear,0.5444573999993736,0.6263736263736264,0.0,0.0,0.0,0.8224974200206399
123,4,4,4,2,linear,1.0,364,91,seed=123|dim=4|fold=4|reps=2|ent=linear,0.5444573999993736,0.7032967032967034,0.6206896551724138,0.5294117647058824,0.5714285714285714,0.8178534571723426
123,4,4,4,2,linear,10.0,364,91,seed=123|dim=4|fold=4|reps=2|ent=linear,0.5444573999993736,0.6923076923076923,0.59375,0.5588235294117647,0.5757575757575758,0.762641898864809
123,4,4,4,2,linear,100.0,364,91,seed=123|dim=4|fold=4|reps=2|ent=linear,0.5444573999993736,0.7032967032967034,0.5945945945945946,0.6470588235294118,0.6197183098591549,0.7471620227038184
123,4,4,4,2,full,0.01,364,91,seed=123|dim=4|fold=4|reps=2|ent=full,0.8013553999990108,0.6263736263736264,0.0,0.0,0.0,0.8410732714138287
123,4,4,4,2,full,0.1,364,91,seed=123|dim=4|fold=4|reps=2|ent=full,0.8013553999990108,0.6263736263736264,0.0,0.0,0.0,0.8426212590299278
123,4,4,4,2,full,1.0,364,91,seed=123|dim=4|fold=4|reps=2|ent=full,0.8013553999990108,0.7252747252747253,0.7142857142857143,0.4411764705882353,0.5454545454545454,0.8168214654282766
123,4,4,4,2,full,10.0,364,91,seed=123|dim=4|fold=4|reps=2|ent=full,0.8013553999990108,0.8021978021978022,0.7222222222222222,0.7647058823529411,0.7428571428571429,0.8286893704850361
123,4,4,4,2,full,100.0,364,91,seed=123|dim=4|fold=4|reps=2|ent=full,0.8013553999990108,0.7912087912087912,0.7027027027027027,0.7647058823529411,0.7323943661971831,0.848297213622291
123,4,4,4,3,linear,0.01,364,91,seed=123|dim=4|fold=4|reps=3|ent=linear,0.796617599997262,0.6263736263736264,0.0,0.0,0.0,0.8735810113519091
123,4,4,4,3,linear,0.1,364,91,seed=123|dim=4|fold=4|reps=3|ent=linear,0.796617599997262,0.6263736263736264,0.0,0.0,0.0,0.871517027863777
123,4,4,4,3,linear,1.0,364,91,seed=123|dim=4|fold=4|reps=3|ent=linear,0.796617599997262,0.8021978021978022,0.7666666666666667,0.6764705882352942,0.71875,0.8823529411764706
123,4,4,4,3,linear,10.0,364,91,seed=123|dim=4|fold=4|reps=3|ent=linear,0.796617599997262,0.7692307692307693,0.6666666666666666,0.7647058823529411,0.7123287671232876,0.8679050567595459
123,4,4,4,3,linear,100.0,364,91,seed=123|dim=4|fold=4|reps=3|ent=linear,0.796617599997262,0.7472527472527473,0.627906976744186,0.7941176470588235,0.7012987012987013,0.8405572755417957
123,4,4,4,3,full,0.01,364,91,seed=123|dim=4|fold=4|reps=3|ent=full,1.1647864999977173,0.6263736263736264,0.0,0.0,0.0,0.6331269349845202
123,4,4,4,3,full,0.1,364,91,seed=123|dim=4|fold=4|reps=3|ent=full,1.1647864999977173,0.6263736263736264,0.0,0.0,0.0,0.6326109391124871
123,4,4,4,3,full,1.0,364,91,seed=123|dim=4|fold=4|reps=3|ent=full,1.1647864999977173,0.6703296703296703,0.625,0.29411764705882354,0.4,0.6429308565531476
123,4,4,4,3,full,10.0,364,91,seed=123|dim=4|fold=4|reps=3|ent=full,1.1647864999977173,0.6483516483516484,0.5294117647058824,0.5294117647058824,0.5294117647058824,0.6455108359133127
123,4,4,4,3,full,100.0,364,91,seed=123|dim=4|fold=4|reps=3|ent=full,1.1647864999977173,0.6153846153846154,0.4864864864864865,0.5294117647058824,0.5070422535211268,0.6496388028895769
123,4,4,5,1,linear,0.01,364,91,seed=123|dim=4|fold=5|reps=1|ent=linear,0.30511149999802,0.6263736263736264,0.0,0.0,0.0,0.9385964912280702
123,4,4,5,1,linear,0.1,364,91,seed=123|dim=4|fold=5|reps=1|ent=linear,0.30511149999802,0.7032967032967034,1.0,0.20588235294117646,0.34146341463414637,0.9391124871001031
123,4,4,5,1,linear,1.0,364,91,seed=123|dim=4|fold=5|reps=1|ent=linear,0.30511149999802,0.8571428571428571,0.92,0.6764705882352942,0.7796610169491526,0.9484004127966976
123,4,4,5,1,linear,10.0,364,91,seed=123|dim=4|fold=5|reps=1|ent=linear,0.30511149999802,0.8571428571428571,0.8181818181818182,0.7941176470588235,0.8059701492537313,0.9024767801857585
123,4,4,5,1,linear,100.0,364,91,seed=123|dim=4|fold=5|reps=1|ent=linear,0.30511149999802,0.8351648351648352,0.8275862068965517,0.7058823529411765,0.7619047619047619,0.8937048503611972
123,4,4,5,1,full,0.01,364,91,seed=123|dim=4|fold=5|reps=1|ent=full,0.42986289999680594,0.6263736263736264,0.0,0.0,0.0,0.9690402476780186
123,4,4,5,1,full,0.1,364,91,seed=123|dim=4|fold=5|reps=1|ent=full,0.42986289999680594,0.6813186813186813,0.8571428571428571,0.17647058823529413,0.2926829268292683,0.9695562435500515
123,4,4,5,1,full,1.0,364,91,seed=123|dim=4|fold=5|reps=1|ent=full,0.42986289999680594,0.8901098901098901,0.9285714285714286,0.7647058823529411,0.8387096774193549,0.954592363261094
123,4,4,5,1,full,10.0,364,91,seed=123|dim=4|fold=5|reps=1|ent=full,0.42986289999680594,0.8791208791208791,0.9259259259259259,0.7352941176470589,0.819672131147541,0.9102167182662538
123,4,4,5,1,full,100.0,364,91,seed=123|dim=4|fold=5|reps=1|ent=full,0.42986289999680594,0.8571428571428571,0.8888888888888888,0.7058823529411765,0.7868852459016393,0.9226006191950464
123,4,4,5,2,linear,0.01,364,91,seed=123|dim=4|fold=5|reps=2|ent=linear,0.537984200003848,0.6263736263736264,0.0,0.0,0.0,0.9241486068111455
123,4,4,5,2,linear,0.1,364,91,seed=123|dim=4|fold=5|reps=2|ent=linear,0.537984200003848,0.6263736263736264,0.0,0.0,0.0,0.9236326109391124
123,4,4,5,2,linear,1.0,364,91,seed=123|dim=4|fold=5|reps=2|ent=linear,0.537984200003848,0.8571428571428571,0.8888888888888888,0.7058823529411765,0.7868852459016393,0.913828689370485
123,4,4,5,2,linear,10.0,364,91,seed=123|dim=4|fold=5|reps=2|ent=linear,0.537984200003848,0.8241758241758241,0.8,0.7058823529411765,0.75,0.8642930856553148
123,4,4,5,2,linear,100.0,364,91,seed=123|dim=4|fold=5|reps=2|ent=linear,0.537984200003848,0.8131868131868132,0.7428571428571429,0.7647058823529411,0.7536231884057971,0.8735810113519092
123,4,4,5,2,full,0.01,364,91,seed=123|dim=4|fold=5|reps=2|ent=full,0.8142177000045194,0.6263736263736264,0.0,0.0,0.0,0.8034055727554179
123,4,4,5,2,full,0.1,364,91,seed=123|dim=4|fold=5|reps=2|ent=full,0.8142177000045194,0.6263736263736264,0.0,0.0,0.0,0.8013415892672859
123,4,4,5,2,full,1.0,364,91,seed=123|dim=4|fold=5|reps=2|ent=full,0.8142177000045194,0.7472527472527473,0.7894736842105263,0.4411764705882353,0.5660377358490566,0.8116615067079463
123,4,4,5,2,full,10.0,364,91,seed=123|dim=4|fold=5|reps=2|ent=full,0.8142177000045194,0.7362637362637363,0.6923076923076923,0.5294117647058824,0.6,0.7863777089783281
123,4,4,5,2,full,100.0,364,91,seed=123|dim=4|fold=5|reps=2|ent=full,0.8142177000045194,0.7032967032967034,0.6296296296296297,0.5,0.5573770491803278,0.7636738906088752
123,4,4,5,3,linear,0.01,364,91,seed=123|dim=4|fold=5|reps=3|ent=linear,0.7982145999994827,0.6263736263736264,0.0,0.0,0.0,0.8735810113519091
123,4,4,5,3,linear,0.1,364,91,seed=123|dim=4|fold=5|reps=3|ent=linear,0.7982145999994827,0.6263736263736264,0.0,0.0,0.0,0.8756449948400413
123,4,4,5,3,linear,1.0,364,91,seed=123|dim=4|fold=5|reps=3|ent=linear,0.7982145999994827,0.7802197802197802,0.7916666666666666,0.5588235294117647,0.6551724137931034,0.8555211558307534
123,4,4,5,3,linear,10.0,364,91,seed=123|dim=4|fold=5|reps=3|ent=linear,0.7982145999994827,0.7692307692307693,0.7407407407407407,0.5882352941176471,0.6557377049180327,0.8307533539731682
123,4,4,5,3,linear,100.0,364,91,seed=123|dim=4|fold=5|reps=3|ent=linear,0.7982145999994827,0.7142857142857143,0.6428571428571429,0.5294117647058824,0.5806451612903226,0.8044375644994841
123,4,4,5,3,full,0.01,364,91,seed=123|dim=4|fold=5|reps=3|ent=full,1.169425300002331,0.6263736263736264,0.0,0.0,0.0,0.7518059855521155
123,4,4,5,3,full,0.1,364,91,seed=123|dim=4|fold=5|reps=3|ent=full,1.169425300002331,0.6263736263736264,0.0,0.0,0.0,0.7512899896800826
123,4,4,5,3,full,1.0,364,91,seed=123|dim=4|fold=5|reps=3|ent=full,1.169425300002331,0.6923076923076923,0.7142857142857143,0.29411764705882354,0.4166666666666667,0.7445820433436533
123,4,4,5,3,full,10.0,364,91,seed=123|dim=4|fold=5|reps=3|ent=full,1.169425300002331,0.6593406593406593,0.5714285714285714,0.35294117647058826,0.43636363636363634,0.650670794633643
123,4,4,5,3,full,100.0,364,91,seed=123|dim=4|fold=5|reps=3|ent=full,1.169425300002331,0.6263736263736264,0.5,0.2647058823529412,0.34615384615384615,0.6424148606811145
456,2,2,1,1,linear,0.01,364,91,seed=456|dim=2|fold=1|reps=1|ent=linear,0.16682880000007572,0.6263736263736264,0.0,0.0,0.0,0.915376676986584
456,2,2,1,1,linear,0.1,364,91,seed=456|dim=2|fold=1|reps=1|ent=linear,0.16682880000007572,0.8571428571428571,0.8,0.8235294117647058,0.8115942028985508,0.9370485036119711
456,2,2,1,1,linear,1.0,364,91,seed=456|dim=2|fold=1|reps=1|ent=linear,0.16682880000007572,0.8901098901098901,0.8333333333333334,0.8823529411764706,0.8571428571428571,0.9633642930856552
456,2,2,1,1,linear,10.0,364,91,seed=456|dim=2|fold=1|reps=1|ent=linear,0.16682880000007572,0.9010989010989011,0.8205128205128205,0.9411764705882353,0.8767123287671232,0.9623323013415893
456,2,2,1,1,linear,100.0,364,91,seed=456|dim=2|fold=1|reps=1|ent=linear,0.16682880000007572,0.8791208791208791,0.7948717948717948,0.9117647058823529,0.8493150684931506,0.9592363261093911
456,2,2,1,2,linear,0.01,364,91,seed=456|dim=2|fold=1|reps=2|ent=linear,0.252937600002042,0.6263736263736264,0.0,0.0,0.0,0.8730650154798762
456,2,2,1,2,linear,0.1,364,91,seed=456|dim=2|fold=1|reps=2|ent=linear,0.252937600002042,0.8021978021978022,0.8333333333333334,0.5882352941176471,0.6896551724137931,0.891124871001032
456,2,2,1,2,linear,1.0,364,91,seed=456|dim=2|fold=1|reps=2|ent=linear,0.252937600002042,0.8021978021978022,0.7352941176470589,0.7352941176470589,0.7352941176470589,0.9066047471620227
456,2,2,1,2,linear,10.0,364,91,seed=456|dim=2|fold=1|reps=2|ent=linear,0.252937600002042,0.8461538461538461,0.8125,0.7647058823529411,0.7878787878787878,0.9205366357069144
456,2,2,1,2,linear,100.0,364,91,seed=456|dim=2|fold=1|reps=2|ent=linear,0.252937600002042,0.8791208791208791,0.8484848484848485,0.8235294117647058,0.835820895522388,0.9215686274509804
456,2,2,1,3,linear,0.01,364,91,seed=456|dim=2|fold=1|reps=3|ent=linear,0.34093379999831086,0.6263736263736264,0.0,0.0,0.0,0.8601651186790505
456,2,2,1,3,linear,0.1,364,91,seed=456|dim=2|fold=1|reps=3|ent=linear,0.34093379999831086,0.7472527472527473,0.7894736842105263,0.4411764705882353,0.5660377358490566,0.871517027863777
456,2,2,1,3,linear,1.0,364,91,seed=456|dim=2|fold=1|reps=3|ent=linear,0.34093379999831086,0.8351648351648352,0.8275862068965517,0.7058823529411765,0.7619047619047619,0.9133126934984521
456,2,2,1,3,linear,10.0,364,91,seed=456|dim=2|fold=1|reps=3|ent=linear,0.34093379999831086,0.8241758241758241,0.78125,0.7352941176470589,0.7575757575757576,0.9102167182662538
456,2,2,1,3,linear,100.0,364,91,seed=456|dim=2|fold=1|reps=3|ent=linear,0.34093379999831086,0.8131868131868132,0.7575757575757576,0.7352941176470589,0.746268656716418,0.9097007223942208
456,2,2,2,1,linear,0.01,364,91,seed=456|dim=2|fold=2|reps=1|ent=linear,0.15061689999856753,0.6263736263736264,0.0,0.0,0.0,0.9716202270381836
456,2,2,2,1,linear,0.1,364,91,seed=456|dim=2|fold=2|reps=1|ent=linear,0.15061689999856753,0.8571428571428571,0.92,0.6764705882352942,0.7796610169491526,0.9809081527347782
456,2,2,2,1,linear,1.0,364,91,seed=456|dim=2|fold=2|reps=1|ent=linear,0.15061689999856753,0.9340659340659341,1.0,0.8235294117647058,0.9032258064516129,0.9912280701754386
456,2,2,2,1,linear,10.0,364,91,seed=456|dim=2|fold=2|reps=1|ent=linear,0.15061689999856753,0.945054945054945,1.0,0.8529411764705882,0.9206349206349206,0.9896800825593396
456,2,2,2,1,linear,100.0,364,91,seed=456|dim=2|fold=2|reps=1|ent=linear,0.15061689999856753,0.945054945054945,0.967741935483871,0.8823529411764706,0.9230769230769231,0.9778121775025799
456,2,2,2,2,linear,0.01,364,91,seed=456|dim=2|fold=2|reps=2|ent=linear,0.2508478000017931,0.6263736263736264,0.0,0.0,0.0,0.957172342621259
456,2,2,2,2,linear,0.1,364,91,seed=456|dim=2|fold=2|reps=2|ent=linear,0.2508478000017931,0.8131868131868132,0.9473684210526315,0.5294117647058824,0.6792452830188679,0.9654282765737874
456,2,2,2,2,linear,1.0,364,91,seed=456|dim=2|fold=2|reps=2|ent=linear,0.2508478000017931,0.8791208791208791,1.0,0.6764705882352942,0.8070175438596491,0.9731682146542828
456,2,2,2,2,linear,10.0,364,91,seed=456|dim=2|fold=2|reps=2|ent=linear,0.2508478000017931,0.9010989010989011,0.9629629629629629,0.7647058823529411,0.8524590163934426,0.9659442724458205
456,2,2,2,2,linear,100.0,364,91,seed=456|dim=2|fold=2|reps=2|ent=linear,0.2508478000017931,0.8791208791208791,0.9259259259259259,0.7352941176470589,0.819672131147541,0.956140350877193
456,2,2,2,3,linear,0.01,364,91,seed=456|dim=2|fold=2|reps=3|ent=linear,0.3366775999966194,0.6263736263736264,0.0,0.0,0.0,0.9174406604747163
456,2,2,2,3,linear,0.1,364,91,seed=456|dim=2|fold=2|reps=3|ent=linear,0.3366775999966194,0.7472527472527473,0.9230769230769231,0.35294117647058826,0.5106382978723404,0.9195046439628483
456,2,2,2,3,linear,1.0,364,91,seed=456|dim=2|fold=2|reps=3|ent=linear,0.3366775999966194,0.8571428571428571,0.92,0.6764705882352942,0.7796610169491526,0.9442724458204335
456,2,2,2,3,linear,10.0,364,91,seed=456|dim=2|fold=2|reps=3|ent=linear,0.3366775999966194,0.9010989010989011,0.9310344827586207,0.7941176470588235,0.8571428571428571,0.9504643962848296
456,2,2,2,3,linear,100.0,364,91,seed=456|dim=2|fold=2|reps=3|ent=linear,0.3366775999966194,0.8901098901098901,0.9,0.7941176470588235,0.84375,0.9437564499484004
456,2,2,3,1,linear,0.01,364,91,seed=456|dim=2|fold=3|reps=1|ent=linear,0.14958659999683732,0.6263736263736264,0.0,0.0,0.0,0.9437564499484005
456,2,2,3,1,linear,0.1,364,91,seed=456|dim=2|fold=3|reps=1|ent=linear,0.14958659999683732,0.8901098901098901,1.0,0.7058823529411765,0.8275862068965517,0.9463364293085654
456,2,2,3,1,linear,1.0,364,91,seed=456|dim=2|fold=3|reps=1|ent=linear,0.14958659999683732,0.8901098901098901,0.9615384615384616,0.7352941176470589,0.8333333333333334,0.956140350877193
456,2,2,3,1,linear,10.0,364,91,seed=456|dim=2|fold=3|reps=1|ent=linear,0.14958659999683732,0.9010989010989011,0.9629629629629629,0.7647058823529411,0.8524590163934426,0.957688338493292
456,2,2,3,1,linear,100.0,364,91,seed=456|dim=2|fold=3|reps=1|ent=linear,0.14958659999683732,0.9010989010989011,0.9629629629629629,0.7647058823529411,0.8524590163934426,0.956656346749226
456,2,2,3,2,linear,0.01,364,91,seed=456|dim=2|fold=3|reps=2|ent=linear,0.24806590000662254,0.6263736263736264,0.0,0.0,0.0,0.9530443756449948
456,2,2,3,2,linear,0.1,364,91,seed=456|dim=2|fold=3|reps=2|ent=linear,0.24806590000662254,0.8241758241758241,0.95,0.5588235294117647,0.7037037037037037,0.9535603715170279
456,2,2,3,2,linear,1.0,364,91,seed=456|dim=2|fold=3|reps=2|ent=linear,0.24806590000662254,0.8571428571428571,0.8888888888888888,0.7058823529411765,0.7868852459016393,0.9231166150670794
456,2,2,3,2,linear,10.0,364,91,seed=456|dim=2|fold=3|reps=2|ent=linear,0.24806590000662254,0.8681318681318682,0.9230769230769231,0.7058823529411765,0.8,0.9226006191950463
456,2,2,3,2,linear,100.0,364,91,seed=456|dim=2|fold=3|reps=2|ent=linear,0.24806590000662254,0.8791208791208791,0.9259259259259259,0.7352941176470589,0.819672131147541,0.9220846233230133
456,2,2,3,3,linear,0.01,364,91,seed=456|dim=2|fold=3|reps=3|ent=linear,0.3407342999998946,0.6263736263736264,0.0,0.0,0.0,0.934984520123839
456,2,2,3,3,linear,0.1,364,91,seed=456|dim=2|fold=3|reps=3|ent=linear,0.3407342999998946,0.8021978021978022,0.8636363636363636,0.5588235294117647,0.6785714285714286,0.9375644994840041
456,2,2,3,3,linear,1.0,364,91,seed=456|dim=2|fold=3|reps=3|ent=linear,0.3407342999998946,0.9120879120879121,0.8823529411764706,0.8823529411764706,0.8823529411764706,0.9638802889576883
456,2,2,3,3,linear,10.0,364,91,seed=456|dim=2|fold=3|reps=3|ent=linear,0.3407342999998946,0.9340659340659341,0.9375,0.8823529411764706,0.9090909090909091,0.956140350877193
456,2,2,3,3,linear,100.0,364,91,seed=456|dim=2|fold=3|reps=3|ent=linear,0.3407342999998946,0.9230769230769231,0.9354838709677419,0.8529411764705882,0.8923076923076924,0.9551083591331269
456,2,2,4,1,linear,0.01,364,91,seed=456|dim=2|fold=4|reps=1|ent=linear,0.14963540000462672,0.6263736263736264,0.0,0.0,0.0,0.9282765737874097
456,2,2,4,1,linear,0.1,364,91,seed=456|dim=2|fold=4|reps=1|ent=linear,0.14963540000462672,0.8461538461538461,0.8333333333333334,0.7352941176470589,0.78125,0.956140350877193
456,2,2,4,1,linear,1.0,364,91,seed=456|dim=2|fold=4|reps=1|ent=linear,0.14963540000462672,0.8901098901098901,0.9,0.7941176470588235,0.84375,0.9669762641898865
456,2,2,4,1,linear,10.0,364,91,seed=456|dim=2|fold=4|reps=1|ent=linear,0.14963540000462672,0.8571428571428571,0.8387096774193549,0.7647058823529411,0.8,0.9509803921568627
456,2,2,4,1,linear,100.0,364,91,seed=456|dim=2|fold=4|reps=1|ent=linear,0.14963540000462672,0.8461538461538461,0.8125,0.7647058823529411,0.7878787878787878,0.9499484004127967
456,2,2,4,2,linear,0.01,364,91,seed=456|dim=2|fold=4|reps=2|ent=linear,0.24592919999849983,0.6263736263736264,0.0,0.0,0.0,0.9081527347781218
456,2,2,4,2,linear,0.1,364,91,seed=456|dim=2|fold=4|reps=2|ent=linear,0.24592919999849983,0.8351648351648352,0.8518518518518519,0.6764705882352942,0.7540983606557377,0.9210526315789473
456,2,2,4,2,linear,1.0,364,91,seed=456|dim=2|fold=4|reps=2|ent=linear,0.24592919999849983,0.8571428571428571,0.8387096774193549,0.7647058823529411,0.8,0.9416924664602684
456,2,2,4,2,linear,10.0,364,91,seed=456|dim=2|fold=4|reps=2|ent=linear,0.24592919999849983,0.8461538461538461,0.8125,0.7647058823529411,0.7878787878787878,0.9484004127966976
456,2,2,4,2,linear,100.0,364,91,seed=456|dim=2|fold=4|reps=2|ent=linear,0.24592919999849983,0.8461538461538461,0.8125,0.7647058823529411,0.7878787878787878,0.9468524251805985
456,2,2,4,3,linear,0.01,364,91,seed=456|dim=2|fold=4|reps=3|ent=linear,0.3412481999985175,0.6263736263736264,0.0,0.0,0.0,0.8679050567595459
456,2,2,4,3,linear,0.1,364,91,seed=456|dim=2|fold=4|reps=3|ent=linear,0.3412481999985175,0.8021978021978022,0.8636363636363636,0.5588235294117647,0.6785714285714286,0.8658410732714138
456,2,2,4,3,linear,1.0,364,91,seed=456|dim=2|fold=4|reps=3|ent=linear,0.3412481999985175,0.8241758241758241,0.78125,0.7352941176470589,0.7575757575757576,0.8720330237358102
456,2,2,4,3,linear,10.0,364,91,seed=456|dim=2|fold=4|reps=3|ent=linear,0.3412481999985175,0.8241758241758241,0.78125,0.7352941176470589,0.7575757575757576,0.8482972136222909
456,2,2,4,3,linear,100.0,364,91,seed=456|dim=2|fold=4|reps=3|ent=linear,0.3412481999985175,0.8131868131868132,0.7575757575757576,0.7352941176470589,0.746268656716418,0.8359133126934986
456,2,2,5,1,linear,0.01,364,91,seed=456|dim=2|fold=5|reps=1|ent=linear,0.15138679999654414,0.6263736263736264,0.0,0.0,0.0,0.9726522187822497
456,2,2,5,1,linear,0.1,364,91,seed=456|dim=2|fold=5|reps=1|ent=linear,0.15138679999654414,0.9560439560439561,1.0,0.8823529411764706,0.9375,0.9638802889576884
456,2,2,5,1,linear,1.0,364,91,seed=456|dim=2|fold=5|reps=1|ent=linear,0.15138679999654414,0.9560439560439561,0.96875,0.9117647058823529,0.9393939393939394,0.9607843137254901
456,2,2,5,1,linear,10.0,364,91,seed=456|dim=2|fold=5|reps=1|ent=linear,0.15138679999654414,0.945054945054945,0.9393939393939394,0.9117647058823529,0.9253731343283582,0.9607843137254902
456,2,2,5,1,linear,100.0,364,91,seed=456|dim=2|fold=5|reps=1|ent=linear,0.15138679999654414,0.945054945054945,0.9142857142857143,0.9411764705882353,0.927536231884058,0.9623323013415892
456,2,2,5,2,linear,0.01,364,91,seed=456|dim=2|fold=5|reps=2|ent=linear,0.24945120000484167,0.6263736263736264,0.0,0.0,0.0,0.9530443756449948
456,2,2,5,2,linear,0.1,364,91,seed=456|dim=2|fold=5|reps=2|ent=linear,0.24945120000484167,0.9120879120879121,0.9333333333333333,0.8235294117647058,0.875,0.95562435500516
456,2,2,5,2,linear,1.0,364,91,seed=456|dim=2|fold=5|reps=2|ent=linear,0.24945120000484167,0.9230769230769231,0.9090909090909091,0.8823529411764706,0.8955223880597015,0.9416924664602684
456,2,2,5,2,linear,10.0,364,91,seed=456|dim=2|fold=5|reps=2|ent=linear,0.24945120000484167,0.9230769230769231,0.8857142857142857,0.9117647058823529,0.8985507246376812,0.9509803921568628
456,2,2,5,2,linear,100.0,364,91,seed=456|dim=2|fold=5|reps=2|ent=linear,0.24945120000484167,0.9230769230769231,0.8857142857142857,0.9117647058823529,0.8985507246376812,0.9514963880288958
456,2,2,5,3,linear,0.01,364,91,seed=456|dim=2|fold=5|reps=3|ent=linear,0.33809630000178004,0.6263736263736264,0.0,0.0,0.0,0.8921568627450981
456,2,2,5,3,linear,0.1,364,91,seed=456|dim=2|fold=5|reps=3|ent=linear,0.33809630000178004,0.7032967032967034,0.8888888888888888,0.23529411764705882,0.37209302325581395,0.891640866873065
456,2,2,5,3,linear,1.0,364,91,seed=456|dim=2|fold=5|reps=3|ent=linear,0.33809630000178004,0.8351648351648352,0.9523809523809523,0.5882352941176471,0.7272727272727273,0.9035087719298246
456,2,2,5,3,linear,10.0,364,91,seed=456|dim=2|fold=5|reps=3|ent=linear,0.33809630000178004,0.8901098901098901,0.9615384615384616,0.7352941176470589,0.8333333333333334,0.9313725490196078
456,2,2,5,3,linear,100.0,364,91,seed=456|dim=2|fold=5|reps=3|ent=linear,0.33809630000178004,0.9120879120879121,0.9333333333333333,0.8235294117647058,0.875,0.9308565531475749
456,4,4,1,1,linear,0.01,364,91,seed=456|dim=4|fold=1|reps=1|ent=linear,0.3008073000019067,0.6263736263736264,0.0,0.0,0.0,0.9040247678018576
456,4,4,1,1,linear,0.1,364,91,seed=456|dim=4|fold=1|reps=1|ent=linear,0.3008073000019067,0.6923076923076923,1.0,0.17647058823529413,0.3,0.9035087719298245
456,4,4,1,1,linear,1.0,364,91,seed=456|dim=4|fold=1|reps=1|ent=linear,0.3008073000019067,0.8351648351648352,0.8275862068965517,0.7058823529411765,0.7619047619047619,0.9153766769865841
456,4,4,1,1,linear,10.0,364,91,seed=456|dim=4|fold=1|reps=1|ent=linear,0.3008073000019067,0.8021978021978022,0.7352941176470589,0.7352941176470589,0.7352941176470589,0.87203302373581
456,4,4,1,1,linear,100.0,364,91,seed=456|dim=4|fold=1|reps=1|ent=linear,0.3008073000019067,0.8461538461538461,0.7941176470588235,0.7941176470588235,0.7941176470588235,0.8710010319917441
456,4,4,1,1,full,0.01,364,91,seed=456|dim=4|fold=1|reps=1|ent=full,0.42898759999661706,0.6263736263736264,0.0,0.0,0.0,0.9442724458204335
456,4,4,1,1,full,0.1,364,91,seed=456|dim=4|fold=1|reps=1|ent=full,0.42898759999661706,0.7472527472527473,1.0,0.3235294117647059,0.4888888888888889,0.9442724458204335
456,4,4,1,1,full,1.0,364,91,seed=456|dim=4|fold=1|reps=1|ent=full,0.42898759999661706,0.8461538461538461,0.7941176470588235,0.7941176470588235,0.7941176470588235,0.9484004127966976
456,4,4,1,1,full,10.0,364,91,seed=456|dim=4|fold=1|reps=1|ent=full,0.42898759999661706,0.8571428571428571,0.8,0.8235294117647058,0.8115942028985508,0.9107327141382868
456,4,4,1,1,full,100.0,364,91,seed=456|dim=4|fold=1|reps=1|ent=full,0.42898759999661706,0.8131868131868132,0.7073170731707317,0.8529411764705882,0.7733333333333333,0.8983488132094943
456,4,4,1,2,linear,0.01,364,91,seed=456|dim=4|fold=1|reps=2|ent=linear,0.5398036000042339,0.6263736263736264,0.0,0.0,0.0,0.826625386996904
456,4,4,1,2,linear,0.1,364,91,seed=456|dim=4|fold=1|reps=2|ent=linear,0.5398036000042339,0.6263736263736264,0.0,0.0,0.0,0.826625386996904
456,4,4,1,2,linear,1.0,364,91,seed=456|dim=4|fold=1|reps=2|ent=linear,0.5398036000042339,0.7252747252747253,0.6666666666666666,0.5294117647058824,0.5901639344262295,0.8106295149638802
456,4,4,1,2,linear,10.0,364,91,seed=456|dim=4|fold=1|reps=2|ent=linear,0.5398036000042339,0.7472527472527473,0.6774193548387096,0.6176470588235294,0.6461538461538462,0.7146542827657377
456,4,4,1,2,linear,100.0,364,91,seed=456|dim=4|fold=1|reps=2|ent=linear,0.5398036000042339,0.7032967032967034,0.6129032258064516,0.5588235294117647,0.5846153846153846,0.7234262125902994
456,4,4,1,2,full,0.01,364,91,seed=456|dim=4|fold=1|reps=2|ent=full,0.7904173999995692,0.6263736263736264,0.0,0.0,0.0,0.8188854489164087
456,4,4,1,2,full,0.1,364,91,seed=456|dim=4|fold=1|reps=2|ent=full,0.7904173999995692,0.6263736263736264,0.0,0.0,0.0,0.8178534571723427
456,4,4,1,2,full,1.0,364,91,seed=456|dim=4|fold=1|reps=2|ent=full,0.7904173999995692,0.7362637362637363,0.6785714285714286,0.5588235294117647,0.6129032258064516,0.827141382868937
456,4,4,1,2,full,10.0,364,91,seed=456|dim=4|fold=1|reps=2|ent=full,0.7904173999995692,0.7142857142857143,0.6,0.7058823529411765,0.6486486486486487,0.7765737874097007
456,4,4,1,2,full,100.0,364,91,seed=456|dim=4|fold=1|reps=2|ent=full,0.7904173999995692,0.7362637362637363,0.631578947368421,0.7058823529411765,0.6666666666666666,0.759029927760578
456,4,4,1,3,linear,0.01,364,91,seed=456|dim=4|fold=1|reps=3|ent=linear,0.7800758000012138,0.6263736263736264,0.0,0.0,0.0,0.8606811145510835
456,4,4,1,3,linear,0.1,364,91,seed=456|dim=4|fold=1|reps=3|ent=linear,0.7800758000012138,0.6263736263736264,0.0,0.0,0.0,0.8601651186790507
456,4,4,1,3,linear,1.0,364,91,seed=456|dim=4|fold=1|reps=3|ent=linear,0.7800758000012138,0.7802197802197802,0.71875,0.6764705882352942,0.696969696969697,0.848813209494324
456,4,4,1,3,linear,10.0,364,91,seed=456|dim=4|fold=1|reps=3|ent=linear,0.7800758000012138,0.7582417582417582,0.6578947368421053,0.7352941176470589,0.6944444444444444,0.8312693498452012
456,4,4,1,3,linear,100.0,364,91,seed=456|dim=4|fold=1|reps=3|ent=linear,0.7800758000012138,0.7472527472527473,0.6410256410256411,0.7352941176470589,0.684931506849315,0.8348813209494325
456,4,4,1,3,full,0.01,364,91,seed=456|dim=4|fold=1|reps=3|ent=full,1.172075100002985,0.6263736263736264,0.0,0.0,0.0,0.7327141382868938
456,4,4,1,3,full,0.1,364,91,seed=456|dim=4|fold=1|reps=3|ent=full,1.172075100002985,0.6263736263736264,0.0,0.0,0.0,0.7316821465428276
456,4,4,1,3,full,1.0,364,91,seed=456|dim=4|fold=1|reps=3|ent=full,1.172075100002985,0.7142857142857143,0.6666666666666666,0.47058823529411764,0.5517241379310345,0.7249742002063984
456,4,4,1,3,full,10.0,364,91,seed=456|dim=4|fold=1|reps=3|ent=full,1.172075100002985,0.6813186813186813,0.5757575757575758,0.5588235294117647,0.5671641791044776,0.7053663570691434
456,4,4,1,3,full,100.0,364,91,seed=456|dim=4|fold=1|reps=3|ent=full,1.172075100002985,0.6593406593406593,0.5483870967741935,0.5,0.5230769230769231,0.6924664602683179
456,4,4,2,1,linear,0.01,364,91,seed=456|dim=4|fold=2|reps=1|ent=linear,0.3025712999951793,0.6263736263736264,0.0,0.0,0.0,0.956140350877193
456,4,4,2,1,linear,0.1,364,91,seed=456|dim=4|fold=2|reps=1|ent=linear,0.3025712999951793,0.7142857142857143,1.0,0.23529411764705882,0.38095238095238093,0.957172342621259
456,4,4,2,1,linear,1.0,364,91,seed=456|dim=4|fold=2|reps=1|ent=linear,0.3025712999951793,0.9340659340659341,0.9666666666666667,0.8529411764705882,0.90625,0.9432404540763674
456,4,4,2,1,linear,10.0,364,91,seed=456|dim=4|fold=2|reps=1|ent=linear,0.3025712999951793,0.8461538461538461,0.8846153846153846,0.6764705882352942,0.7666666666666667,0.891124871001032
456,4,4,2,1,linear,100.0,364,91,seed=456|dim=4|fold=2|reps=1|ent=linear,0.3025712999951793,0.7912087912087912,0.7419354838709677,0.6764705882352942,0.7076923076923077,0.8601651186790507
456,4,4,2,1,full,0.01,364,91,seed=456|dim=4|fold=2|reps=1|ent=full,0.45293430000310764,0.6263736263736264,0.0,0.0,0.0,0.9664602683178535
456,4,4,2,1,full,0.1,364,91,seed=456|dim=4|fold=2|reps=1|ent=full,0.45293430000310764,0.7142857142857143,1.0,0.23529411764705882,0.38095238095238093,0.9669762641898865
456,4,4,2,1,full,1.0,364,91,seed=456|dim=4|fold=2|reps=1|ent=full,0.45293430000310764,0.9340659340659341,0.9666666666666667,0.8529411764705882,0.90625,0.9613003095975232
456,4,4,2,1,full,10.0,364,91,seed=456|dim=4|fold=2|reps=1|ent=full,0.45293430000310764,0.8461538461538461,0.8125,0.7647058823529411,0.7878787878787878,0.9427244582043344
456,4,4,2,1,full,100.0,364,91,seed=456|dim=4|fold=2|reps=1|ent=full,0.45293430000310764,0.8351648351648352,0.7878787878787878,0.7647058823529411,0.7761194029850746,0.9174406604747163
456,4,4,2,2,linear,0.01,364,91,seed=456|dim=4|fold=2|reps=2|ent=linear,0.548948499999824,0.6263736263736264,0.0,0.0,0.0,0.8777089783281733
456,4,4,2,2,linear,0.1,364,91,seed=456|dim=4|fold=2|reps=2|ent=linear,0.548948499999824,0.6373626373626373,1.0,0.029411764705882353,0.05714285714285714,0.8771929824561403
456,4,4,2,2,linear,1.0,364,91,seed=456|dim=4|fold=2|reps=2|ent=linear,0.548948499999824,0.8681318681318682,0.8666666666666667,0.7647058823529411,0.8125,0.8751289989680082
456,4,4,2,2,linear,10.0,364,91,seed=456|dim=4|fold=2|reps=2|ent=linear,0.548948499999824,0.8351648351648352,0.8064516129032258,0.7352941176470589,0.7692307692307693,0.8302373581011353
456,4,4,2,2,linear,100.0,364,91,seed=456|dim=4|fold=2|reps=2|ent=linear,0.548948499999824,0.8131868131868132,0.7575757575757576,0.7352941176470589,0.746268656716418,0.8323013415892673
456,4,4,2,2,full,0.01,364,91,seed=456|dim=4|fold=2|reps=2|ent=full,0.813700600003358,0.6263736263736264,0.0,0.0,0.0,0.8962848297213623
456,4,4,2,2,full,0.1,364,91,seed=456|dim=4|fold=2|reps=2|ent=full,0.813700600003358,0.6263736263736264,0.0,0.0,0.0,0.8957688338493293
456,4,4,2,2,full,1.0,364,91,seed=456|dim=4|fold=2|reps=2|ent=full,0.813700600003358,0.7362637362637363,0.75,0.4411764705882353,0.5555555555555556,0.8771929824561403
456,4,4,2,2,full,10.0,364,91,seed=456|dim=4|fold=2|reps=2|ent=full,0.813700600003358,0.7362637362637363,0.6666666666666666,0.5882352941176471,0.625,0.8173374613003096
456,4,4,2,2,full,100.0,364,91,seed=456|dim=4|fold=2|reps=2|ent=full,0.813700600003358,0.7472527472527473,0.6666666666666666,0.6470588235294118,0.6567164179104478,0.803921568627451
456,4,4,2,3,linear,0.01,364,91,seed=456|dim=4|fold=2|reps=3|ent=linear,0.7782363000005716,0.6263736263736264,0.0,0.0,0.0,0.8023735810113519
456,4,4,2,3,linear,0.1,364,91,seed=456|dim=4|fold=2|reps=3|ent=linear,0.7782363000005716,0.6263736263736264,0.0,0.0,0.0,0.8008255933952528
456,4,4,2,3,linear,1.0,364,91,seed=456|dim=4|fold=2|reps=3|ent=linear,0.7782363000005716,0.7472527472527473,0.7619047619047619,0.47058823529411764,0.5818181818181818,0.8204334365325077
456,4,4,2,3,linear,10.0,364,91,seed=456|dim=4|fold=2|reps=3|ent=linear,0.7782363000005716,0.7032967032967034,0.6206896551724138,0.5294117647058824,0.5714285714285714,0.7579979360165119
456,4,4,2,3,linear,100.0,364,91,seed=456|dim=4|fold=2|reps=3|ent=linear,0.7782363000005716,0.6923076923076923,0.6,0.5294117647058824,0.5625,0.7172342621259029
456,4,4,2,3,full,0.01,364,91,seed=456|dim=4|fold=2|reps=3|ent=full,1.1586940000051982,0.6263736263736264,0.0,0.0,0.0,0.7260061919504645
456,4,4,2,3,full,0.1,364,91,seed=456|dim=4|fold=2|reps=3|ent=full,1.1586940000051982,0.6263736263736264,0.0,0.0,0.0,0.7223942208462333
456,4,4,2,3,full,1.0,364,91,seed=456|dim=4|fold=2|reps=3|ent=full,1.1586940000051982,0.6813186813186813,0.6086956521739131,0.4117647058823529,0.49122807017543857,0.7471620227038184
456,4,4,2,3,full,10.0,364,91,seed=456|dim=4|fold=2|reps=3|ent=full,1.1586940000051982,0.6703296703296703,0.5588235294117647,0.5588235294117647,0.5588235294117647,0.7244582043343654
456,4,4,2,3,full,100.0,364,91,seed=456|dim=4|fold=2|reps=3|ent=full,1.1586940000051982,0.6593406593406593,0.5454545454545454,0.5294117647058824,0.5373134328358209,0.7120743034055728
456,4,4,3,1,linear,0.01,364,91,seed=456|dim=4|fold=3|reps=1|ent=linear,0.3045014000017545,0.6263736263736264,0.0,0.0,0.0,0.9184726522187823
456,4,4,3,1,linear,0.1,364,91,seed=456|dim=4|fold=3|reps=1|ent=linear,0.3045014000017545,0.6813186813186813,1.0,0.14705882352941177,0.2564102564102564,0.9179566563467493
456,4,4,3,1,linear,1.0,364,91,seed=456|dim=4|fold=3|reps=1|ent=linear,0.3045014000017545,0.8791208791208791,0.896551724137931,0.7647058823529411,0.8253968253968254,0.9447884416924665
456,4,4,3,1,linear,10.0,364,91,seed=456|dim=4|fold=3|reps=1|ent=linear,0.3045014000017545,0.9120879120879121,0.9642857142857143,0.7941176470588235,0.8709677419354839,0.9380804953560371
456,4,4,3,1,linear,100.0,364,91,seed=456|dim=4|fold=3|reps=1|ent=linear,0.3045014000017545,0.8241758241758241,0.8214285714285714,0.6764705882352942,0.7419354838709677,0.8859649122807017
456,4,4,3,1,full,0.01,364,91,seed=456|dim=4|fold=3|reps=1|ent=full,0.4348958999980823,0.6263736263736264,0.0,0.0,0.0,0.9484004127966976
456,4,4,3,1,full,0.1,364,91,seed=456|dim=4|fold=3|reps=1|ent=full,0.4348958999980823,0.6813186813186813,1.0,0.14705882352941177,0.2564102564102564,0.9489164086687306
456,4,4,3,1,full,1.0,364,91,seed=456|dim=4|fold=3|reps=1|ent=full,0.4348958999980823,0.9010989010989011,0.9032258064516129,0.8235294117647058,0.8615384615384616,0.9654282765737874
456,4,4,3,1,full,10.0,364,91,seed=456|dim=4|fold=3|reps=1|ent=full,0.4348958999980823,0.8461538461538461,0.8333333333333334,0.7352941176470589,0.78125,0.9360165118679051
456,4,4,3,1,full,100.0,364,91,seed=456|dim=4|fold=3|reps=1|ent=full,0.4348958999980823,0.8571428571428571,0.8387096774193549,0.7647058823529411,0.8,0.9324045407636739
456,4,4,3,2,linear,0.01,364,91,seed=456|dim=4|fold=3|reps=2|ent=linear,0.5462365000057616,0.6263736263736264,0.0,0.0,0.0,0.9473684210526316
456,4,4,3,2,linear,0.1,364,91,seed=456|dim=4|fold=3|reps=2|ent=linear,0.5462365000057616,0.6263736263736264,0.0,0.0,0.0,0.9468524251805986
456,4,4,3,2,linear,1.0,364,91,seed=456|dim=4|fold=3|reps=2|ent=linear,0.5462365000057616,0.8461538461538461,0.8846153846153846,0.6764705882352942,0.7666666666666667,0.9597523219814241
456,4,4,3,2,linear,10.0,364,91,seed=456|dim=4|fold=3|reps=2|ent=linear,0.5462365000057616,0.8461538461538461,0.8846153846153846,0.6764705882352942,0.7666666666666667,0.8746130030959751
456,4,4,3,2,linear,100.0,364,91,seed=456|dim=4|fold=3|reps=2|ent=linear,0.5462365000057616,0.8241758241758241,0.8214285714285714,0.6764705882352942,0.7419354838709677,0.8591331269349846
456,4,4,3,2,full,0.01,364,91,seed=456|dim=4|fold=3|reps=2|ent=full,0.789705099996354,0.6263736263736264,0.0,0.0,0.0,0.8606811145510836
456,4,4,3,2,full,0.1,364,91,seed=456|dim=4|fold=3|reps=2|ent=full,0.789705099996354,0.6263736263736264,0.0,0.0,0.0,0.8611971104231165
456,4,4,3,2,full,1.0,364,91,seed=456|dim=4|fold=3|reps=2|ent=full,0.789705099996354,0.8021978021978022,0.7666666666666667,0.6764705882352942,0.71875,0.8606811145510836
456,4,4,3,2,full,10.0,364,91,seed=456|dim=4|fold=3|reps=2|ent=full,0.789705099996354,0.7802197802197802,0.7333333333333333,0.6470588235294118,0.6875,0.8157894736842105
456,4,4,3,2,full,100.0,364,91,seed=456|dim=4|fold=3|reps=2|ent=full,0.789705099996354,0.7692307692307693,0.7241379310344828,0.6176470588235294,0.6666666666666666,0.828173374613003
456,4,4,3,3,linear,0.01,364,91,seed=456|dim=4|fold=3|reps=3|ent=linear,0.7806034000022919,0.6263736263736264,0.0,0.0,0.0,0.871517027863777
456,4,4,3,3,linear,0.1,364,91,seed=456|dim=4|fold=3|reps=3|ent=linear,0.7806034000022919,0.6373626373626373,1.0,0.029411764705882353,0.05714285714285714,0.871517027863777
456,4,4,3,3,linear,1.0,364,91,seed=456|dim=4|fold=3|reps=3|ent=linear,0.7806034000022919,0.8131868131868132,0.9047619047619048,0.5588235294117647,0.6909090909090909,0.8761609907120742
456,4,4,3,3,linear,10.0,364,91,seed=456|dim=4|fold=3|reps=3|ent=linear,0.7806034000022919,0.7912087912087912,0.8,0.5882352941176471,0.6779661016949152,0.8735810113519091
456,4,4,3,3,linear,100.0,364,91,seed=456|dim=4|fold=3|reps=3|ent=linear,0.7806034000022919,0.7692307692307693,0.7096774193548387,0.6470588235294118,0.676923076923077,0.8400412796697626
456,4,4,3,3,full,0.01,364,91,seed=456|dim=4|fold=3|reps=3|ent=full,1.1750616999997874,0.6263736263736264,0.0,0.0,0.0,0.7358101135190919
456,4,4,3,3,full,0.1,364,91,seed=456|dim=4|fold=3|reps=3|ent=full,1.1750616999997874,0.6263736263736264,0.0,0.0,0.0,0.7352941176470589
456,4,4,3,3,full,1.0,364,91,seed=456|dim=4|fold=3|reps=3|ent=full,1.1750616999997874,0.7142857142857143,0.6428571428571429,0.5294117647058824,0.5806451612903226,0.7327141382868938
456,4,4,3,3,full,10.0,364,91,seed=456|dim=4|fold=3|reps=3|ent=full,1.1750616999997874,0.6703296703296703,0.5555555555555556,0.5882352941176471,0.5714285714285714,0.7234262125902993
456,4,4,3,3,full,100.0,364,91,seed=456|dim=4|fold=3|reps=3|ent=full,1.1750616999997874,0.6043956043956044,0.47058823529411764,0.47058823529411764,0.47058823529411764,0.6372549019607844
456,4,4,4,1,linear,0.01,364,91,seed=456|dim=4|fold=4|reps=1|ent=linear,0.31533580000541406,0.6263736263736264,0.0,0.0,0.0,0.9303405572755418
456,4,4,4,1,linear,0.1,364,91,seed=456|dim=4|fold=4|reps=1|ent=linear,0.31533580000541406,0.7142857142857143,1.0,0.23529411764705882,0.38095238095238093,0.9298245614035088
456,4,4,4,1,linear,1.0,364,91,seed=456|dim=4|fold=4|reps=1|ent=linear,0.31533580000541406,0.8681318681318682,0.8235294117647058,0.8235294117647058,0.8235294117647058,0.9385964912280702
456,4,4,4,1,linear,10.0,364,91,seed=456|dim=4|fold=4|reps=1|ent=linear,0.31533580000541406,0.8461538461538461,0.7631578947368421,0.8529411764705882,0.8055555555555556,0.9308565531475748
456,4,4,4,1,linear,100.0,364,91,seed=456|dim=4|fold=4|reps=1|ent=linear,0.31533580000541406,0.8571428571428571,0.8181818181818182,0.7941176470588235,0.8059701492537313,0.9097007223942208
456,4,4,4,1,full,0.01,364,91,seed=456|dim=4|fold=4|reps=1|ent=full,0.42917700000543846,0.6263736263736264,0.0,0.0,0.0,0.956656346749226
456,4,4,4,1,full,0.1,364,91,seed=456|dim=4|fold=4|reps=1|ent=full,0.42917700000543846,0.7032967032967034,1.0,0.20588235294117646,0.34146341463414637,0.957172342621259
456,4,4,4,1,full,1.0,364,91,seed=456|dim=4|fold=4|reps=1|ent=full,0.42917700000543846,0.8461538461538461,0.8333333333333334,0.7352941176470589,0.78125,0.9540763673890609
456,4,4,4,1,full,10.0,364,91,seed=456|dim=4|fold=4|reps=1|ent=full,0.42917700000543846,0.8461538461538461,0.8125,0.7647058823529411,0.7878787878787878,0.935500515995872
456,4,4,4,1,full,100.0,364,91,seed=456|dim=4|fold=4|reps=1|ent=full,0.42917700000543846,0.8461538461538461,0.8125,0.7647058823529411,0.7878787878787878,0.9210526315789473
456,4,4,4,2,linear,0.01,364,91,seed=456|dim=4|fold=4|reps=2|ent=linear,0.5421294999978272,0.6263736263736264,0.0,0.0,0.0,0.8854489164086687
456,4,4,4,2,linear,0.1,364,91,seed=456|dim=4|fold=4|reps=2|ent=linear,0.5421294999978272,0.6263736263736264,0.0,0.0,0.0,0.8864809081527347
456,4,4,4,2,linear,1.0,364,91,seed=456|dim=4|fold=4|reps=2|ent=linear,0.5421294999978272,0.7802197802197802,0.7692307692307693,0.5882352941176471,0.6666666666666666,0.8751289989680083
456,4,4,4,2,linear,10.0,364,91,seed=456|dim=4|fold=4|reps=2|ent=linear,0.5421294999978272,0.7692307692307693,0.7096774193548387,0.6470588235294118,0.676923076923077,0.8204334365325078
456,4,4,4,2,linear,100.0,364,91,seed=456|dim=4|fold=4|reps=2|ent=linear,0.5421294999978272,0.7692307692307693,0.696969696969697,0.6764705882352942,0.6865671641791045,0.8065015479876161
456,4,4,4,2,full,0.01,364,91,seed=456|dim=4|fold=4|reps=2|ent=full,0.8142415000038454,0.6263736263736264,0.0,0.0,0.0,0.8498452012383901
456,4,4,4,2,full,0.1,364,91,seed=456|dim=4|fold=4|reps=2|ent=full,0.8142415000038454,0.6263736263736264,0.0,0.0,0.0,0.8477812177502579
456,4,4,4,2,full,1.0,364,91,seed=456|dim=4|fold=4|reps=2|ent=full,0.8142415000038454,0.8131868131868132,0.7931034482758621,0.6764705882352942,0.7301587301587301,0.867905056759546
456,4,4,4,2,full,10.0,364,91,seed=456|dim=4|fold=4|reps=2|ent=full,0.8142415000038454,0.8021978021978022,0.7105263157894737,0.7941176470588235,0.75,0.8446852425180599
456,4,4,4,2,full,100.0,364,91,seed=456|dim=4|fold=4|reps=2|ent=full,0.8142415000038454,0.7802197802197802,0.6842105263157895,0.7647058823529411,0.7222222222222222,0.8369453044375645
456,4,4,4,3,linear,0.01,364,91,seed=456|dim=4|fold=4|reps=3|ent=linear,0.7847842999981367,0.6263736263736264,0.0,0.0,0.0,0.8400412796697627
456,4,4,4,3,linear,0.1,364,91,seed=456|dim=4|fold=4|reps=3|ent=linear,0.7847842999981367,0.6263736263736264,0.0,0.0,0.0,0.8374613003095974
456,4,4,4,3,linear,1.0,364,91,seed=456|dim=4|fold=4|reps=3|ent=linear,0.7847842999981367,0.7692307692307693,0.7241379310344828,0.6176470588235294,0.6666666666666666,0.8374613003095975
456,4,4,4,3,linear,10.0,364,91,seed=456|dim=4|fold=4|reps=3|ent=linear,0.7847842999981367,0.7802197802197802,0.7058823529411765,0.7058823529411765,0.7058823529411765,0.8008255933952528
456,4,4,4,3,linear,100.0,364,91,seed=456|dim=4|fold=4|reps=3|ent=linear,0.7847842999981367,0.7142857142857143,0.6176470588235294,0.6176470588235294,0.6176470588235294,0.7972136222910217
456,4,4,4,3,full,0.01,364,91,seed=456|dim=4|fold=4|reps=3|ent=full,1.1725993000000017,0.6263736263736264,0.0,0.0,0.0,0.7420020639834881
456,4,4,4,3,full,0.1,364,91,seed=456|dim=4|fold=4|reps=3|ent=full,1.1725993000000017,0.6263736263736264,0.0,0.0,0.0,0.7450980392156863
456,4,4,4,3,full,1.0,364,91,seed=456|dim=4|fold=4|reps=3|ent=full,1.1725993000000017,0.6923076923076923,0.7142857142857143,0.29411764705882354,0.4166666666666667,0.7280701754385965
456,4,4,4,3,full,10.0,364,91,seed=456|dim=4|fold=4|reps=3|ent=full,1.1725993000000017,0.6373626373626373,0.5151515151515151,0.5,0.5074626865671642,0.7136222910216719
456,4,4,4,3,full,100.0,364,91,seed=456|dim=4|fold=4|reps=3|ent=full,1.1725993000000017,0.6593406593406593,0.5428571428571428,0.5588235294117647,0.5507246376811594,0.6914344685242518
456,4,4,5,1,linear,0.01,364,91,seed=456|dim=4|fold=5|reps=1|ent=linear,0.3129177000009804,0.6263736263736264,0.0,0.0,0.0,0.914860681114551
456,4,4,5,1,linear,0.1,364,91,seed=456|dim=4|fold=5|reps=1|ent=linear,0.3129177000009804,0.6483516483516484,1.0,0.058823529411764705,0.1111111111111111,0.9153766769865841
456,4,4,5,1,linear,1.0,364,91,seed=456|dim=4|fold=5|reps=1|ent=linear,0.3129177000009804,0.8681318681318682,0.8928571428571429,0.7352941176470589,0.8064516129032258,0.9494324045407636
456,4,4,5,1,linear,10.0,364,91,seed=456|dim=4|fold=5|reps=1|ent=linear,0.3129177000009804,0.9120879120879121,0.9333333333333333,0.8235294117647058,0.875,0.9282765737874097
456,4,4,5,1,linear,100.0,364,91,seed=456|dim=4|fold=5|reps=1|ent=linear,0.3129177000009804,0.7802197802197802,0.7333333333333333,0.6470588235294118,0.6875,0.8575851393188855
456,4,4,5,1,full,0.01,364,91,seed=456|dim=4|fold=5|reps=1|ent=full,0.43378300000040326,0.6263736263736264,0.0,0.0,0.0,0.9458204334365324
456,4,4,5,1,full,0.1,364,91,seed=456|dim=4|fold=5|reps=1|ent=full,0.43378300000040326,0.6483516483516484,1.0,0.058823529411764705,0.1111111111111111,0.9453044375644994
456,4,4,5,1,full,1.0,364,91,seed=456|dim=4|fold=5|reps=1|ent=full,0.43378300000040326,0.8901098901098901,0.875,0.8235294117647058,0.8484848484848485,0.9680082559339525
456,4,4,5,1,full,10.0,364,91,seed=456|dim=4|fold=5|reps=1|ent=full,0.43378300000040326,0.8901098901098901,0.8529411764705882,0.8529411764705882,0.8529411764705882,0.95562435500516
456,4,4,5,1,full,100.0,364,91,seed=456|dim=4|fold=5|reps=1|ent=full,0.43378300000040326,0.8791208791208791,0.8108108108108109,0.8823529411764706,0.8450704225352113,0.9535603715170278
456,4,4,5,2,linear,0.01,364,91,seed=456|dim=4|fold=5|reps=2|ent=linear,0.5611053999964497,0.6263736263736264,0.0,0.0,0.0,0.8529411764705882
456,4,4,5,2,linear,0.1,364,91,seed=456|dim=4|fold=5|reps=2|ent=linear,0.5611053999964497,0.6263736263736264,0.0,0.0,0.0,0.8524251805985552
456,4,4,5,2,linear,1.0,364,91,seed=456|dim=4|fold=5|reps=2|ent=linear,0.5611053999964497,0.7362637362637363,0.7272727272727273,0.47058823529411764,0.5714285714285714,0.8586171310629515
456,4,4,5,2,linear,10.0,364,91,seed=456|dim=4|fold=5|reps=2|ent=linear,0.5611053999964497,0.7692307692307693,0.76,0.5588235294117647,0.6440677966101694,0.7796697626418988
456,4,4,5,2,linear,100.0,364,91,seed=456|dim=4|fold=5|reps=2|ent=linear,0.5611053999964497,0.7472527472527473,0.72,0.5294117647058824,0.6101694915254238,0.7409700722394221
456,4,4,5,2,full,0.01,364,91,seed=456|dim=4|fold=5|reps=2|ent=full,0.8226036999985809,0.6263736263736264,0.0,0.0,0.0,0.8013415892672859
456,4,4,5,2,full,0.1,364,91,seed=456|dim=4|fold=5|reps=2|ent=full,0.8226036999985809,0.6263736263736264,0.0,0.0,0.0,0.8003095975232198
456,4,4,5,2,full,1.0,364,91,seed=456|dim=4|fold=5|reps=2|ent=full,0.8226036999985809,0.7362637362637363,0.6470588235294118,0.6470588235294118,0.6470588235294118,0.8152734778121775
456,4,4,5,2,full,10.0,364,91,seed=456|dim=4|fold=5|reps=2|ent=full,0.8226036999985809,0.7032967032967034,0.6060606060606061,0.5882352941176471,0.5970149253731343,0.7719298245614035
456,4,4,5,2,full,100.0,364,91,seed=456|dim=4|fold=5|reps=2|ent=full,0.8226036999985809,0.6923076923076923,0.5882352941176471,0.5882352941176471,0.5882352941176471,0.7564499484004128
456,4,4,5,3,linear,0.01,364,91,seed=456|dim=4|fold=5|reps=3|ent=linear,0.8151014000031864,0.6263736263736264,0.0,0.0,0.0,0.7786377708978328
456,4,4,5,3,linear,0.1,364,91,seed=456|dim=4|fold=5|reps=3|ent=linear,0.8151014000031864,0.6263736263736264,0.0,0.0,0.0,0.7781217750257998
456,4,4,5,3,linear,1.0,364,91,seed=456|dim=4|fold=5|reps=3|ent=linear,0.8151014000031864,0.7802197802197802,0.8181818181818182,0.5294117647058824,0.6428571428571429,0.7698658410732714
456,4,4,5,3,linear,10.0,364,91,seed=456|dim=4|fold=5|reps=3|ent=linear,0.8151014000031864,0.7252747252747253,0.6551724137931034,0.5588235294117647,0.6031746031746031,0.7518059855521156
456,4,4,5,3,linear,100.0,364,91,seed=456|dim=4|fold=5|reps=3|ent=linear,0.8151014000031864,0.7362637362637363,0.6785714285714286,0.5588235294117647,0.6129032258064516,0.740454076367389
456,4,4,5,3,full,0.01,364,91,seed=456|dim=4|fold=5|reps=3|ent=full,1.1803935000061756,0.6263736263736264,0.0,0.0,0.0,0.6862745098039216
456,4,4,5,3,full,0.1,364,91,seed=456|dim=4|fold=5|reps=3|ent=full,1.1803935000061756,0.6263736263736264,0.0,0.0,0.0,0.6873065015479877
456,4,4,5,3,full,1.0,364,91,seed=456|dim=4|fold=5|reps=3|ent=full,1.1803935000061756,0.6373626373626373,0.5333333333333333,0.23529411764705882,0.32653061224489793,0.7022703818369452
456,4,4,5,3,full,10.0,364,91,seed=456|dim=4|fold=5|reps=3|ent=full,1.1803935000061756,0.6373626373626373,0.5161290322580645,0.47058823529411764,0.49230769230769234,0.6749226006191951
456,4,4,5,3,full,100.0,364,91,seed=456|dim=4|fold=5|reps=3|ent=full,1.1803935000061756,0.6043956043956044,0.46875,0.4411764705882353,0.45454545454545453,0.6351909184726521
789,2,2,1,1,linear,0.01,364,91,seed=789|dim=2|fold=1|reps=1|ent=linear,0.15293750000273576,0.6263736263736264,0.0,0.0,0.0,0.9427244582043343
789,2,2,1,1,linear,0.1,364,91,seed=789|dim=2|fold=1|reps=1|ent=linear,0.15293750000273576,0.9120879120879121,0.9333333333333333,0.8235294117647058,0.875,0.9525283797729618
789,2,2,1,1,linear,1.0,364,91,seed=789|dim=2|fold=1|reps=1|ent=linear,0.15293750000273576,0.9010989010989011,0.8787878787878788,0.8529411764705882,0.8656716417910447,0.9592363261093911
789,2,2,1,1,linear,10.0,364,91,seed=789|dim=2|fold=1|reps=1|ent=linear,0.15293750000273576,0.9230769230769231,0.9354838709677419,0.8529411764705882,0.8923076923076924,0.9649122807017544
789,2,2,1,1,linear,100.0,364,91,seed=789|dim=2|fold=1|reps=1|ent=linear,0.15293750000273576,0.9230769230769231,0.9354838709677419,0.8529411764705882,0.8923076923076924,0.9638802889576884
789,2,2,1,2,linear,0.01,364,91,seed=789|dim=2|fold=1|reps=2|ent=linear,0.2458279999991646,0.6263736263736264,0.0,0.0,0.0,0.9406604747162024
789,2,2,1,2,linear,0.1,364,91,seed=789|dim=2|fold=1|reps=2|ent=linear,0.2458279999991646,0.8571428571428571,0.8888888888888888,0.7058823529411765,0.7868852459016393,0.9587203302373581
789,2,2,1,2,linear,1.0,364,91,seed=789|dim=2|fold=1|reps=2|ent=linear,0.2458279999991646,0.8901098901098901,0.875,0.8235294117647058,0.8484848484848485,0.9633642930856553
789,2,2,1,2,linear,10.0,364,91,seed=789|dim=2|fold=1|reps=2|ent=linear,0.2458279999991646,0.8901098901098901,0.8529411764705882,0.8529411764705882,0.8529411764705882,0.9649122807017545
789,2,2,1,2,linear,100.0,364,91,seed=789|dim=2|fold=1|reps=2|ent=linear,0.2458279999991646,0.8791208791208791,0.8484848484848485,0.8235294117647058,0.835820895522388,0.956140350877193
789,2,2,1,3,linear,0.01,364,91,seed=789|dim=2|fold=1|reps=3|ent=linear,0.3466060999999172,0.6263736263736264,0.0,0.0,0.0,0.8875128998968008
789,2,2,1,3,linear,0.1,364,91,seed=789|dim=2|fold=1|reps=3|ent=linear,0.3466060999999172,0.7472527472527473,0.7391304347826086,0.5,0.5964912280701754,0.8890608875128999
789,2,2,1,3,linear,1.0,364,91,seed=789|dim=2|fold=1|reps=3|ent=linear,0.3466060999999172,0.8681318681318682,0.8235294117647058,0.8235294117647058,0.8235294117647058,0.8973168214654282
789,2,2,1,3,linear,10.0,364,91,seed=789|dim=2|fold=1|reps=3|ent=linear,0.3466060999999172,0.8681318681318682,0.8055555555555556,0.8529411764705882,0.8285714285714286,0.8952528379772962
789,2,2,1,3,linear,100.0,364,91,seed=789|dim=2|fold=1|reps=3|ent=linear,0.3466060999999172,0.8791208791208791,0.8108108108108109,0.8823529411764706,0.8450704225352113,0.8988648090815273
789,2,2,2,1,linear,0.01,364,91,seed=789|dim=2|fold=2|reps=1|ent=linear,0.15167600000131642,0.6263736263736264,0.0,0.0,0.0,0.9293085655314757
789,2,2,2,1,linear,0.1,364,91,seed=789|dim=2|fold=2|reps=1|ent=linear,0.15167600000131642,0.8351648351648352,0.9130434782608695,0.6176470588235294,0.7368421052631579,0.9236326109391124
789,2,2,2,1,linear,1.0,364,91,seed=789|dim=2|fold=2|reps=1|ent=linear,0.15167600000131642,0.8571428571428571,0.92,0.6764705882352942,0.7796610169491526,0.9231166150670794
789,2,2,2,1,linear,10.0,364,91,seed=789|dim=2|fold=2|reps=1|ent=linear,0.15167600000131642,0.8681318681318682,0.9230769230769231,0.7058823529411765,0.8,0.9251805985552115
789,2,2,2,1,linear,100.0,364,91,seed=789|dim=2|fold=2|reps=1|ent=linear,0.15167600000131642,0.8681318681318682,0.9230769230769231,0.7058823529411765,0.8,0.9226006191950464
789,2,2,2,2,linear,0.01,364,91,seed=789|dim=2|fold=2|reps=2|ent=linear,0.2545689999969909,0.6263736263736264,0.0,0.0,0.0,0.9066047471620228
789,2,2,2,2,linear,0.1,364,91,seed=789|dim=2|fold=2|reps=2|ent=linear,0.2545689999969909,0.8241758241758241,0.9090909090909091,0.5882352941176471,0.7142857142857143,0.9097007223942208
789,2,2,2,2,linear,1.0,364,91,seed=789|dim=2|fold=2|reps=2|ent=linear,0.2545689999969909,0.8241758241758241,0.8461538461538461,0.6470588235294118,0.7333333333333333,0.914860681114551
789,2,2,2,2,linear,10.0,364,91,seed=789|dim=2|fold=2|reps=2|ent=linear,0.2545689999969909,0.8131868131868132,0.7741935483870968,0.7058823529411765,0.7384615384615385,0.9055727554179566
789,2,2,2,2,linear,100.0,364,91,seed=789|dim=2|fold=2|reps=2|ent=linear,0.2545689999969909,0.8241758241758241,0.8,0.7058823529411765,0.75,0.8823529411764706
789,2,2,2,3,linear,0.01,364,91,seed=789|dim=2|fold=2|reps=3|ent=linear,0.34158649999881163,0.6263736263736264,0.0,0.0,0.0,0.890092879256966
789,2,2,2,3,linear,0.1,364,91,seed=789|dim=2|fold=2|reps=3|ent=linear,0.34158649999881163,0.7362637362637363,1.0,0.29411764705882354,0.45454545454545453,0.8937048503611972
789,2,2,2,3,linear,1.0,364,91,seed=789|dim=2|fold=2|reps=3|ent=linear,0.34158649999881163,0.8241758241758241,0.8461538461538461,0.6470588235294118,0.7333333333333333,0.8875128998968008
789,2,2,2,3,linear,10.0,364,91,seed=789|dim=2|fold=2|reps=3|ent=linear,0.34158649999881163,0.8351648351648352,0.8275862068965517,0.7058823529411765,0.7619047619047619,0.890608875128999
789,2,2,2,3,linear,100.0,364,91,seed=789|dim=2|fold=2|reps=3|ent=linear,0.34158649999881163,0.8461538461538461,0.8571428571428571,0.7058823529411765,0.7741935483870968,0.8864809081527347
789,2,2,3,1,linear,0.01,364,91,seed=789|dim=2|fold=3|reps=1|ent=linear,0.1664323000004515,0.6263736263736264,0.0,0.0,0.0,0.957172342621259
789,2,2,3,1,linear,0.1,364,91,seed=789|dim=2|fold=3|reps=1|ent=linear,0.1664323000004515,0.9010989010989011,1.0,0.7352941176470589,0.847457627118644,0.9726522187822497
789,2,2,3,1,linear,1.0,364,91,seed=789|dim=2|fold=3|reps=1|ent=linear,0.1664323000004515,0.9120879120879121,0.9333333333333333,0.8235294117647058,0.875,0.9798761609907121
789,2,2,3,1,linear,10.0,364,91,seed=789|dim=2|fold=3|reps=1|ent=linear,0.1664323000004515,0.9340659340659341,0.9375,0.8823529411764706,0.9090909090909091,0.9865841073271414
789,2,2,3,1,linear,100.0,364,91,seed=789|dim=2|fold=3|reps=1|ent=linear,0.1664323000004515,0.9340659340659341,0.9117647058823529,0.9117647058823529,0.9117647058823529,0.9865841073271413
789,2,2,3,2,linear,0.01,364,91,seed=789|dim=2|fold=3|reps=2|ent=linear,0.2550498999989941,0.6263736263736264,0.0,0.0,0.0,0.936016511867905
789,2,2,3,2,linear,0.1,364,91,seed=789|dim=2|fold=3|reps=2|ent=linear,0.2550498999989941,0.8351648351648352,0.9523809523809523,0.5882352941176471,0.7272727272727273,0.9473684210526316
789,2,2,3,2,linear,1.0,364,91,seed=789|dim=2|fold=3|reps=2|ent=linear,0.2550498999989941,0.8571428571428571,0.92,0.6764705882352942,0.7796610169491526,0.9509803921568627
789,2,2,3,2,linear,10.0,364,91,seed=789|dim=2|fold=3|reps=2|ent=linear,0.2550498999989941,0.9010989010989011,0.9629629629629629,0.7647058823529411,0.8524590163934426,0.9447884416924665
789,2,2,3,2,linear,100.0,364,91,seed=789|dim=2|fold=3|reps=2|ent=linear,0.2550498999989941,0.9010989010989011,0.9032258064516129,0.8235294117647058,0.8615384615384616,0.9535603715170278
789,2,2,3,3,linear,0.01,364,91,seed=789|dim=2|fold=3|reps=3|ent=linear,0.33795139999710955,0.6263736263736264,0.0,0.0,0.0,0.9107327141382869
789,2,2,3,3,linear,0.1,364,91,seed=789|dim=2|fold=3|reps=3|ent=linear,0.33795139999710955,0.7692307692307693,0.8823529411764706,0.4411764705882353,0.5882352941176471,0.9102167182662539
789,2,2,3,3,linear,1.0,364,91,seed=789|dim=2|fold=3|reps=3|ent=linear,0.33795139999710955,0.8791208791208791,0.8285714285714286,0.8529411764705882,0.8405797101449275,0.9442724458204335
789,2,2,3,3,linear,10.0,364,91,seed=789|dim=2|fold=3|reps=3|ent=linear,0.33795139999710955,0.9010989010989011,0.8787878787878788,0.8529411764705882,0.8656716417910447,0.9463364293085655
789,2,2,3,3,linear,100.0,364,91,seed=789|dim=2|fold=3|reps=3|ent=linear,0.33795139999710955,0.9230769230769231,0.9090909090909091,0.8823529411764706,0.8955223880597015,0.9380804953560372
789,2,2,4,1,linear,0.01,364,91,seed=789|dim=2|fold=4|reps=1|ent=linear,0.1594284000020707,0.6263736263736264,0.0,0.0,0.0,0.9752321981424149
789,2,2,4,1,linear,0.1,364,91,seed=789|dim=2|fold=4|reps=1|ent=linear,0.1594284000020707,0.9340659340659341,0.9666666666666667,0.8529411764705882,0.90625,0.9901960784313726
789,2,2,4,1,linear,1.0,364,91,seed=789|dim=2|fold=4|reps=1|ent=linear,0.1594284000020707,0.9560439560439561,0.96875,0.9117647058823529,0.9393939393939394,0.9943240454076367
789,2,2,4,1,linear,10.0,364,91,seed=789|dim=2|fold=4|reps=1|ent=linear,0.1594284000020707,0.945054945054945,0.9393939393939394,0.9117647058823529,0.9253731343283582,0.9907120743034057
789,2,2,4,1,linear,100.0,364,91,seed=789|dim=2|fold=4|reps=1|ent=linear,0.1594284000020707,0.9340659340659341,0.9375,0.8823529411764706,0.9090909090909091,0.9912280701754387
789,2,2,4,2,linear,0.01,364,91,seed=789|dim=2|fold=4|reps=2|ent=linear,0.24746269999741344,0.6263736263736264,0.0,0.0,0.0,0.9669762641898865
789,2,2,4,2,linear,0.1,364,91,seed=789|dim=2|fold=4|reps=2|ent=linear,0.24746269999741344,0.8571428571428571,0.8888888888888888,0.7058823529411765,0.7868852459016393,0.9716202270381837
789,2,2,4,2,linear,1.0,364,91,seed=789|dim=2|fold=4|reps=2|ent=linear,0.24746269999741344,0.9120879120879121,0.90625,0.8529411764705882,0.8787878787878788,0.9814241486068112
789,2,2,4,2,linear,10.0,364,91,seed=789|dim=2|fold=4|reps=2|ent=linear,0.24746269999741344,0.9230769230769231,0.8857142857142857,0.9117647058823529,0.8985507246376812,0.9803921568627452
789,2,2,4,2,linear,100.0,364,91,seed=789|dim=2|fold=4|reps=2|ent=linear,0.24746269999741344,0.9230769230769231,0.8648648648648649,0.9411764705882353,0.9014084507042254,0.9814241486068112
789,2,2,4,3,linear,0.01,364,91,seed=789|dim=2|fold=4|reps=3|ent=linear,0.3427478999947198,0.6263736263736264,0.0,0.0,0.0,0.9019607843137254
789,2,2,4,3,linear,0.1,364,91,seed=789|dim=2|fold=4|reps=3|ent=linear,0.3427478999947198,0.7252747252747253,0.8,0.35294117647058826,0.4897959183673469,0.9050567595459236
789,2,2,4,3,linear,1.0,364,91,seed=789|dim=2|fold=4|reps=3|ent=linear,0.3427478999947198,0.8351648351648352,0.8275862068965517,0.7058823529411765,0.7619047619047619,0.930856553147575
789,2,2,4,3,linear,10.0,364,91,seed=789|dim=2|fold=4|reps=3|ent=linear,0.3427478999947198,0.8791208791208791,0.8709677419354839,0.7941176470588235,0.8307692307692308,0.9282765737874097
789,2,2,4,3,linear,100.0,364,91,seed=789|dim=2|fold=4|reps=3|ent=linear,0.3427478999947198,0.8791208791208791,0.8484848484848485,0.8235294117647058,0.835820895522388,0.9396284829721362
789,2,2,5,1,linear,0.01,364,91,seed=789|dim=2|fold=5|reps=1|ent=linear,0.1508356999984244,0.6263736263736264,0.0,0.0,0.0,0.9494324045407637
789,2,2,5,1,linear,0.1,364,91,seed=789|dim=2|fold=5|reps=1|ent=linear,0.1508356999984244,0.8791208791208791,0.9259259259259259,0.7352941176470589,0.819672131147541,0.9597523219814242
789,2,2,5,1,linear,1.0,364,91,seed=789|dim=2|fold=5|reps=1|ent=linear,0.1508356999984244,0.9010989010989011,0.9310344827586207,0.7941176470588235,0.8571428571428571,0.9685242518059856
789,2,2,5,1,linear,10.0,364,91,seed=789|dim=2|fold=5|reps=1|ent=linear,0.1508356999984244,0.8681318681318682,0.8055555555555556,0.8529411764705882,0.8285714285714286,0.9680082559339526
789,2,2,5,1,linear,100.0,364,91,seed=789|dim=2|fold=5|reps=1|ent=linear,0.1508356999984244,0.8571428571428571,0.8,0.8235294117647058,0.8115942028985508,0.9618163054695563
789,2,2,5,2,linear,0.01,364,91,seed=789|dim=2|fold=5|reps=2|ent=linear,0.2567873000007239,0.6263736263736264,0.0,0.0,0.0,0.9731682146542828
789,2,2,5,2,linear,0.1,364,91,seed=789|dim=2|fold=5|reps=2|ent=linear,0.2567873000007239,0.8571428571428571,0.92,0.6764705882352942,0.7796610169491526,0.9726522187822497
789,2,2,5,2,linear,1.0,364,91,seed=789|dim=2|fold=5|reps=2|ent=linear,0.2567873000007239,0.8681318681318682,0.8235294117647058,0.8235294117647058,0.8235294117647058,0.9380804953560372
789,2,2,5,2,linear,10.0,364,91,seed=789|dim=2|fold=5|reps=2|ent=linear,0.2567873000007239,0.8461538461538461,0.7631578947368421,0.8529411764705882,0.8055555555555556,0.9174406604747162
789,2,2,5,2,linear,100.0,364,91,seed=789|dim=2|fold=5|reps=2|ent=linear,0.2567873000007239,0.8681318681318682,0.775,0.9117647058823529,0.8378378378378378,0.9210526315789473
789,2,2,5,3,linear,0.01,364,91,seed=789|dim=2|fold=5|reps=3|ent=linear,0.34206810000614496,0.6263736263736264,0.0,0.0,0.0,0.8725490196078431
789,2,2,5,3,linear,0.1,364,91,seed=789|dim=2|fold=5|reps=3|ent=linear,0.34206810000614496,0.7582417582417582,0.875,0.4117647058823529,0.56,0.8720330237358102
789,2,2,5,3,linear,1.0,364,91,seed=789|dim=2|fold=5|reps=3|ent=linear,0.34206810000614496,0.8681318681318682,0.8666666666666667,0.7647058823529411,0.8125,0.8968008255933952
789,2,2,5,3,linear,10.0,364,91,seed=789|dim=2|fold=5|reps=3|ent=linear,0.34206810000614496,0.8901098901098901,0.9,0.7941176470588235,0.84375,0.8962848297213623
789,2,2,5,3,linear,100.0,364,91,seed=789|dim=2|fold=5|reps=3|ent=linear,0.34206810000614496,0.8791208791208791,0.8709677419354839,0.7941176470588235,0.8307692307692308,0.8895768833849329
789,4,4,1,1,linear,0.01,364,91,seed=789|dim=4|fold=1|reps=1|ent=linear,0.31079110000428045,0.6263736263736264,0.0,0.0,0.0,0.8792569659442724
789,4,4,1,1,linear,0.1,364,91,seed=789|dim=4|fold=1|reps=1|ent=linear,0.31079110000428045,0.6483516483516484,1.0,0.058823529411764705,0.1111111111111111,0.8797729618163055
789,4,4,1,1,linear,1.0,364,91,seed=789|dim=4|fold=1|reps=1|ent=linear,0.31079110000428045,0.8241758241758241,0.875,0.6176470588235294,0.7241379310344828,0.868937048503612
789,4,4,1,1,linear,10.0,364,91,seed=789|dim=4|fold=1|reps=1|ent=linear,0.31079110000428045,0.8021978021978022,0.8333333333333334,0.5882352941176471,0.6896551724137931,0.7920536635706914
789,4,4,1,1,linear,100.0,364,91,seed=789|dim=4|fold=1|reps=1|ent=linear,0.31079110000428045,0.7472527472527473,0.7619047619047619,0.47058823529411764,0.5818181818181818,0.7807017543859649
789,4,4,1,1,full,0.01,364,91,seed=789|dim=4|fold=1|reps=1|ent=full,0.44328939999832073,0.6263736263736264,0.0,0.0,0.0,0.9509803921568627
789,4,4,1,1,full,0.1,364,91,seed=789|dim=4|fold=1|reps=1|ent=full,0.44328939999832073,0.6263736263736264,0.0,0.0,0.0,0.9504643962848297
789,4,4,1,1,full,1.0,364,91,seed=789|dim=4|fold=1|reps=1|ent=full,0.44328939999832073,0.945054945054945,0.967741935483871,0.8823529411764706,0.9230769230769231,0.9406604747162023
789,4,4,1,1,full,10.0,364,91,seed=789|dim=4|fold=1|reps=1|ent=full,0.44328939999832073,0.8901098901098901,0.9,0.7941176470588235,0.84375,0.9318885448916409
789,4,4,1,1,full,100.0,364,91,seed=789|dim=4|fold=1|reps=1|ent=full,0.44328939999832073,0.8681318681318682,0.8666666666666667,0.7647058823529411,0.8125,0.9303405572755419
789,4,4,1,2,linear,0.01,364,91,seed=789|dim=4|fold=1|reps=2|ent=linear,0.5548607000018819,0.6263736263736264,0.0,0.0,0.0,0.8436532507739938
789,4,4,1,2,linear,0.1,364,91,seed=789|dim=4|fold=1|reps=2|ent=linear,0.5548607000018819,0.6263736263736264,0.0,0.0,0.0,0.8452012383900929
789,4,4,1,2,linear,1.0,364,91,seed=789|dim=4|fold=1|reps=2|ent=linear,0.5548607000018819,0.7692307692307693,0.7407407407407407,0.5882352941176471,0.6557377049180327,0.8508771929824561
789,4,4,1,2,linear,10.0,364,91,seed=789|dim=4|fold=1|reps=2|ent=linear,0.5548607000018819,0.7912087912087912,0.7142857142857143,0.7352941176470589,0.7246376811594203,0.8384932920536635
789,4,4,1,2,linear,100.0,364,91,seed=789|dim=4|fold=1|reps=2|ent=linear,0.5548607000018819,0.7692307692307693,0.6666666666666666,0.7647058823529411,0.7123287671232876,0.8245614035087719
789,4,4,1,2,full,0.01,364,91,seed=789|dim=4|fold=1|reps=2|ent=full,0.8013494999977411,0.6263736263736264,0.0,0.0,0.0,0.7884416924664602
789,4,4,1,2,full,0.1,364,91,seed=789|dim=4|fold=1|reps=2|ent=full,0.8013494999977411,0.6263736263736264,0.0,0.0,0.0,0.7899896800825594
789,4,4,1,2,full,1.0,364,91,seed=789|dim=4|fold=1|reps=2|ent=full,0.8013494999977411,0.7362637362637363,0.7777777777777778,0.4117647058823529,0.5384615384615384,0.8188854489164086
789,4,4,1,2,full,10.0,364,91,seed=789|dim=4|fold=1|reps=2|ent=full,0.8013494999977411,0.7142857142857143,0.6176470588235294,0.6176470588235294,0.6176470588235294,0.7507739938080494
789,4,4,1,2,full,100.0,364,91,seed=789|dim=4|fold=1|reps=2|ent=full,0.8013494999977411,0.7032967032967034,0.6060606060606061,0.5882352941176471,0.5970149253731343,0.7507739938080495
789,4,4,1,3,linear,0.01,364,91,seed=789|dim=4|fold=1|reps=3|ent=linear,0.7785890999948606,0.6263736263736264,0.0,0.0,0.0,0.8570691434468524
789,4,4,1,3,linear,0.1,364,91,seed=789|dim=4|fold=1|reps=3|ent=linear,0.7785890999948606,0.6263736263736264,0.0,0.0,0.0,0.8575851393188855
789,4,4,1,3,linear,1.0,364,91,seed=789|dim=4|fold=1|reps=3|ent=linear,0.7785890999948606,0.7692307692307693,0.7407407407407407,0.5882352941176471,0.6557377049180327,0.8446852425180598
789,4,4,1,3,linear,10.0,364,91,seed=789|dim=4|fold=1|reps=3|ent=linear,0.7785890999948606,0.7802197802197802,0.71875,0.6764705882352942,0.696969696969697,0.8224974200206399
789,4,4,1,3,linear,100.0,364,91,seed=789|dim=4|fold=1|reps=3|ent=linear,0.7785890999948606,0.7582417582417582,0.6666666666666666,0.7058823529411765,0.6857142857142857,0.7941176470588235
789,4,4,1,3,full,0.01,364,91,seed=789|dim=4|fold=1|reps=3|ent=full,1.1570873000018764,0.6263736263736264,0.0,0.0,0.0,0.6981424148606812
789,4,4,1,3,full,0.1,364,91,seed=789|dim=4|fold=1|reps=3|ent=full,1.1570873000018764,0.6263736263736264,0.0,0.0,0.0,0.6986584107327142
789,4,4,1,3,full,1.0,364,91,seed=789|dim=4|fold=1|reps=3|ent=full,1.1570873000018764,0.6923076923076923,0.6071428571428571,0.5,0.5483870967741935,0.7038183694530444
789,4,4,1,3,full,10.0,364,91,seed=789|dim=4|fold=1|reps=3|ent=full,1.1570873000018764,0.6593406593406593,0.5454545454545454,0.5294117647058824,0.5373134328358209,0.6682146542827657
789,4,4,1,3,full,100.0,364,91,seed=789|dim=4|fold=1|reps=3|ent=full,1.1570873000018764,0.6703296703296703,0.5588235294117647,0.5588235294117647,0.5588235294117647,0.6682146542827657
789,4,4,2,1,linear,0.01,364,91,seed=789|dim=4|fold=2|reps=1|ent=linear,0.31342140000197105,0.6263736263736264,0.0,0.0,0.0,0.8374613003095975
789,4,4,2,1,linear,0.1,364,91,seed=789|dim=4|fold=2|reps=1|ent=linear,0.31342140000197105,0.6263736263736264,0.0,0.0,0.0,0.8369453044375645
789,4,4,2,1,linear,1.0,364,91,seed=789|dim=4|fold=2|reps=1|ent=linear,0.31342140000197105,0.7692307692307693,0.76,0.5588235294117647,0.6440677966101694,0.8539731682146543
789,4,4,2,1,linear,10.0,364,91,seed=789|dim=4|fold=2|reps=1|ent=linear,0.31342140000197105,0.8131868131868132,0.7931034482758621,0.6764705882352942,0.7301587301587301,0.8441692466460268
789,4,4,2,1,linear,100.0,364,91,seed=789|dim=4|fold=2|reps=1|ent=linear,0.31342140000197105,0.7692307692307693,0.696969696969697,0.6764705882352942,0.6865671641791045,0.7992776057791537
789,4,4,2,1,full,0.01,364,91,seed=789|dim=4|fold=2|reps=1|ent=full,0.44378449999931036,0.6263736263736264,0.0,0.0,0.0,0.9251805985552116
789,4,4,2,1,full,0.1,364,91,seed=789|dim=4|fold=2|reps=1|ent=full,0.44378449999931036,0.6483516483516484,1.0,0.058823529411764705,0.1111111111111111,0.9256965944272446
789,4,4,2,1,full,1.0,364,91,seed=789|dim=4|fold=2|reps=1|ent=full,0.44378449999931036,0.8791208791208791,0.8709677419354839,0.7941176470588235,0.8307692307692308,0.9148606811145511
789,4,4,2,1,full,10.0,364,91,seed=789|dim=4|fold=2|reps=1|ent=full,0.44378449999931036,0.8241758241758241,0.75,0.7941176470588235,0.7714285714285715,0.8710010319917442
789,4,4,2,1,full,100.0,364,91,seed=789|dim=4|fold=2|reps=1|ent=full,0.44378449999931036,0.8021978021978022,0.7105263157894737,0.7941176470588235,0.75,0.8668730650154799
789,4,4,2,2,linear,0.01,364,91,seed=789|dim=4|fold=2|reps=2|ent=linear,0.5401901000004727,0.6263736263736264,0.0,0.0,0.0,0.8090815273477813
789,4,4,2,2,linear,0.1,364,91,seed=789|dim=4|fold=2|reps=2|ent=linear,0.5401901000004727,0.6263736263736264,0.0,0.0,0.0,0.8095975232198143
789,4,4,2,2,linear,1.0,364,91,seed=789|dim=4|fold=2|reps=2|ent=linear,0.5401901000004727,0.7362637362637363,0.7083333333333334,0.5,0.5862068965517241,0.8116615067079463
789,4,4,2,2,linear,10.0,364,91,seed=789|dim=4|fold=2|reps=2|ent=linear,0.5401901000004727,0.7582417582417582,0.6764705882352942,0.6764705882352942,0.6764705882352942,0.7776057791537667
789,4,4,2,2,linear,100.0,364,91,seed=789|dim=4|fold=2|reps=2|ent=linear,0.5401901000004727,0.7692307692307693,0.696969696969697,0.6764705882352942,0.6865671641791045,0.7843137254901961
789,4,4,2,2,full,0.01,364,91,seed=789|dim=4|fold=2|reps=2|ent=full,0.8072649000023375,0.6263736263736264,0.0,0.0,0.0,0.7992776057791537
789,4,4,2,2,full,0.1,364,91,seed=789|dim=4|fold=2|reps=2|ent=full,0.8072649000023375,0.6263736263736264,0.0,0.0,0.0,0.7987616099071208
789,4,4,2,2,full,1.0,364,91,seed=789|dim=4|fold=2|reps=2|ent=full,0.8072649000023375,0.6923076923076923,0.5833333333333334,0.6176470588235294,0.6,0.7936016511867906
789,4,4,2,2,full,10.0,364,91,seed=789|dim=4|fold=2|reps=2|ent=full,0.8072649000023375,0.6593406593406593,0.5348837209302325,0.6764705882352942,0.5974025974025974,0.7280701754385965
789,4,4,2,2,full,100.0,364,91,seed=789|dim=4|fold=2|reps=2|ent=full,0.8072649000023375,0.6373626373626373,0.5111111111111111,0.6764705882352942,0.5822784810126582,0.7069143446852425
789,4,4,2,3,linear,0.01,364,91,seed=789|dim=4|fold=2|reps=3|ent=linear,0.783605800002988,0.6263736263736264,0.0,0.0,0.0,0.7430340557275541
789,4,4,2,3,linear,0.1,364,91,seed=789|dim=4|fold=2|reps=3|ent=linear,0.783605800002988,0.6263736263736264,0.0,0.0,0.0,0.7440660474716202
789,4,4,2,3,linear,1.0,364,91,seed=789|dim=4|fold=2|reps=3|ent=linear,0.783605800002988,0.7472527472527473,0.7391304347826086,0.5,0.5964912280701754,0.7497420020639834
789,4,4,2,3,linear,10.0,364,91,seed=789|dim=4|fold=2|reps=3|ent=linear,0.783605800002988,0.7142857142857143,0.6176470588235294,0.6176470588235294,0.6176470588235294,0.7807017543859649
789,4,4,2,3,linear,100.0,364,91,seed=789|dim=4|fold=2|reps=3|ent=linear,0.783605800002988,0.6593406593406593,0.5405405405405406,0.5882352941176471,0.5633802816901409,0.7327141382868938
789,4,4,2,3,full,0.01,364,91,seed=789|dim=4|fold=2|reps=3|ent=full,1.16138740000315,0.6263736263736264,0.0,0.0,0.0,0.6934984520123839
789,4,4,2,3,full,0.1,364,91,seed=789|dim=4|fold=2|reps=3|ent=full,1.16138740000315,0.6263736263736264,0.0,0.0,0.0,0.6924664602683178
789,4,4,2,3,full,1.0,364,91,seed=789|dim=4|fold=2|reps=3|ent=full,1.16138740000315,0.6373626373626373,0.5185185185185185,0.4117647058823529,0.45901639344262296,0.6800825593395252
789,4,4,2,3,full,10.0,364,91,seed=789|dim=4|fold=2|reps=3|ent=full,1.16138740000315,0.6263736263736264,0.5,0.4117647058823529,0.45161290322580644,0.6186790505675954
789,4,4,2,3,full,100.0,364,91,seed=789|dim=4|fold=2|reps=3|ent=full,1.16138740000315,0.6483516483516484,0.5357142857142857,0.4411764705882353,0.4838709677419355,0.6444788441692467
789,4,4,3,1,linear,0.01,364,91,seed=789|dim=4|fold=3|reps=1|ent=linear,0.3106857000020682,0.6263736263736264,0.0,0.0,0.0,0.8983488132094943
789,4,4,3,1,linear,0.1,364,91,seed=789|dim=4|fold=3|reps=1|ent=linear,0.3106857000020682,0.6483516483516484,1.0,0.058823529411764705,0.1111111111111111,0.8983488132094943
789,4,4,3,1,linear,1.0,364,91,seed=789|dim=4|fold=3|reps=1|ent=linear,0.3106857000020682,0.8571428571428571,0.8181818181818182,0.7941176470588235,0.8059701492537313,0.9231166150670795
789,4,4,3,1,linear,10.0,364,91,seed=789|dim=4|fold=3|reps=1|ent=linear,0.3106857000020682,0.7692307692307693,0.696969696969697,0.6764705882352942,0.6865671641791045,0.868937048503612
789,4,4,3,1,linear,100.0,364,91,seed=789|dim=4|fold=3|reps=1|ent=linear,0.3106857000020682,0.7802197802197802,0.7058823529411765,0.7058823529411765,0.7058823529411765,0.846233230134159
789,4,4,3,1,full,0.01,364,91,seed=789|dim=4|fold=3|reps=1|ent=full,0.4480723000015132,0.6263736263736264,0.0,0.0,0.0,0.9587203302373581
789,4,4,3,1,full,0.1,364,91,seed=789|dim=4|fold=3|reps=1|ent=full,0.4480723000015132,0.6593406593406593,1.0,0.08823529411764706,0.16216216216216217,0.958204334365325
789,4,4,3,1,full,1.0,364,91,seed=789|dim=4|fold=3|reps=1|ent=full,0.4480723000015132,0.8901098901098901,0.9,0.7941176470588235,0.84375,0.9633642930856552
789,4,4,3,1,full,10.0,364,91,seed=789|dim=4|fold=3|reps=1|ent=full,0.4480723000015132,0.8681318681318682,0.7894736842105263,0.8823529411764706,0.8333333333333334,0.9287925696594427
789,4,4,3,1,full,100.0,364,91,seed=789|dim=4|fold=3|reps=1|ent=full,0.4480723000015132,0.8131868131868132,0.7428571428571429,0.7647058823529411,0.7536231884057971,0.9148606811145511
789,4,4,3,2,linear,0.01,364,91,seed=789|dim=4|fold=3|reps=2|ent=linear,0.5506787999984226,0.6263736263736264,0.0,0.0,0.0,0.9251805985552116
789,4,4,3,2,linear,0.1,364,91,seed=789|dim=4|fold=3|reps=2|ent=linear,0.5506787999984226,0.6263736263736264,0.0,0.0,0.0,0.9251805985552115
789,4,4,3,2,linear,1.0,364,91,seed=789|dim=4|fold=3|reps=2|ent=linear,0.5506787999984226,0.8461538461538461,0.8571428571428571,0.7058823529411765,0.7741935483870968,0.9086687306501547
789,4,4,3,2,linear,10.0,364,91,seed=789|dim=4|fold=3|reps=2|ent=linear,0.5506787999984226,0.7912087912087912,0.7419354838709677,0.6764705882352942,0.7076923076923077,0.8219814241486069
789,4,4,3,2,linear,100.0,364,91,seed=789|dim=4|fold=3|reps=2|ent=linear,0.5506787999984226,0.7802197802197802,0.7058823529411765,0.7058823529411765,0.7058823529411765,0.8405572755417957
789,4,4,3,2,full,0.01,364,91,seed=789|dim=4|fold=3|reps=2|ent=full,0.7857206000044243,0.6263736263736264,0.0,0.0,0.0,0.8023735810113519
789,4,4,3,2,full,0.1,364,91,seed=789|dim=4|fold=3|reps=2|ent=full,0.7857206000044243,0.6263736263736264,0.0,0.0,0.0,0.8013415892672858
789,4,4,3,2,full,1.0,364,91,seed=789|dim=4|fold=3|reps=2|ent=full,0.7857206000044243,0.7142857142857143,0.625,0.5882352941176471,0.6060606060606061,0.7936016511867904
789,4,4,3,2,full,10.0,364,91,seed=789|dim=4|fold=3|reps=2|ent=full,0.7857206000044243,0.7362637362637363,0.6470588235294118,0.6470588235294118,0.6470588235294118,0.7817337461300309
789,4,4,3,2,full,100.0,364,91,seed=789|dim=4|fold=3|reps=2|ent=full,0.7857206000044243,0.7252747252747253,0.6285714285714286,0.6470588235294118,0.6376811594202898,0.7450980392156864
789,4,4,3,3,linear,0.01,364,91,seed=789|dim=4|fold=3|reps=3|ent=linear,0.8489531000013812,0.6263736263736264,0.0,0.0,0.0,0.8663570691434468
789,4,4,3,3,linear,0.1,364,91,seed=789|dim=4|fold=3|reps=3|ent=linear,0.8489531000013812,0.6263736263736264,0.0,0.0,0.0,0.8653250773993808
789,4,4,3,3,linear,1.0,364,91,seed=789|dim=4|fold=3|reps=3|ent=linear,0.8489531000013812,0.8241758241758241,0.8461538461538461,0.6470588235294118,0.7333333333333333,0.87203302373581
789,4,4,3,3,linear,10.0,364,91,seed=789|dim=4|fold=3|reps=3|ent=linear,0.8489531000013812,0.7802197802197802,0.7333333333333333,0.6470588235294118,0.6875,0.8168214654282766
789,4,4,3,3,linear,100.0,364,91,seed=789|dim=4|fold=3|reps=3|ent=linear,0.8489531000013812,0.8131868131868132,0.7931034482758621,0.6764705882352942,0.7301587301587301,0.782765737874097
789,4,4,3,3,full,0.01,364,91,seed=789|dim=4|fold=3|reps=3|ent=full,1.1775262000010116,0.6263736263736264,0.0,0.0,0.0,0.6253869969040248
789,4,4,3,3,full,0.1,364,91,seed=789|dim=4|fold=3|reps=3|ent=full,1.1775262000010116,0.6263736263736264,0.0,0.0,0.0,0.6264189886480909
789,4,4,3,3,full,1.0,364,91,seed=789|dim=4|fold=3|reps=3|ent=full,1.1775262000010116,0.6703296703296703,0.5833333333333334,0.4117647058823529,0.4827586206896552,0.6439628482972136
789,4,4,3,3,full,10.0,364,91,seed=789|dim=4|fold=3|reps=3|ent=full,1.1775262000010116,0.5934065934065934,0.4594594594594595,0.5,0.4788732394366197,0.5985552115583076
789,4,4,3,3,full,100.0,364,91,seed=789|dim=4|fold=3|reps=3|ent=full,1.1775262000010116,0.6043956043956044,0.47058823529411764,0.47058823529411764,0.47058823529411764,0.6145510835913313
789,4,4,4,1,linear,0.01,364,91,seed=789|dim=4|fold=4|reps=1|ent=linear,0.30607830000371905,0.6263736263736264,0.0,0.0,0.0,0.847265221878225
789,4,4,4,1,linear,0.1,364,91,seed=789|dim=4|fold=4|reps=1|ent=linear,0.30607830000371905,0.6593406593406593,1.0,0.08823529411764706,0.16216216216216217,0.8477812177502579
789,4,4,4,1,linear,1.0,364,91,seed=789|dim=4|fold=4|reps=1|ent=linear,0.30607830000371905,0.7582417582417582,0.75,0.5294117647058824,0.6206896551724138,0.8735810113519092
789,4,4,4,1,linear,10.0,364,91,seed=789|dim=4|fold=4|reps=1|ent=linear,0.30607830000371905,0.7582417582417582,0.7,0.6176470588235294,0.65625,0.8245614035087719
789,4,4,4,1,linear,100.0,364,91,seed=789|dim=4|fold=4|reps=1|ent=linear,0.30607830000371905,0.7582417582417582,0.7142857142857143,0.5882352941176471,0.6451612903225806,0.8080495356037152
789,4,4,4,1,full,0.01,364,91,seed=789|dim=4|fold=4|reps=1|ent=full,0.43755270000110613,0.6263736263736264,0.0,0.0,0.0,0.9422084623323014
789,4,4,4,1,full,0.1,364,91,seed=789|dim=4|fold=4|reps=1|ent=full,0.43755270000110613,0.6483516483516484,1.0,0.058823529411764705,0.1111111111111111,0.9411764705882353
789,4,4,4,1,full,1.0,364,91,seed=789|dim=4|fold=4|reps=1|ent=full,0.43755270000110613,0.8791208791208791,0.896551724137931,0.7647058823529411,0.8253968253968254,0.9597523219814241
789,4,4,4,1,full,10.0,364,91,seed=789|dim=4|fold=4|reps=1|ent=full,0.43755270000110613,0.8571428571428571,0.8620689655172413,0.7352941176470589,0.7936507936507936,0.933952528379773
789,4,4,4,1,full,100.0,364,91,seed=789|dim=4|fold=4|reps=1|ent=full,0.43755270000110613,0.8461538461538461,0.8333333333333334,0.7352941176470589,0.78125,0.9231166150670794
789,4,4,4,2,linear,0.01,364,91,seed=789|dim=4|fold=4|reps=2|ent=linear,0.535697600003914,0.6263736263736264,0.0,0.0,0.0,0.8730650154798761
789,4,4,4,2,linear,0.1,364,91,seed=789|dim=4|fold=4|reps=2|ent=linear,0.535697600003914,0.6263736263736264,0.0,0.0,0.0,0.8746130030959753
789,4,4,4,2,linear,1.0,364,91,seed=789|dim=4|fold=4|reps=2|ent=linear,0.535697600003914,0.8131868131868132,0.84,0.6176470588235294,0.711864406779661,0.867905056759546
789,4,4,4,2,linear,10.0,364,91,seed=789|dim=4|fold=4|reps=2|ent=linear,0.535697600003914,0.7472527472527473,0.72,0.5294117647058824,0.6101694915254238,0.7874097007223941
789,4,4,4,2,linear,100.0,364,91,seed=789|dim=4|fold=4|reps=2|ent=linear,0.535697600003914,0.7912087912087912,0.8,0.5882352941176471,0.6779661016949152,0.7956656346749226
789,4,4,4,2,full,0.01,364,91,seed=789|dim=4|fold=4|reps=2|ent=full,0.8129673000003095,0.6263736263736264,0.0,0.0,0.0,0.8581011351909185
789,4,4,4,2,full,0.1,364,91,seed=789|dim=4|fold=4|reps=2|ent=full,0.8129673000003095,0.6263736263736264,0.0,0.0,0.0,0.8591331269349846
789,4,4,4,2,full,1.0,364,91,seed=789|dim=4|fold=4|reps=2|ent=full,0.8129673000003095,0.7912087912087912,0.7777777777777778,0.6176470588235294,0.6885245901639344,0.8431372549019608
789,4,4,4,2,full,10.0,364,91,seed=789|dim=4|fold=4|reps=2|ent=full,0.8129673000003095,0.7582417582417582,0.6764705882352942,0.6764705882352942,0.6764705882352942,0.8550051599587203
789,4,4,4,2,full,100.0,364,91,seed=789|dim=4|fold=4|reps=2|ent=full,0.8129673000003095,0.7582417582417582,0.6764705882352942,0.6764705882352942,0.6764705882352942,0.8054695562435501
789,4,4,4,3,linear,0.01,364,91,seed=789|dim=4|fold=4|reps=3|ent=linear,0.7990185000016936,0.6263736263736264,0.0,0.0,0.0,0.8895768833849329
789,4,4,4,3,linear,0.1,364,91,seed=789|dim=4|fold=4|reps=3|ent=linear,0.7990185000016936,0.6263736263736264,0.0,0.0,0.0,0.8880288957688338
789,4,4,4,3,linear,1.0,364,91,seed=789|dim=4|fold=4|reps=3|ent=linear,0.7990185000016936,0.7802197802197802,0.8181818181818182,0.5294117647058824,0.6428571428571429,0.868937048503612
789,4,4,4,3,linear,10.0,364,91,seed=789|dim=4|fold=4|reps=3|ent=linear,0.7990185000016936,0.7252747252747253,0.6551724137931034,0.5588235294117647,0.6031746031746031,0.8142414860681114
789,4,4,4,3,linear,100.0,364,91,seed=789|dim=4|fold=4|reps=3|ent=linear,0.7990185000016936,0.6703296703296703,0.5625,0.5294117647058824,0.5454545454545454,0.7244582043343654
789,4,4,4,3,full,0.01,364,91,seed=789|dim=4|fold=4|reps=3|ent=full,1.179713300000003,0.6263736263736264,0.0,0.0,0.0,0.6661506707946336
789,4,4,4,3,full,0.1,364,91,seed=789|dim=4|fold=4|reps=3|ent=full,1.179713300000003,0.6263736263736264,0.0,0.0,0.0,0.6661506707946336
789,4,4,4,3,full,1.0,364,91,seed=789|dim=4|fold=4|reps=3|ent=full,1.179713300000003,0.6373626373626373,0.5238095238095238,0.3235294117647059,0.4,0.653250773993808
789,4,4,4,3,full,10.0,364,91,seed=789|dim=4|fold=4|reps=3|ent=full,1.179713300000003,0.5714285714285714,0.41379310344827586,0.35294117647058826,0.38095238095238093,0.6331269349845201
789,4,4,4,3,full,100.0,364,91,seed=789|dim=4|fold=4|reps=3|ent=full,1.179713300000003,0.5824175824175825,0.42857142857142855,0.35294117647058826,0.3870967741935484,0.6274509803921569
789,4,4,5,1,linear,0.01,364,91,seed=789|dim=4|fold=5|reps=1|ent=linear,0.31879250000201864,0.6263736263736264,0.0,0.0,0.0,0.9303405572755418
789,4,4,5,1,linear,0.1,364,91,seed=789|dim=4|fold=5|reps=1|ent=linear,0.31879250000201864,0.6703296703296703,1.0,0.11764705882352941,0.21052631578947367,0.9298245614035088
789,4,4,5,1,linear,1.0,364,91,seed=789|dim=4|fold=5|reps=1|ent=linear,0.31879250000201864,0.8681318681318682,0.8666666666666667,0.7647058823529411,0.8125,0.9076367389060888
789,4,4,5,1,linear,10.0,364,91,seed=789|dim=4|fold=5|reps=1|ent=linear,0.31879250000201864,0.8021978021978022,0.7857142857142857,0.6470588235294118,0.7096774193548387,0.868937048503612
789,4,4,5,1,linear,100.0,364,91,seed=789|dim=4|fold=5|reps=1|ent=linear,0.31879250000201864,0.8241758241758241,0.78125,0.7352941176470589,0.7575757575757576,0.8606811145510836
789,4,4,5,1,full,0.01,364,91,seed=789|dim=4|fold=5|reps=1|ent=full,0.43858170000021346,0.6263736263736264,0.0,0.0,0.0,0.9602683178534572
789,4,4,5,1,full,0.1,364,91,seed=789|dim=4|fold=5|reps=1|ent=full,0.43858170000021346,0.7582417582417582,1.0,0.35294117647058826,0.5217391304347826,0.9602683178534572
789,4,4,5,1,full,1.0,364,91,seed=789|dim=4|fold=5|reps=1|ent=full,0.43858170000021346,0.9230769230769231,0.9354838709677419,0.8529411764705882,0.8923076923076924,0.957688338493292
789,4,4,5,1,full,10.0,364,91,seed=789|dim=4|fold=5|reps=1|ent=full,0.43858170000021346,0.9120879120879121,0.8823529411764706,0.8823529411764706,0.8823529411764706,0.9416924664602683
789,4,4,5,1,full,100.0,364,91,seed=789|dim=4|fold=5|reps=1|ent=full,0.43858170000021346,0.8681318681318682,0.8235294117647058,0.8235294117647058,0.8235294117647058,0.9267285861713107
789,4,4,5,2,linear,0.01,364,91,seed=789|dim=4|fold=5|reps=2|ent=linear,0.6141471000009915,0.6263736263736264,0.0,0.0,0.0,0.8761609907120742
789,4,4,5,2,linear,0.1,364,91,seed=789|dim=4|fold=5|reps=2|ent=linear,0.6141471000009915,0.6263736263736264,0.0,0.0,0.0,0.8751289989680082
789,4,4,5,2,linear,1.0,364,91,seed=789|dim=4|fold=5|reps=2|ent=linear,0.6141471000009915,0.8351648351648352,0.8518518518518519,0.6764705882352942,0.7540983606557377,0.8627450980392157
789,4,4,5,2,linear,10.0,364,91,seed=789|dim=4|fold=5|reps=2|ent=linear,0.6141471000009915,0.7582417582417582,0.6764705882352942,0.6764705882352942,0.6764705882352942,0.825593395252838
789,4,4,5,2,linear,100.0,364,91,seed=789|dim=4|fold=5|reps=2|ent=linear,0.6141471000009915,0.7472527472527473,0.6896551724137931,0.5882352941176471,0.6349206349206349,0.7796697626418989
789,4,4,5,2,full,0.01,364,91,seed=789|dim=4|fold=5|reps=2|ent=full,0.7891861999960383,0.6263736263736264,0.0,0.0,0.0,0.8261093911248709
789,4,4,5,2,full,0.1,364,91,seed=789|dim=4|fold=5|reps=2|ent=full,0.7891861999960383,0.6263736263736264,0.0,0.0,0.0,0.8276573787409701
789,4,4,5,2,full,1.0,364,91,seed=789|dim=4|fold=5|reps=2|ent=full,0.7891861999960383,0.7692307692307693,0.7096774193548387,0.6470588235294118,0.676923076923077,0.8209494324045408
789,4,4,5,2,full,10.0,364,91,seed=789|dim=4|fold=5|reps=2|ent=full,0.7891861999960383,0.7472527472527473,0.6571428571428571,0.6764705882352942,0.6666666666666666,0.7837977296181631
789,4,4,5,2,full,100.0,364,91,seed=789|dim=4|fold=5|reps=2|ent=full,0.7891861999960383,0.7362637362637363,0.6388888888888888,0.6764705882352942,0.6571428571428571,0.8018575851393189
789,4,4,5,3,linear,0.01,364,91,seed=789|dim=4|fold=5|reps=3|ent=linear,0.7682705000042915,0.6263736263736264,0.0,0.0,0.0,0.8544891640866874
789,4,4,5,3,linear,0.1,364,91,seed=789|dim=4|fold=5|reps=3|ent=linear,0.7682705000042915,0.6263736263736264,0.0,0.0,0.0,0.8544891640866873
789,4,4,5,3,linear,1.0,364,91,seed=789|dim=4|fold=5|reps=3|ent=linear,0.7682705000042915,0.7362637362637363,0.6785714285714286,0.5588235294117647,0.6129032258064516,0.8421052631578948
789,4,4,5,3,linear,10.0,364,91,seed=789|dim=4|fold=5|reps=3|ent=linear,0.7682705000042915,0.7692307692307693,0.6756756756756757,0.7352941176470589,0.704225352112676,0.8400412796697626
789,4,4,5,3,linear,100.0,364,91,seed=789|dim=4|fold=5|reps=3|ent=linear,0.7682705000042915,0.7582417582417582,0.6578947368421053,0.7352941176470589,0.6944444444444444,0.8292053663570692
789,4,4,5,3,full,0.01,364,91,seed=789|dim=4|fold=5|reps=3|ent=full,1.1634273000017856,0.6263736263736264,0.0,0.0,0.0,0.7198142414860681
789,4,4,5,3,full,0.1,364,91,seed=789|dim=4|fold=5|reps=3|ent=full,1.1634273000017856,0.6263736263736264,0.0,0.0,0.0,0.7187822497420021
789,4,4,5,3,full,1.0,364,91,seed=789|dim=4|fold=5|reps=3|ent=full,1.1634273000017856,0.6813186813186813,0.6923076923076923,0.2647058823529412,0.3829787234042553,0.6904024767801857
789,4,4,5,3,full,10.0,364,91,seed=789|dim=4|fold=5|reps=3|ent=full,1.1634273000017856,0.6813186813186813,0.5925925925925926,0.47058823529411764,0.5245901639344263,0.6372549019607844
789,4,4,5,3,full,100.0,364,91,seed=789|dim=4|fold=5|reps=3|ent=full,1.1634273000017856,0.7252747252747253,0.6363636363636364,0.6176470588235294,0.6268656716417911,0.676986584107327
2026,2,2,1,1,linear,0.01,364,91,seed=2026|dim=2|fold=1|reps=1|ent=linear,0.15580000000045402,0.6263736263736264,0.0,0.0,0.0,0.9705882352941176
2026,2,2,1,1,linear,0.1,364,91,seed=2026|dim=2|fold=1|reps=1|ent=linear,0.15580000000045402,0.8681318681318682,0.9583333333333334,0.6764705882352942,0.7931034482758621,0.9664602683178536
2026,2,2,1,1,linear,1.0,364,91,seed=2026|dim=2|fold=1|reps=1|ent=linear,0.15580000000045402,0.9010989010989011,0.8787878787878788,0.8529411764705882,0.8656716417910447,0.9613003095975233
2026,2,2,1,1,linear,10.0,364,91,seed=2026|dim=2|fold=1|reps=1|ent=linear,0.15580000000045402,0.8791208791208791,0.7948717948717948,0.9117647058823529,0.8493150684931506,0.9520123839009289
2026,2,2,1,1,linear,100.0,364,91,seed=2026|dim=2|fold=1|reps=1|ent=linear,0.15580000000045402,0.8901098901098901,0.7857142857142857,0.9705882352941176,0.868421052631579,0.957172342621259
2026,2,2,1,2,linear,0.01,364,91,seed=2026|dim=2|fold=1|reps=2|ent=linear,0.24529790000087814,0.6263736263736264,0.0,0.0,0.0,0.9530443756449949
2026,2,2,1,2,linear,0.1,364,91,seed=2026|dim=2|fold=1|reps=2|ent=linear,0.24529790000087814,0.8461538461538461,0.8571428571428571,0.7058823529411765,0.7741935483870968,0.9597523219814241
2026,2,2,1,2,linear,1.0,364,91,seed=2026|dim=2|fold=1|reps=2|ent=linear,0.24529790000087814,0.8681318681318682,0.8666666666666667,0.7647058823529411,0.8125,0.95562435500516
2026,2,2,1,2,linear,10.0,364,91,seed=2026|dim=2|fold=1|reps=2|ent=linear,0.24529790000087814,0.8901098901098901,0.8333333333333334,0.8823529411764706,0.8571428571428571,0.9561403508771931
2026,2,2,1,2,linear,100.0,364,91,seed=2026|dim=2|fold=1|reps=2|ent=linear,0.24529790000087814,0.9010989010989011,0.8378378378378378,0.9117647058823529,0.8732394366197183,0.9520123839009289
2026,2,2,1,3,linear,0.01,364,91,seed=2026|dim=2|fold=1|reps=3|ent=linear,0.3359502999956021,0.6263736263736264,0.0,0.0,0.0,0.9262125902992776
2026,2,2,1,3,linear,0.1,364,91,seed=2026|dim=2|fold=1|reps=3|ent=linear,0.3359502999956021,0.7472527472527473,0.8666666666666667,0.38235294117647056,0.5306122448979592,0.9267285861713106
2026,2,2,1,3,linear,1.0,364,91,seed=2026|dim=2|fold=1|reps=3|ent=linear,0.3359502999956021,0.8901098901098901,0.875,0.8235294117647058,0.8484848484848485,0.9473684210526316
2026,2,2,1,3,linear,10.0,364,91,seed=2026|dim=2|fold=1|reps=3|ent=linear,0.3359502999956021,0.9230769230769231,0.8648648648648649,0.9411764705882353,0.9014084507042254,0.956140350877193
2026,2,2,1,3,linear,100.0,364,91,seed=2026|dim=2|fold=1|reps=3|ent=linear,0.3359502999956021,0.9120879120879121,0.8611111111111112,0.9117647058823529,0.8857142857142857,0.9587203302373581
2026,2,2,2,1,linear,0.01,364,91,seed=2026|dim=2|fold=2|reps=1|ent=linear,0.15372909999859985,0.6263736263736264,0.0,0.0,0.0,0.977296181630547
2026,2,2,2,1,linear,0.1,364,91,seed=2026|dim=2|fold=2|reps=1|ent=linear,0.15372909999859985,0.8461538461538461,1.0,0.5882352941176471,0.7407407407407407,0.9891640866873065
2026,2,2,2,1,linear,1.0,364,91,seed=2026|dim=2|fold=2|reps=1|ent=linear,0.15372909999859985,0.9340659340659341,0.9666666666666667,0.8529411764705882,0.90625,0.9927760577915377
2026,2,2,2,1,linear,10.0,364,91,seed=2026|dim=2|fold=2|reps=1|ent=linear,0.15372909999859985,0.9340659340659341,0.9666666666666667,0.8529411764705882,0.90625,0.9865841073271414
2026,2,2,2,1,linear,100.0,364,91,seed=2026|dim=2|fold=2|reps=1|ent=linear,0.15372909999859985,0.945054945054945,0.967741935483871,0.8823529411764706,0.9230769230769231,0.9881320949432404
2026,2,2,2,2,linear,0.01,364,91,seed=2026|dim=2|fold=2|reps=2|ent=linear,0.2473383999968064,0.6263736263736264,0.0,0.0,0.0,0.9602683178534572
2026,2,2,2,2,linear,0.1,364,91,seed=2026|dim=2|fold=2|reps=2|ent=linear,0.2473383999968064,0.8351648351648352,0.9130434782608695,0.6176470588235294,0.7368421052631579,0.9525283797729618
2026,2,2,2,2,linear,1.0,364,91,seed=2026|dim=2|fold=2|reps=2|ent=linear,0.2473383999968064,0.8901098901098901,0.9285714285714286,0.7647058823529411,0.8387096774193549,0.9494324045407636
2026,2,2,2,2,linear,10.0,364,91,seed=2026|dim=2|fold=2|reps=2|ent=linear,0.2473383999968064,0.8901098901098901,0.9,0.7941176470588235,0.84375,0.9380804953560371
2026,2,2,2,2,linear,100.0,364,91,seed=2026|dim=2|fold=2|reps=2|ent=linear,0.2473383999968064,0.8681318681318682,0.8666666666666667,0.7647058823529411,0.8125,0.935500515995872
2026,2,2,2,3,linear,0.01,364,91,seed=2026|dim=2|fold=2|reps=3|ent=linear,0.34057259999826783,0.6263736263736264,0.0,0.0,0.0,0.847781217750258
2026,2,2,2,3,linear,0.1,364,91,seed=2026|dim=2|fold=2|reps=3|ent=linear,0.34057259999826783,0.6923076923076923,0.6875,0.3235294117647059,0.44,0.846749226006192
2026,2,2,2,3,linear,1.0,364,91,seed=2026|dim=2|fold=2|reps=3|ent=linear,0.34057259999826783,0.8131868131868132,0.8695652173913043,0.5882352941176471,0.7017543859649122,0.869453044375645
2026,2,2,2,3,linear,10.0,364,91,seed=2026|dim=2|fold=2|reps=3|ent=linear,0.34057259999826783,0.8571428571428571,0.92,0.6764705882352942,0.7796610169491526,0.8890608875128999
2026,2,2,2,3,linear,100.0,364,91,seed=2026|dim=2|fold=2|reps=3|ent=linear,0.34057259999826783,0.8571428571428571,0.8888888888888888,0.7058823529411765,0.7868852459016393,0.8973168214654283
2026,2,2,3,1,linear,0.01,364,91,seed=2026|dim=2|fold=3|reps=1|ent=linear,0.1576483000026201,0.6263736263736264,0.0,0.0,0.0,0.9411764705882353
2026,2,2,3,1,linear,0.1,364,91,seed=2026|dim=2|fold=3|reps=1|ent=linear,0.1576483000026201,0.8461538461538461,0.9166666666666666,0.6470588235294118,0.7586206896551724,0.9432404540763675
2026,2,2,3,1,linear,1.0,364,91,seed=2026|dim=2|fold=3|reps=1|ent=linear,0.1576483000026201,0.8461538461538461,0.8571428571428571,0.7058823529411765,0.7741935483870968,0.9282765737874097
2026,2,2,3,1,linear,10.0,364,91,seed=2026|dim=2|fold=3|reps=1|ent=linear,0.1576483000026201,0.9010989010989011,0.8787878787878788,0.8529411764705882,0.8656716417910447,0.932404540763674
2026,2,2,3,1,linear,100.0,364,91,seed=2026|dim=2|fold=3|reps=1|ent=linear,0.1576483000026201,0.8791208791208791,0.8709677419354839,0.7941176470588235,0.8307692307692308,0.9215686274509804
2026,2,2,3,2,linear,0.01,364,91,seed=2026|dim=2|fold=3|reps=2|ent=linear,0.2453871000034269,0.6263736263736264,0.0,0.0,0.0,0.9391124871001032
2026,2,2,3,2,linear,0.1,364,91,seed=2026|dim=2|fold=3|reps=2|ent=linear,0.2453871000034269,0.8351648351648352,0.88,0.6470588235294118,0.7457627118644068,0.9385964912280702
2026,2,2,3,2,linear,1.0,364,91,seed=2026|dim=2|fold=3|reps=2|ent=linear,0.2453871000034269,0.8571428571428571,0.8620689655172413,0.7352941176470589,0.7936507936507936,0.9107327141382869
2026,2,2,3,2,linear,10.0,364,91,seed=2026|dim=2|fold=3|reps=2|ent=linear,0.2453871000034269,0.8901098901098901,0.875,0.8235294117647058,0.8484848484848485,0.9029927760577916
2026,2,2,3,2,linear,100.0,364,91,seed=2026|dim=2|fold=3|reps=2|ent=linear,0.2453871000034269,0.8901098901098901,0.875,0.8235294117647058,0.8484848484848485,0.8689370485036119
2026,2,2,3,3,linear,0.01,364,91,seed=2026|dim=2|fold=3|reps=3|ent=linear,0.34909760000300594,0.6263736263736264,0.0,0.0,0.0,0.8988648090815273
2026,2,2,3,3,linear,0.1,364,91,seed=2026|dim=2|fold=3|reps=3|ent=linear,0.34909760000300594,0.6923076923076923,1.0,0.17647058823529413,0.3,0.8983488132094943
2026,2,2,3,3,linear,1.0,364,91,seed=2026|dim=2|fold=3|reps=3|ent=linear,0.34909760000300594,0.8681318681318682,0.9230769230769231,0.7058823529411765,0.8,0.9210526315789473
2026,2,2,3,3,linear,10.0,364,91,seed=2026|dim=2|fold=3|reps=3|ent=linear,0.34909760000300594,0.8681318681318682,0.84375,0.7941176470588235,0.8181818181818182,0.9200206398348812
2026,2,2,3,3,linear,100.0,364,91,seed=2026|dim=2|fold=3|reps=3|ent=linear,0.34909760000300594,0.8571428571428571,0.8181818181818182,0.7941176470588235,0.8059701492537313,0.9091847265221878
2026,2,2,4,1,linear,0.01,364,91,seed=2026|dim=2|fold=4|reps=1|ent=linear,0.15531880000344245,0.6263736263736264,0.0,0.0,0.0,0.9256965944272446
2026,2,2,4,1,linear,0.1,364,91,seed=2026|dim=2|fold=4|reps=1|ent=linear,0.15531880000344245,0.8791208791208791,0.96,0.7058823529411765,0.8135593220338984,0.9411764705882353
2026,2,2,4,1,linear,1.0,364,91,seed=2026|dim=2|fold=4|reps=1|ent=linear,0.15531880000344245,0.9120879120879121,1.0,0.7647058823529411,0.8666666666666667,0.9427244582043343
2026,2,2,4,1,linear,10.0,364,91,seed=2026|dim=2|fold=4|reps=1|ent=linear,0.15531880000344245,0.9120879120879121,0.9642857142857143,0.7941176470588235,0.8709677419354839,0.9287925696594427
2026,2,2,4,1,linear,100.0,364,91,seed=2026|dim=2|fold=4|reps=1|ent=linear,0.15531880000344245,0.9010989010989011,0.9310344827586207,0.7941176470588235,0.8571428571428571,0.934468524251806
2026,2,2,4,2,linear,0.01,364,91,seed=2026|dim=2|fold=4|reps=2|ent=linear,0.2535059000001638,0.6263736263736264,0.0,0.0,0.0,0.891640866873065
2026,2,2,4,2,linear,0.1,364,91,seed=2026|dim=2|fold=4|reps=2|ent=linear,0.2535059000001638,0.8131868131868132,0.7931034482758621,0.6764705882352942,0.7301587301587301,0.9071207430340557
2026,2,2,4,2,linear,1.0,364,91,seed=2026|dim=2|fold=4|reps=2|ent=linear,0.2535059000001638,0.8571428571428571,0.8387096774193549,0.7647058823529411,0.8,0.9200206398348812
2026,2,2,4,2,linear,10.0,364,91,seed=2026|dim=2|fold=4|reps=2|ent=linear,0.2535059000001638,0.8791208791208791,0.8709677419354839,0.7941176470588235,0.8307692307692308,0.9406604747162023
2026,2,2,4,2,linear,100.0,364,91,seed=2026|dim=2|fold=4|reps=2|ent=linear,0.2535059000001638,0.8681318681318682,0.8666666666666667,0.7647058823529411,0.8125,0.9468524251805985
2026,2,2,4,3,linear,0.01,364,91,seed=2026|dim=2|fold=4|reps=3|ent=linear,0.34220960000675404,0.6263736263736264,0.0,0.0,0.0,0.8261093911248711
2026,2,2,4,3,linear,0.1,364,91,seed=2026|dim=2|fold=4|reps=3|ent=linear,0.34220960000675404,0.6483516483516484,0.6666666666666666,0.11764705882352941,0.2,0.826625386996904
2026,2,2,4,3,linear,1.0,364,91,seed=2026|dim=2|fold=4|reps=3|ent=linear,0.34220960000675404,0.7142857142857143,0.7,0.4117647058823529,0.5185185185185185,0.8163054695562435
2026,2,2,4,3,linear,10.0,364,91,seed=2026|dim=2|fold=4|reps=3|ent=linear,0.34220960000675404,0.8131868131868132,0.84,0.6176470588235294,0.711864406779661,0.8250773993808049
2026,2,2,4,3,linear,100.0,364,91,seed=2026|dim=2|fold=4|reps=3|ent=linear,0.34220960000675404,0.8241758241758241,0.8461538461538461,0.6470588235294118,0.7333333333333333,0.8250773993808049
2026,2,2,5,1,linear,0.01,364,91,seed=2026|dim=2|fold=5|reps=1|ent=linear,0.16032210000412306,0.6263736263736264,0.0,0.0,0.0,0.9045407636738907
2026,2,2,5,1,linear,0.1,364,91,seed=2026|dim=2|fold=5|reps=1|ent=linear,0.16032210000412306,0.8681318681318682,0.9230769230769231,0.7058823529411765,0.8,0.9251805985552116
2026,2,2,5,1,linear,1.0,364,91,seed=2026|dim=2|fold=5|reps=1|ent=linear,0.16032210000412306,0.9010989010989011,0.9629629629629629,0.7647058823529411,0.8524590163934426,0.9308565531475748
2026,2,2,5,1,linear,10.0,364,91,seed=2026|dim=2|fold=5|reps=1|ent=linear,0.16032210000412306,0.9120879120879121,0.9642857142857143,0.7941176470588235,0.8709677419354839,0.9241486068111454
2026,2,2,5,1,linear,100.0,364,91,seed=2026|dim=2|fold=5|reps=1|ent=linear,0.16032210000412306,0.8901098901098901,0.9,0.7941176470588235,0.84375,0.9215686274509803
2026,2,2,5,2,linear,0.01,364,91,seed=2026|dim=2|fold=5|reps=2|ent=linear,0.24856720000389032,0.6263736263736264,0.0,0.0,0.0,0.8581011351909185
2026,2,2,5,2,linear,0.1,364,91,seed=2026|dim=2|fold=5|reps=2|ent=linear,0.24856720000389032,0.7802197802197802,0.7692307692307693,0.5882352941176471,0.6666666666666666,0.8632610939112487
2026,2,2,5,2,linear,1.0,364,91,seed=2026|dim=2|fold=5|reps=2|ent=linear,0.24856720000389032,0.8461538461538461,0.8846153846153846,0.6764705882352942,0.7666666666666667,0.8952528379772962
2026,2,2,5,2,linear,10.0,364,91,seed=2026|dim=2|fold=5|reps=2|ent=linear,0.24856720000389032,0.8681318681318682,0.8666666666666667,0.7647058823529411,0.8125,0.9071207430340557
2026,2,2,5,2,linear,100.0,364,91,seed=2026|dim=2|fold=5|reps=2|ent=linear,0.24856720000389032,0.8791208791208791,0.896551724137931,0.7647058823529411,0.8253968253968254,0.9091847265221878
2026,2,2,5,3,linear,0.01,364,91,seed=2026|dim=2|fold=5|reps=3|ent=linear,0.34417399999802,0.6263736263736264,0.0,0.0,0.0,0.7868937048503611
2026,2,2,5,3,linear,0.1,364,91,seed=2026|dim=2|fold=5|reps=3|ent=linear,0.34417399999802,0.7142857142857143,0.7857142857142857,0.3235294117647059,0.4583333333333333,0.7899896800825593
2026,2,2,5,3,linear,1.0,364,91,seed=2026|dim=2|fold=5|reps=3|ent=linear,0.34417399999802,0.8021978021978022,0.8333333333333334,0.5882352941176471,0.6896551724137931,0.827141382868937
2026,2,2,5,3,linear,10.0,364,91,seed=2026|dim=2|fold=5|reps=3|ent=linear,0.34417399999802,0.8351648351648352,0.8064516129032258,0.7352941176470589,0.7692307692307693,0.8369453044375645
2026,2,2,5,3,linear,100.0,364,91,seed=2026|dim=2|fold=5|reps=3|ent=linear,0.34417399999802,0.8351648351648352,0.8064516129032258,0.7352941176470589,0.7692307692307693,0.8410732714138286
2026,4,4,1,1,linear,0.01,364,91,seed=2026|dim=4|fold=1|reps=1|ent=linear,0.3018115000013495,0.6263736263736264,0.0,0.0,0.0,0.9313725490196079
2026,4,4,1,1,linear,0.1,364,91,seed=2026|dim=4|fold=1|reps=1|ent=linear,0.3018115000013495,0.6813186813186813,1.0,0.14705882352941177,0.2564102564102564,0.9324045407636739
2026,4,4,1,1,linear,1.0,364,91,seed=2026|dim=4|fold=1|reps=1|ent=linear,0.3018115000013495,0.8901098901098901,0.875,0.8235294117647058,0.8484848484848485,0.9514963880288958
2026,4,4,1,1,linear,10.0,364,91,seed=2026|dim=4|fold=1|reps=1|ent=linear,0.3018115000013495,0.8571428571428571,0.7692307692307693,0.8823529411764706,0.821917808219178,0.9122807017543859
2026,4,4,1,1,linear,100.0,364,91,seed=2026|dim=4|fold=1|reps=1|ent=linear,0.3018115000013495,0.8241758241758241,0.7647058823529411,0.7647058823529411,0.7647058823529411,0.8534571723426213
2026,4,4,1,1,full,0.01,364,91,seed=2026|dim=4|fold=1|reps=1|ent=full,0.42658359999768436,0.6263736263736264,0.0,0.0,0.0,0.9437564499484004
2026,4,4,1,1,full,0.1,364,91,seed=2026|dim=4|fold=1|reps=1|ent=full,0.42658359999768436,0.6813186813186813,1.0,0.14705882352941177,0.2564102564102564,0.9437564499484004
2026,4,4,1,1,full,1.0,364,91,seed=2026|dim=4|fold=1|reps=1|ent=full,0.42658359999768436,0.8791208791208791,0.8484848484848485,0.8235294117647058,0.835820895522388,0.9535603715170279
2026,4,4,1,1,full,10.0,364,91,seed=2026|dim=4|fold=1|reps=1|ent=full,0.42658359999768436,0.7802197802197802,0.71875,0.6764705882352942,0.696969696969697,0.9282765737874098
2026,4,4,1,1,full,100.0,364,91,seed=2026|dim=4|fold=1|reps=1|ent=full,0.42658359999768436,0.7692307692307693,0.7096774193548387,0.6470588235294118,0.676923076923077,0.9195046439628484
2026,4,4,1,2,linear,0.01,364,91,seed=2026|dim=4|fold=1|reps=2|ent=linear,0.5490114999993239,0.6263736263736264,0.0,0.0,0.0,0.8426212590299277
2026,4,4,1,2,linear,0.1,364,91,seed=2026|dim=4|fold=1|reps=2|ent=linear,0.5490114999993239,0.6263736263736264,0.0,0.0,0.0,0.8415892672858617
2026,4,4,1,2,linear,1.0,364,91,seed=2026|dim=4|fold=1|reps=2|ent=linear,0.5490114999993239,0.7802197802197802,0.75,0.6176470588235294,0.6774193548387096,0.867389060887513
2026,4,4,1,2,linear,10.0,364,91,seed=2026|dim=4|fold=1|reps=2|ent=linear,0.5490114999993239,0.7362637362637363,0.6666666666666666,0.5882352941176471,0.625,0.7843137254901962
2026,4,4,1,2,linear,100.0,364,91,seed=2026|dim=4|fold=1|reps=2|ent=linear,0.5490114999993239,0.6923076923076923,0.5882352941176471,0.5882352941176471,0.5882352941176471,0.7512899896800825
2026,4,4,1,2,full,0.01,364,91,seed=2026|dim=4|fold=1|reps=2|ent=full,0.7964668999993592,0.6263736263736264,0.0,0.0,0.0,0.7662538699690403
2026,4,4,1,2,full,0.1,364,91,seed=2026|dim=4|fold=1|reps=2|ent=full,0.7964668999993592,0.6263736263736264,0.0,0.0,0.0,0.7657378740970072
2026,4,4,1,2,full,1.0,364,91,seed=2026|dim=4|fold=1|reps=2|ent=full,0.7964668999993592,0.7692307692307693,0.782608695652174,0.5294117647058824,0.631578947368421,0.7915376676986584
2026,4,4,1,2,full,10.0,364,91,seed=2026|dim=4|fold=1|reps=2|ent=full,0.7964668999993592,0.7582417582417582,0.7307692307692307,0.5588235294117647,0.6333333333333333,0.7631578947368423
2026,4,4,1,2,full,100.0,364,91,seed=2026|dim=4|fold=1|reps=2|ent=full,0.7964668999993592,0.7032967032967034,0.6296296296296297,0.5,0.5573770491803278,0.7708978328173376
2026,4,4,1,3,linear,0.01,364,91,seed=2026|dim=4|fold=1|reps=3|ent=linear,0.8172282000014093,0.6263736263736264,0.0,0.0,0.0,0.82765737874097
2026,4,4,1,3,linear,0.1,364,91,seed=2026|dim=4|fold=1|reps=3|ent=linear,0.8172282000014093,0.6263736263736264,0.0,0.0,0.0,0.82765737874097
2026,4,4,1,3,linear,1.0,364,91,seed=2026|dim=4|fold=1|reps=3|ent=linear,0.8172282000014093,0.8021978021978022,0.7857142857142857,0.6470588235294118,0.7096774193548387,0.8312693498452012
2026,4,4,1,3,linear,10.0,364,91,seed=2026|dim=4|fold=1|reps=3|ent=linear,0.8172282000014093,0.7032967032967034,0.6129032258064516,0.5588235294117647,0.5846153846153846,0.7734778121775026
2026,4,4,1,3,linear,100.0,364,91,seed=2026|dim=4|fold=1|reps=3|ent=linear,0.8172282000014093,0.7142857142857143,0.6111111111111112,0.6470588235294118,0.6285714285714286,0.7450980392156863
2026,4,4,1,3,full,0.01,364,91,seed=2026|dim=4|fold=1|reps=3|ent=full,1.148399400000926,0.6263736263736264,0.0,0.0,0.0,0.696078431372549
2026,4,4,1,3,full,0.1,364,91,seed=2026|dim=4|fold=1|reps=3|ent=full,1.148399400000926,0.6263736263736264,0.0,0.0,0.0,0.696078431372549
2026,4,4,1,3,full,1.0,364,91,seed=2026|dim=4|fold=1|reps=3|ent=full,1.148399400000926,0.6813186813186813,0.6190476190476191,0.38235294117647056,0.4727272727272727,0.7043343653250774
2026,4,4,1,3,full,10.0,364,91,seed=2026|dim=4|fold=1|reps=3|ent=full,1.148399400000926,0.6703296703296703,0.5588235294117647,0.5588235294117647,0.5588235294117647,0.6821465428276573
2026,4,4,1,3,full,100.0,364,91,seed=2026|dim=4|fold=1|reps=3|ent=full,1.148399400000926,0.6043956043956044,0.4722222222222222,0.5,0.4857142857142857,0.6429308565531476
2026,4,4,2,1,linear,0.01,364,91,seed=2026|dim=4|fold=2|reps=1|ent=linear,0.3124718999970355,0.6263736263736264,0.0,0.0,0.0,0.8710010319917441
2026,4,4,2,1,linear,0.1,364,91,seed=2026|dim=4|fold=2|reps=1|ent=linear,0.3124718999970355,0.6813186813186813,1.0,0.14705882352941177,0.2564102564102564,0.8710010319917441
2026,4,4,2,1,linear,1.0,364,91,seed=2026|dim=4|fold=2|reps=1|ent=linear,0.3124718999970355,0.8461538461538461,0.8846153846153846,0.6764705882352942,0.7666666666666667,0.869453044375645
2026,4,4,2,1,linear,10.0,364,91,seed=2026|dim=4|fold=2|reps=1|ent=linear,0.3124718999970355,0.8241758241758241,0.8461538461538461,0.6470588235294118,0.7333333333333333,0.8761609907120743
2026,4,4,2,1,linear,100.0,364,91,seed=2026|dim=4|fold=2|reps=1|ent=linear,0.3124718999970355,0.8241758241758241,0.875,0.6176470588235294,0.7241379310344828,0.8204334365325077
2026,4,4,2,1,full,0.01,364,91,seed=2026|dim=4|fold=2|reps=1|ent=full,0.43371050000132527,0.6263736263736264,0.0,0.0,0.0,0.9499484004127967
2026,4,4,2,1,full,0.1,364,91,seed=2026|dim=4|fold=2|reps=1|ent=full,0.43371050000132527,0.6813186813186813,1.0,0.14705882352941177,0.2564102564102564,0.9499484004127967
2026,4,4,2,1,full,1.0,364,91,seed=2026|dim=4|fold=2|reps=1|ent=full,0.43371050000132527,0.8791208791208791,0.8709677419354839,0.7941176470588235,0.8307692307692308,0.954592363261094
2026,4,4,2,1,full,10.0,364,91,seed=2026|dim=4|fold=2|reps=1|ent=full,0.43371050000132527,0.8901098901098901,0.8333333333333334,0.8823529411764706,0.8571428571428571,0.9509803921568627
2026,4,4,2,1,full,100.0,364,91,seed=2026|dim=4|fold=2|reps=1|ent=full,0.43371050000132527,0.8131868131868132,0.7297297297297297,0.7941176470588235,0.7605633802816901,0.9102167182662538
2026,4,4,2,2,linear,0.01,364,91,seed=2026|dim=4|fold=2|reps=2|ent=linear,0.5416428999960772,0.6263736263736264,0.0,0.0,0.0,0.8694530443756451
2026,4,4,2,2,linear,0.1,364,91,seed=2026|dim=4|fold=2|reps=2|ent=linear,0.5416428999960772,0.6263736263736264,0.0,0.0,0.0,0.8699690402476781
2026,4,4,2,2,linear,1.0,364,91,seed=2026|dim=4|fold=2|reps=2|ent=linear,0.5416428999960772,0.7912087912087912,0.7419354838709677,0.6764705882352942,0.7076923076923077,0.8570691434468525
2026,4,4,2,2,linear,10.0,364,91,seed=2026|dim=4|fold=2|reps=2|ent=linear,0.5416428999960772,0.7912087912087912,0.7272727272727273,0.7058823529411765,0.7164179104477612,0.8333333333333334
2026,4,4,2,2,linear,100.0,364,91,seed=2026|dim=4|fold=2|reps=2|ent=linear,0.5416428999960772,0.7472527472527473,0.6666666666666666,0.6470588235294118,0.6567164179104478,0.7796697626418988
2026,4,4,2,2,full,0.01,364,91,seed=2026|dim=4|fold=2|reps=2|ent=full,0.8007612000001245,0.6263736263736264,0.0,0.0,0.0,0.8648090815273478
2026,4,4,2,2,full,0.1,364,91,seed=2026|dim=4|fold=2|reps=2|ent=full,0.8007612000001245,0.6263736263736264,0.0,0.0,0.0,0.8658410732714139
2026,4,4,2,2,full,1.0,364,91,seed=2026|dim=4|fold=2|reps=2|ent=full,0.8007612000001245,0.7912087912087912,0.7142857142857143,0.7352941176470589,0.7246376811594203,0.8642930856553147
2026,4,4,2,2,full,10.0,364,91,seed=2026|dim=4|fold=2|reps=2|ent=full,0.8007612000001245,0.7582417582417582,0.6578947368421053,0.7352941176470589,0.6944444444444444,0.8111455108359132
2026,4,4,2,2,full,100.0,364,91,seed=2026|dim=4|fold=2|reps=2|ent=full,0.8007612000001245,0.7252747252747253,0.6216216216216216,0.6764705882352942,0.647887323943662,0.8028895768833849
2026,4,4,2,3,linear,0.01,364,91,seed=2026|dim=4|fold=2|reps=3|ent=linear,0.7874225000050501,0.6263736263736264,0.0,0.0,0.0,0.7874097007223942
2026,4,4,2,3,linear,0.1,364,91,seed=2026|dim=4|fold=2|reps=3|ent=linear,0.7874225000050501,0.6263736263736264,0.0,0.0,0.0,0.7899896800825593
2026,4,4,2,3,linear,1.0,364,91,seed=2026|dim=4|fold=2|reps=3|ent=linear,0.7874225000050501,0.6923076923076923,0.6,0.5294117647058824,0.5625,0.7982456140350878
2026,4,4,2,3,linear,10.0,364,91,seed=2026|dim=4|fold=2|reps=3|ent=linear,0.7874225000050501,0.7362637362637363,0.631578947368421,0.7058823529411765,0.6666666666666666,0.8101135190918474
2026,4,4,2,3,linear,100.0,364,91,seed=2026|dim=4|fold=2|reps=3|ent=linear,0.7874225000050501,0.7692307692307693,0.6666666666666666,0.7647058823529411,0.7123287671232876,0.8245614035087719
2026,4,4,2,3,full,0.01,364,91,seed=2026|dim=4|fold=2|reps=3|ent=full,1.1597126999986358,0.6263736263736264,0.0,0.0,0.0,0.7100103199174407
2026,4,4,2,3,full,0.1,364,91,seed=2026|dim=4|fold=2|reps=3|ent=full,1.1597126999986358,0.6263736263736264,0.0,0.0,0.0,0.7089783281733746
2026,4,4,2,3,full,1.0,364,91,seed=2026|dim=4|fold=2|reps=3|ent=full,1.1597126999986358,0.6483516483516484,0.55,0.3235294117647059,0.4074074074074074,0.7218782249742003
2026,4,4,2,3,full,10.0,364,91,seed=2026|dim=4|fold=2|reps=3|ent=full,1.1597126999986358,0.6813186813186813,0.5714285714285714,0.5882352941176471,0.5797101449275363,0.7425180598555211
2026,4,4,2,3,full,100.0,364,91,seed=2026|dim=4|fold=2|reps=3|ent=full,1.1597126999986358,0.6923076923076923,0.5882352941176471,0.5882352941176471,0.5882352941176471,0.7430340557275542
2026,4,4,3,1,linear,0.01,364,91,seed=2026|dim=4|fold=3|reps=1|ent=linear,0.30958000000100583,0.6263736263736264,0.0,0.0,0.0,0.8962848297213621
2026,4,4,3,1,linear,0.1,364,91,seed=2026|dim=4|fold=3|reps=1|ent=linear,0.30958000000100583,0.6593406593406593,1.0,0.08823529411764706,0.16216216216216217,0.8952528379772962
2026,4,4,3,1,linear,1.0,364,91,seed=2026|dim=4|fold=3|reps=1|ent=linear,0.30958000000100583,0.8241758241758241,0.8214285714285714,0.6764705882352942,0.7419354838709677,0.872549019607843
2026,4,4,3,1,linear,10.0,364,91,seed=2026|dim=4|fold=3|reps=1|ent=linear,0.30958000000100583,0.8351648351648352,0.8275862068965517,0.7058823529411765,0.7619047619047619,0.8503611971104231
2026,4,4,3,1,linear,100.0,364,91,seed=2026|dim=4|fold=3|reps=1|ent=linear,0.30958000000100583,0.8131868131868132,0.7741935483870968,0.7058823529411765,0.7384615384615385,0.8596491228070176
2026,4,4,3,1,full,0.01,364,91,seed=2026|dim=4|fold=3|reps=1|ent=full,0.42877230000158306,0.6263736263736264,0.0,0.0,0.0,0.9638802889576883
2026,4,4,3,1,full,0.1,364,91,seed=2026|dim=4|fold=3|reps=1|ent=full,0.42877230000158306,0.7362637362637363,1.0,0.29411764705882354,0.45454545454545453,0.9649122807017544
2026,4,4,3,1,full,1.0,364,91,seed=2026|dim=4|fold=3|reps=1|ent=full,0.42877230000158306,0.9340659340659341,0.9666666666666667,0.8529411764705882,0.90625,0.9726522187822497
2026,4,4,3,1,full,10.0,364,91,seed=2026|dim=4|fold=3|reps=1|ent=full,0.42877230000158306,0.8901098901098901,0.9,0.7941176470588235,0.84375,0.9489164086687306
2026,4,4,3,1,full,100.0,364,91,seed=2026|dim=4|fold=3|reps=1|ent=full,0.42877230000158306,0.9010989010989011,0.8787878787878788,0.8529411764705882,0.8656716417910447,0.9649122807017544
2026,4,4,3,2,linear,0.01,364,91,seed=2026|dim=4|fold=3|reps=2|ent=linear,0.5467544999992242,0.6263736263736264,0.0,0.0,0.0,0.8833849329205367
2026,4,4,3,2,linear,0.1,364,91,seed=2026|dim=4|fold=3|reps=2|ent=linear,0.5467544999992242,0.6263736263736264,0.0,0.0,0.0,0.8833849329205367
2026,4,4,3,2,linear,1.0,364,91,seed=2026|dim=4|fold=3|reps=2|ent=linear,0.5467544999992242,0.7692307692307693,0.782608695652174,0.5294117647058824,0.631578947368421,0.8720330237358102
2026,4,4,3,2,linear,10.0,364,91,seed=2026|dim=4|fold=3|reps=2|ent=linear,0.5467544999992242,0.7912087912087912,0.7777777777777778,0.6176470588235294,0.6885245901639344,0.8374613003095975
2026,4,4,3,2,linear,100.0,364,91,seed=2026|dim=4|fold=3|reps=2|ent=linear,0.5467544999992242,0.7692307692307693,0.7096774193548387,0.6470588235294118,0.676923076923077,0.8214654282765739
2026,4,4,3,2,full,0.01,364,91,seed=2026|dim=4|fold=3|reps=2|ent=full,0.8160544000056689,0.6263736263736264,0.0,0.0,0.0,0.8173374613003095
2026,4,4,3,2,full,0.1,364,91,seed=2026|dim=4|fold=3|reps=2|ent=full,0.8160544000056689,0.6263736263736264,0.0,0.0,0.0,0.8178534571723426
2026,4,4,3,2,full,1.0,364,91,seed=2026|dim=4|fold=3|reps=2|ent=full,0.8160544000056689,0.7802197802197802,0.75,0.6176470588235294,0.6774193548387096,0.8364293085655315
2026,4,4,3,2,full,10.0,364,91,seed=2026|dim=4|fold=3|reps=2|ent=full,0.8160544000056689,0.7692307692307693,0.7241379310344828,0.6176470588235294,0.6666666666666666,0.7905056759545924
2026,4,4,3,2,full,100.0,364,91,seed=2026|dim=4|fold=3|reps=2|ent=full,0.8160544000056689,0.7362637362637363,0.6666666666666666,0.5882352941176471,0.625,0.7987616099071208
2026,4,4,3,3,linear,0.01,364,91,seed=2026|dim=4|fold=3|reps=3|ent=linear,0.7740321999954176,0.6263736263736264,0.0,0.0,0.0,0.9076367389060886
2026,4,4,3,3,linear,0.1,364,91,seed=2026|dim=4|fold=3|reps=3|ent=linear,0.7740321999954176,0.6263736263736264,0.0,0.0,0.0,0.9081527347781218
2026,4,4,3,3,linear,1.0,364,91,seed=2026|dim=4|fold=3|reps=3|ent=linear,0.7740321999954176,0.8681318681318682,0.8928571428571429,0.7352941176470589,0.8064516129032258,0.9246646026831784
2026,4,4,3,3,linear,10.0,364,91,seed=2026|dim=4|fold=3|reps=3|ent=linear,0.7740321999954176,0.8021978021978022,0.7105263157894737,0.7941176470588235,0.75,0.8782249742002064
2026,4,4,3,3,linear,100.0,364,91,seed=2026|dim=4|fold=3|reps=3|ent=linear,0.7740321999954176,0.7362637362637363,0.6388888888888888,0.6764705882352942,0.6571428571428571,0.8147574819401445
2026,4,4,3,3,full,0.01,364,91,seed=2026|dim=4|fold=3|reps=3|ent=full,1.2005910000007134,0.6263736263736264,0.0,0.0,0.0,0.7574819401444789
2026,4,4,3,3,full,0.1,364,91,seed=2026|dim=4|fold=3|reps=3|ent=full,1.2005910000007134,0.6263736263736264,0.0,0.0,0.0,0.7533539731682146
2026,4,4,3,3,full,1.0,364,91,seed=2026|dim=4|fold=3|reps=3|ent=full,1.2005910000007134,0.7362637362637363,0.7272727272727273,0.47058823529411764,0.5714285714285714,0.7549019607843138
2026,4,4,3,3,full,10.0,364,91,seed=2026|dim=4|fold=3|reps=3|ent=full,1.2005910000007134,0.6483516483516484,0.53125,0.5,0.5151515151515151,0.6971104231166151
2026,4,4,3,3,full,100.0,364,91,seed=2026|dim=4|fold=3|reps=3|ent=full,1.2005910000007134,0.6153846153846154,0.4864864864864865,0.5294117647058824,0.5070422535211268,0.6511867905056758
2026,4,4,4,1,linear,0.01,364,91,seed=2026|dim=4|fold=4|reps=1|ent=linear,0.3044012999962433,0.6263736263736264,0.0,0.0,0.0,0.9200206398348814
2026,4,4,4,1,linear,0.1,364,91,seed=2026|dim=4|fold=4|reps=1|ent=linear,0.3044012999962433,0.6813186813186813,1.0,0.14705882352941177,0.2564102564102564,0.9200206398348814
2026,4,4,4,1,linear,1.0,364,91,seed=2026|dim=4|fold=4|reps=1|ent=linear,0.3044012999962433,0.8571428571428571,0.8181818181818182,0.7941176470588235,0.8059701492537313,0.93343653250774
2026,4,4,4,1,linear,10.0,364,91,seed=2026|dim=4|fold=4|reps=1|ent=linear,0.3044012999962433,0.8351648351648352,0.7878787878787878,0.7647058823529411,0.7761194029850746,0.9066047471620228
2026,4,4,4,1,linear,100.0,364,91,seed=2026|dim=4|fold=4|reps=1|ent=linear,0.3044012999962433,0.8021978021978022,0.7105263157894737,0.7941176470588235,0.75,0.84984520123839
2026,4,4,4,1,full,0.01,364,91,seed=2026|dim=4|fold=4|reps=1|ent=full,0.4523492000007536,0.6263736263736264,0.0,0.0,0.0,0.9607843137254902
2026,4,4,4,1,full,0.1,364,91,seed=2026|dim=4|fold=4|reps=1|ent=full,0.4523492000007536,0.7252747252747253,0.9090909090909091,0.29411764705882354,0.4444444444444444,0.9613003095975232
2026,4,4,4,1,full,1.0,364,91,seed=2026|dim=4|fold=4|reps=1|ent=full,0.4523492000007536,0.9120879120879121,0.8611111111111112,0.9117647058823529,0.8857142857142857,0.9659442724458205
2026,4,4,4,1,full,10.0,364,91,seed=2026|dim=4|fold=4|reps=1|ent=full,0.4523492000007536,0.8461538461538461,0.7777777777777778,0.8235294117647058,0.8,0.9298245614035088
2026,4,4,4,1,full,100.0,364,91,seed=2026|dim=4|fold=4|reps=1|ent=full,0.4523492000007536,0.8021978021978022,0.7105263157894737,0.7941176470588235,0.75,0.9045407636738907
2026,4,4,4,2,linear,0.01,364,91,seed=2026|dim=4|fold=4|reps=2|ent=linear,0.5496944000042276,0.6263736263736264,0.0,0.0,0.0,0.8570691434468524
2026,4,4,4,2,linear,0.1,364,91,seed=2026|dim=4|fold=4|reps=2|ent=linear,0.5496944000042276,0.6263736263736264,0.0,0.0,0.0,0.8570691434468524
2026,4,4,4,2,linear,1.0,364,91,seed=2026|dim=4|fold=4|reps=2|ent=linear,0.5496944000042276,0.7802197802197802,0.7333333333333333,0.6470588235294118,0.6875,0.8710010319917442
2026,4,4,4,2,linear,10.0,364,91,seed=2026|dim=4|fold=4|reps=2|ent=linear,0.5496944000042276,0.8021978021978022,0.75,0.7058823529411765,0.7272727272727273,0.8833849329205367
2026,4,4,4,2,linear,100.0,364,91,seed=2026|dim=4|fold=4|reps=2|ent=linear,0.5496944000042276,0.7802197802197802,0.6944444444444444,0.7352941176470589,0.7142857142857143,0.80546955624355
2026,4,4,4,2,full,0.01,364,91,seed=2026|dim=4|fold=4|reps=2|ent=full,0.8188826000041445,0.6263736263736264,0.0,0.0,0.0,0.8524251805985552
2026,4,4,4,2,full,0.1,364,91,seed=2026|dim=4|fold=4|reps=2|ent=full,0.8188826000041445,0.6263736263736264,0.0,0.0,0.0,0.8503611971104231
2026,4,4,4,2,full,1.0,364,91,seed=2026|dim=4|fold=4|reps=2|ent=full,0.8188826000041445,0.7802197802197802,0.6944444444444444,0.7352941176470589,0.7142857142857143,0.8297213622291022
2026,4,4,4,2,full,10.0,364,91,seed=2026|dim=4|fold=4|reps=2|ent=full,0.8188826000041445,0.7362637362637363,0.625,0.7352941176470589,0.6756756756756757,0.7977296181630547
2026,4,4,4,2,full,100.0,364,91,seed=2026|dim=4|fold=4|reps=2|ent=full,0.8188826000041445,0.7362637362637363,0.631578947368421,0.7058823529411765,0.6666666666666666,0.8106295149638802
2026,4,4,4,3,linear,0.01,364,91,seed=2026|dim=4|fold=4|reps=3|ent=linear,0.7925973999954294,0.6263736263736264,0.0,0.0,0.0,0.740454076367389
2026,4,4,4,3,linear,0.1,364,91,seed=2026|dim=4|fold=4|reps=3|ent=linear,0.7925973999954294,0.6263736263736264,0.0,0.0,0.0,0.7425180598555211
2026,4,4,4,3,linear,1.0,364,91,seed=2026|dim=4|fold=4|reps=3|ent=linear,0.7925973999954294,0.7032967032967034,0.6129032258064516,0.5588235294117647,0.5846153846153846,0.738390092879257
2026,4,4,4,3,linear,10.0,364,91,seed=2026|dim=4|fold=4|reps=3|ent=linear,0.7925973999954294,0.7032967032967034,0.5897435897435898,0.6764705882352942,0.6301369863013698,0.7203302373581012
2026,4,4,4,3,linear,100.0,364,91,seed=2026|dim=4|fold=4|reps=3|ent=linear,0.7925973999954294,0.7032967032967034,0.5897435897435898,0.6764705882352942,0.6301369863013698,0.738390092879257
2026,4,4,4,3,full,0.01,364,91,seed=2026|dim=4|fold=4|reps=3|ent=full,1.1647919000024558,0.6263736263736264,0.0,0.0,0.0,0.7229102167182663
2026,4,4,4,3,full,0.1,364,91,seed=2026|dim=4|fold=4|reps=3|ent=full,1.1647919000024558,0.6263736263736264,0.0,0.0,0.0,0.7218782249742003
2026,4,4,4,3,full,1.0,364,91,seed=2026|dim=4|fold=4|reps=3|ent=full,1.1647919000024558,0.7142857142857143,0.7222222222222222,0.38235294117647056,0.5,0.7316821465428277
2026,4,4,4,3,full,10.0,364,91,seed=2026|dim=4|fold=4|reps=3|ent=full,1.1647919000024558,0.6483516483516484,0.5277777777777778,0.5588235294117647,0.5428571428571428,0.630030959752322
2026,4,4,4,3,full,100.0,364,91,seed=2026|dim=4|fold=4|reps=3|ent=full,1.1647919000024558,0.5934065934065934,0.45714285714285713,0.47058823529411764,0.463768115942029,0.6171310629514964
2026,4,4,5,1,linear,0.01,364,91,seed=2026|dim=4|fold=5|reps=1|ent=linear,0.3006716000018059,0.6263736263736264,0.0,0.0,0.0,0.9215686274509803
2026,4,4,5,1,linear,0.1,364,91,seed=2026|dim=4|fold=5|reps=1|ent=linear,0.3006716000018059,0.6813186813186813,1.0,0.14705882352941177,0.2564102564102564,0.9215686274509803
2026,4,4,5,1,linear,1.0,364,91,seed=2026|dim=4|fold=5|reps=1|ent=linear,0.3006716000018059,0.8571428571428571,0.9565217391304348,0.6470588235294118,0.7719298245614035,0.912280701754386
2026,4,4,5,1,linear,10.0,364,91,seed=2026|dim=4|fold=5|reps=1|ent=linear,0.3006716000018059,0.8461538461538461,0.9166666666666666,0.6470588235294118,0.7586206896551724,0.8962848297213621
2026,4,4,5,1,linear,100.0,364,91,seed=2026|dim=4|fold=5|reps=1|ent=linear,0.3006716000018059,0.8351648351648352,0.9130434782608695,0.6176470588235294,0.7368421052631579,0.8477812177502579
2026,4,4,5,1,full,0.01,364,91,seed=2026|dim=4|fold=5|reps=1|ent=full,0.4282067000021925,0.6263736263736264,0.0,0.0,0.0,0.9613003095975232
2026,4,4,5,1,full,0.1,364,91,seed=2026|dim=4|fold=5|reps=1|ent=full,0.4282067000021925,0.6923076923076923,1.0,0.17647058823529413,0.3,0.9602683178534572
2026,4,4,5,1,full,1.0,364,91,seed=2026|dim=4|fold=5|reps=1|ent=full,0.4282067000021925,0.9230769230769231,0.9354838709677419,0.8529411764705882,0.8923076923076924,0.9628482972136223
2026,4,4,5,1,full,10.0,364,91,seed=2026|dim=4|fold=5|reps=1|ent=full,0.4282067000021925,0.9230769230769231,1.0,0.7941176470588235,0.8852459016393442,0.9607843137254902
2026,4,4,5,1,full,100.0,364,91,seed=2026|dim=4|fold=5|reps=1|ent=full,0.4282067000021925,0.9120879120879121,0.9642857142857143,0.7941176470588235,0.8709677419354839,0.9607843137254902
2026,4,4,5,2,linear,0.01,364,91,seed=2026|dim=4|fold=5|reps=2|ent=linear,0.5542717999996967,0.6263736263736264,0.0,0.0,0.0,0.845717234262126
2026,4,4,5,2,linear,0.1,364,91,seed=2026|dim=4|fold=5|reps=2|ent=linear,0.5542717999996967,0.6263736263736264,0.0,0.0,0.0,0.8436532507739938
2026,4,4,5,2,linear,1.0,364,91,seed=2026|dim=4|fold=5|reps=2|ent=linear,0.5542717999996967,0.7252747252747253,0.7142857142857143,0.4411764705882353,0.5454545454545454,0.8452012383900929
2026,4,4,5,2,linear,10.0,364,91,seed=2026|dim=4|fold=5|reps=2|ent=linear,0.5542717999996967,0.7472527472527473,0.7391304347826086,0.5,0.5964912280701754,0.8529411764705883
2026,4,4,5,2,linear,100.0,364,91,seed=2026|dim=4|fold=5|reps=2|ent=linear,0.5542717999996967,0.7582417582417582,0.7142857142857143,0.5882352941176471,0.6451612903225806,0.7961816305469556
2026,4,4,5,2,full,0.01,364,91,seed=2026|dim=4|fold=5|reps=2|ent=full,0.8001423000023351,0.6263736263736264,0.0,0.0,0.0,0.845717234262126
2026,4,4,5,2,full,0.1,364,91,seed=2026|dim=4|fold=5|reps=2|ent=full,0.8001423000023351,0.6263736263736264,0.0,0.0,0.0,0.8441692466460269
2026,4,4,5,2,full,1.0,364,91,seed=2026|dim=4|fold=5|reps=2|ent=full,0.8001423000023351,0.7692307692307693,0.76,0.5588235294117647,0.6440677966101694,0.848297213622291
2026,4,4,5,2,full,10.0,364,91,seed=2026|dim=4|fold=5|reps=2|ent=full,0.8001423000023351,0.7362637362637363,0.65625,0.6176470588235294,0.6363636363636364,0.7724458204334366
2026,4,4,5,2,full,100.0,364,91,seed=2026|dim=4|fold=5|reps=2|ent=full,0.8001423000023351,0.7142857142857143,0.6333333333333333,0.5588235294117647,0.59375,0.7574819401444789
2026,4,4,5,3,linear,0.01,364,91,seed=2026|dim=4|fold=5|reps=3|ent=linear,0.7825462999971933,0.6263736263736264,0.0,0.0,0.0,0.7915376676986583
2026,4,4,5,3,linear,0.1,364,91,seed=2026|dim=4|fold=5|reps=3|ent=linear,0.7825462999971933,0.6263736263736264,0.0,0.0,0.0,0.7905056759545923
2026,4,4,5,3,linear,1.0,364,91,seed=2026|dim=4|fold=5|reps=3|ent=linear,0.7825462999971933,0.7362637362637363,0.7083333333333334,0.5,0.5862068965517241,0.780701754385965
2026,4,4,5,3,linear,10.0,364,91,seed=2026|dim=4|fold=5|reps=3|ent=linear,0.7825462999971933,0.7362637362637363,0.6785714285714286,0.5588235294117647,0.6129032258064516,0.6934984520123839
2026,4,4,5,3,linear,100.0,364,91,seed=2026|dim=4|fold=5|reps=3|ent=linear,0.7825462999971933,0.7362637362637363,0.6785714285714286,0.5588235294117647,0.6129032258064516,0.6934984520123839
2026,4,4,5,3,full,0.01,364,91,seed=2026|dim=4|fold=5|reps=3|ent=full,1.16752589999669,0.6263736263736264,0.0,0.0,0.0,0.6924664602683179
2026,4,4,5,3,full,0.1,364,91,seed=2026|dim=4|fold=5|reps=3|ent=full,1.16752589999669,0.6263736263736264,0.0,0.0,0.0,0.6950464396284831
2026,4,4,5,3,full,1.0,364,91,seed=2026|dim=4|fold=5|reps=3|ent=full,1.16752589999669,0.6923076923076923,0.7142857142857143,0.29411764705882354,0.4166666666666667,0.6883384932920538
2026,4,4,5,3,full,10.0,364,91,seed=2026|dim=4|fold=5|reps=3|ent=full,1.16752589999669,0.5824175824175825,0.4230769230769231,0.3235294117647059,0.36666666666666664,0.6011351909184727
2026,4,4,5,3,full,100.0,364,91,seed=2026|dim=4|fold=5|reps=3|ent=full,1.16752589999669,0.5934065934065934,0.4482758620689655,0.38235294117647056,0.4126984126984127,0.5970072239422085
